物品名称,文件类型,稀有度,等级,价格,物理攻击,魔法攻击,装备类型,武器类型,可用职业,技能增强,基础说明,文件路径
测试·星辰之光,equipment,0,1,0,80,80,aurora avatar,,all,否,,装备测试文件夹\test_aura_001.equ
测试·拔刀斩专精剑,equipment,5,50,250000,680,620,weapon,sword,"swordman, demonic swordman",是,[拔刀斩]攻击力 +50%% | [拔刀斩]冷却时间 -30%% | [拔刀斩]MP消耗量 -25%% | [拔刀斩]施法速度 +20%% | 攻击速度 +10%%,装备测试文件夹\test_batou_sword_001.equ
测试·守护者战甲,equipment,3,40,85000,0,0,coat,,all,否,,装备测试文件夹\test_coat_001.equ
测试·神圣之光十字架,equipment,4,45,135000,380,620,weapon,blunt weapon,priest,是,[圣光球]攻击力 +30%% | [圣光球]冷却时间 -20%% | [圣光球]MP消耗量 -15%% | [圣光球]施法速度 +25%% | 魔法攻击力 +8%% |  | <神圣守护特效> | 攻击时有概率触发神圣光束、缓慢、诅咒效果 | 暴击时释放光明爆炸，对所有敌人造成伤害 | 使用技能时为队友回复HP | 危机时刻自动获得防御和MP回复 |  | <随机神迹> | 每10秒为队友提供全元素抗性 | 随机释放神圣审判攻击所有敌人 | 升级时获得技能等级提升 | 通关时获得经验加成 | BOSS战时队友获得魔法攻击力加成 |  | <套装效果：神圣守护套装> | 2件套：全元素抗性 +25 | 3件套：魔法攻击力 +150 | 4件套：施法速度 +20%% | 5件套：全技能等级 +2 |  | <特殊属性> | 对不死族伤害 +30%% | 对恶魔伤害 +25%% | 对BOSS伤害 +15%%,装备测试文件夹\test_cross_001.equ
测试·龙鳞项链,equipment,5,48,180000,25,28,necklace,,all,否,,装备测试文件夹\test_necklace_001.equ
测试·奥术师长袍,equipment,4,43,95000,0,42,coat,,"mage, creator mage",否,,装备测试文件夹\test_robe_001.equ
测试·烈焰之剑,equipment,4,45,125000,520,480,weapon,sword,"swordman, demonic swordman",是,[拔刀斩]攻击力 +25%% | [拔刀斩]冷却时间 -15%% | [拔刀斩]MP消耗量 -10%%,装备测试文件夹\test_sword_001.equ
测试·雷鸣念气图腾,equipment,4,48,145000,580,520,weapon,blunt weapon,priest,是,[念气波]攻击力 +35%% | [念气波]冷却时间 -25%% | [念气波]MP消耗量 -20%% | [狮子吼]攻击力 +40%% | [狮子吼]冷却时间 -30%% | 物理攻击力 +6%% |  | <雷鸣战神特效> | 攻击时有概率触发雷电链、眩晕、燃烧、冰冻效果 | 暴击时获得攻击速度加成 | 连击10次以上释放雷暴攻击所有敌人 | 击杀敌人时获得MP回复 |  | <战神之力> | 每8秒获得物理攻击力加成 | 随机释放雷击攻击所有敌人 | 进入房间时队友获得移动速度加成 | 雷雨天气时获得全元素攻击力加成 |  | <套装效果：雷鸣战神套装> | 2件套：物理攻击力 +120 | 3件套：攻击速度 +25%% | 4件套：物理暴击 +15%% | 5件套：全技能等级 +2 |  | <特殊属性> | 对野兽伤害 +35%% | 对机械伤害 +30%% | 对BOSS伤害 +20%%,装备测试文件夹\test_totem_001.equ
精 · 加持的禁锢之限手镯 : [湮灭黑洞],equipment,5,70,0,44,20,wrist,,all,是,[湮灭黑洞]范围 +3%%,DNF文件知识库\格式规范工具\test_brac_2choro994.equ
"""测试装备""",equipment,0,0,0,10,150,,,,否,,DNF文件知识库\格式规范工具\test_sample.equ
通用武器,equipment,2,45,85000,0,0,weapon,,"swordman, demonic swordman",是,一把通用的武器，适合各种战斗场合。,DNF文件知识库\格式规范工具\通用武器_标准格式.equ
希望之洗礼,equipment,0,1,0,60,60,aurora avatar,,all,否,最终伤害 +3%%,DNF文件知识库\参考资料\标准格式样板\武器\1\101590310.equ
无形法则,equipment,0,1,0,130,130,aurora avatar,,all,否,,DNF文件知识库\参考资料\标准格式样板\武器\1\101590560.equ
炼狱的火焰,equipment,0,1,0,0,0,aurora avatar,,all,否,,DNF文件知识库\参考资料\标准格式样板\武器\1\101590561.equ
神龙光环,equipment,0,1,0,150,150,aurora avatar,,all,否,最终伤害 +12%% | 技能攻击力 +10%%,DNF文件知识库\参考资料\标准格式样板\武器\1\202102142.equ
燃烧之火,equipment,0,1,0,150,150,aurora avatar,,all,否,,DNF文件知识库\参考资料\标准格式样板\武器\1\202204550.equ
大地雪花,equipment,0,1,0,150,150,aurora avatar,,all,否,,DNF文件知识库\参考资料\标准格式样板\武器\1\202204551.equ
精炼的光迹气息,equipment,0,1,0,0,0,aurora avatar,,all,否,,DNF文件知识库\参考资料\标准格式样板\武器\1\302392817.equ
暗之恶魔 : 艾森光环属性待定,equipment,0,1,0,80,80,aurora avatar,,all,否,最终伤害 +5%%,DNF文件知识库\参考资料\标准格式样板\武器\1\400590004.equ
湛蓝幻游之星,equipment,0,1,0,50,50,aurora avatar,,all,否,,DNF文件知识库\参考资料\标准格式样板\武器\1\401590001.equ
翠绿幻游之星,equipment,0,1,0,50,50,aurora avatar,,all,否,,DNF文件知识库\参考资料\标准格式样板\武器\1\401590002.equ
11周年纪念光环装扮,equipment,0,1,0,0,0,aurora avatar,,all,否,,DNF文件知识库\参考资料\标准格式样板\武器\1\401590003.equ
朱红之星河,equipment,0,1,0,30,30,aurora avatar,,all,否,,DNF文件知识库\参考资料\标准格式样板\武器\1\401590004.equ
湛蓝之星河,equipment,0,1,0,30,30,aurora avatar,,all,否,,DNF文件知识库\参考资料\标准格式样板\武器\1\401590005.equ
荧紫之星河,equipment,0,1,0,30,30,aurora avatar,,all,否,,DNF文件知识库\参考资料\标准格式样板\武器\1\401590006.equ
星恋双鱼 (心悦 3),equipment,0,1,0,100,100,aurora avatar,,all,否,最终伤害 +7%%,DNF文件知识库\参考资料\标准格式样板\武器\1\401590009.equ
皎玉之息,equipment,0,1,0,0,0,aurora avatar,,all,否,,DNF文件知识库\参考资料\标准格式样板\武器\1\401590013.equ
月满人间,equipment,0,1,0,60,60,aurora avatar,,all,否,最终伤害 +3%%,DNF文件知识库\参考资料\标准格式样板\武器\1\401590016.equ
卢克 : 光之光环,equipment,0,1,0,60,60,aurora avatar,,all,否,最终伤害 +3%%,DNF文件知识库\参考资料\标准格式样板\武器\1\401590017.equ
无敌之境,equipment,0,1,0,40,40,aurora avatar,,all,否,,DNF文件知识库\参考资料\标准格式样板\武器\1\401590018.equ
超神之境,equipment,0,1,0,40,40,aurora avatar,,all,否,,DNF文件知识库\参考资料\标准格式样板\武器\1\401590019.equ
安徒恩光环,equipment,0,1,0,60,60,aurora avatar,,all,否,最终伤害 +3%%,DNF文件知识库\参考资料\标准格式样板\武器\1\401590020.equ
独自甜蜜光环,equipment,0,1,0,60,60,aurora avatar,,all,否,最终伤害 +3%%,DNF文件知识库\参考资料\标准格式样板\武器\1\401590022.equ
卢克 : 暗之光环,equipment,0,1,0,60,60,aurora avatar,,all,否,最终伤害 +3%%,DNF文件知识库\参考资料\标准格式样板\武器\1\401590023.equ
光之恶魔 : 欧格里光环属性待定,equipment,0,1,0,80,80,aurora avatar,,all,否,最终伤害 +5%%,DNF文件知识库\参考资料\标准格式样板\武器\1\401590024.equ
黑色庇佑之形,equipment,0,1,0,100,100,aurora avatar,,all,否,最终伤害 +7%%,DNF文件知识库\参考资料\标准格式样板\武器\1\401590025.equ
次元隔离之形,equipment,0,1,0,100,100,aurora avatar,,all,否,最终伤害 +7%%,DNF文件知识库\参考资料\标准格式样板\武器\1\401590026.equ
伤害爆炸强无敌,equipment,0,1,0,60,60,aurora avatar,,all,否,最终伤害 +3%%,DNF文件知识库\参考资料\标准格式样板\武器\1\401590031.equ
萌粉雪花,equipment,0,1,0,20,20,aurora avatar,,all,否,,DNF文件知识库\参考资料\标准格式样板\武器\1\401590032.equ
晴蓝雪花,equipment,0,1,0,20,20,aurora avatar,,all,否,,DNF文件知识库\参考资料\标准格式样板\武器\1\401590033.equ
酷黑雪花,equipment,0,1,0,20,20,aurora avatar,,all,否,,DNF文件知识库\参考资料\标准格式样板\武器\1\401590034.equ
使徒之命运,equipment,0,1,0,40,40,aurora avatar,,all,否,,DNF文件知识库\参考资料\标准格式样板\武器\1\401590036.equ
使徒之权能,equipment,0,1,0,40,40,aurora avatar,,all,否,,DNF文件知识库\参考资料\标准格式样板\武器\1\401590037.equ
怀旧老唱片,equipment,0,1,0,60,60,aurora avatar,,all,否,最终伤害 +3%%,DNF文件知识库\参考资料\标准格式样板\武器\1\401590041.equ
北国之雷电,equipment,0,1,0,40,40,aurora avatar,,all,否,,DNF文件知识库\参考资料\标准格式样板\武器\1\401590042.equ
北国之雪暴,equipment,0,1,0,40,40,aurora avatar,,all,否,,DNF文件知识库\参考资料\标准格式样板\武器\1\401590043.equ
奥丁的启示,equipment,0,1,0,40,40,aurora avatar,,all,否,,DNF文件知识库\参考资料\标准格式样板\武器\1\401590044.equ
万剑归宗光环,equipment,0,1,0,130,130,aurora avatar,,all,否,最终伤害 +12%% |   |     穿戴后， 若要穿戴其他光环， 脱掉后需要小退一下才可以正常显示其他光环外观。,DNF文件知识库\参考资料\标准格式样板\武器\1\401590058.equ
智慧闪耀之光,equipment,0,1,0,60,60,aurora avatar,,all,否,最终伤害 +3%%,DNF文件知识库\参考资料\标准格式样板\武器\1\401590062.equ
星愿天蝎 (心悦 3),equipment,0,1,0,100,100,aurora avatar,,all,否,最终伤害 +7%%,DNF文件知识库\参考资料\标准格式样板\武器\1\401590065.equ
夜海海豚,equipment,0,1,0,150,150,aurora avatar,,all,否,,DNF文件知识库\参考资料\标准格式样板\武器\1\401590068.equ
无我之轮回光环,equipment,0,1,0,130,130,aurora avatar,,all,否,,DNF文件知识库\参考资料\标准格式样板\武器\1\401590069.equ
安徒恩的威严,equipment,0,1,0,40,40,aurora avatar,,all,否,,DNF文件知识库\参考资料\标准格式样板\武器\1\401590070.equ
卢克的祈盼,equipment,0,1,0,40,40,aurora avatar,,all,否,,DNF文件知识库\参考资料\标准格式样板\武器\1\401590071.equ
伊希斯的愤怒,equipment,0,1,0,40,40,aurora avatar,,all,否,,DNF文件知识库\参考资料\标准格式样板\武器\1\401590072.equ
希洛克的幻影,equipment,0,1,0,40,40,aurora avatar,,all,否,,DNF文件知识库\参考资料\标准格式样板\武器\1\401590073.equ
使徒的祝福,equipment,0,1,0,60,60,aurora avatar,,all,否,,DNF文件知识库\参考资料\标准格式样板\武器\1\401590074.equ
使徒的祝福[卢克],equipment,0,1,0,0,0,aurora avatar,,all,否,,DNF文件知识库\参考资料\标准格式样板\武器\1\401590075.equ
使徒的祝福[伊希斯],equipment,0,1,0,0,0,aurora avatar,,all,否,,DNF文件知识库\参考资料\标准格式样板\武器\1\401590076.equ
使徒的祝福[希洛克],equipment,0,1,0,0,0,aurora avatar,,all,否,,DNF文件知识库\参考资料\标准格式样板\武器\1\401590077.equ
玲珑聚光灯光环,equipment,0,1,0,50,50,aurora avatar,,all,否,,DNF文件知识库\参考资料\标准格式样板\武器\1\401590083.equ
灿烂的聚光灯光环,equipment,0,1,0,50,50,aurora avatar,,all,否,,DNF文件知识库\参考资料\标准格式样板\武器\1\401590084.equ
华丽的聚光灯光环,equipment,0,1,0,50,50,aurora avatar,,all,否,,DNF文件知识库\参考资料\标准格式样板\武器\1\401590085.equ
顺心招财猫,equipment,0,1,0,100,100,aurora avatar,,all,否,,DNF文件知识库\参考资料\标准格式样板\武器\1\401590086.equ
怨恨的记忆,equipment,0,1,0,50,50,aurora avatar,,all,否,,DNF文件知识库\参考资料\标准格式样板\武器\1\401590106.equ
席卷的暴风光环,equipment,0,1,0,50,50,aurora avatar,,all,否,,DNF文件知识库\参考资料\标准格式样板\武器\1\401590112.equ
呼啸的暴风光环,equipment,0,1,0,50,50,aurora avatar,,all,否,,DNF文件知识库\参考资料\标准格式样板\武器\1\401590113.equ
超级冰霜钻孔车,equipment,0,1,0,60,60,aurora avatar,,all,否,最终伤害 +3%%,DNF文件知识库\参考资料\标准格式样板\武器\1\406590000.equ
镜花水月,equipment,0,1,0,150,150,aurora avatar,,all,否,最终伤害 +12%% | 技能攻击力 +10%%,DNF文件知识库\参考资料\标准格式样板\武器\1\412590201.equ
抉择之义光环,equipment,0,1,0,100,100,aurora avatar,,all,否,所有职业Lv1 ~ 70 技能 Lv +1 （特性技能除外）,DNF文件知识库\参考资料\标准格式样板\武器\1\413590006.equ
普雷·伊希斯的绝望光环,equipment,0,1,0,100,100,aurora avatar,,all,否,所有职业Lv1 ~ 70 技能 Lv +1 （特性技能除外）,DNF文件知识库\参考资料\标准格式样板\武器\1\413590007.equ
普雷·伊希斯的希望光环,equipment,0,1,0,100,100,aurora avatar,,all,否,所有职业Lv1 ~ 70 技能 Lv +1 （特性技能除外）,DNF文件知识库\参考资料\标准格式样板\武器\1\413590008.equ
幽暗恐惧之相框,equipment,0,1,0,150,150,aurora avatar,,all,否,,DNF文件知识库\参考资料\标准格式样板\武器\1\415554154.equ
大魔法师的星象仪,equipment,0,1,0,150,150,aurora avatar,,all,否,,DNF文件知识库\参考资料\标准格式样板\武器\1\415554155.equ
勇气圣歌,equipment,0,1,0,150,150,aurora avatar,,all,否,最终伤害 +12%% | 技能攻击力 +10%%,DNF文件知识库\参考资料\标准格式样板\武器\1\415590000.equ
逆转之轮 · 米莉娅限定光环,equipment,0,1,0,150,150,aurora avatar,,all,否,最终伤害 +12%% | 技能攻击力 +10%% |   |     穿戴后， 若要穿戴其他光环， 脱掉后需要小退一下才可以正常显示其他光环外观。,DNF文件知识库\参考资料\标准格式样板\武器\1\415590004.equ
枪炮之绮华,equipment,0,1,0,60,60,aurora avatar,,all,否,最终伤害 +3%%,DNF文件知识库\参考资料\标准格式样板\武器\1\415590021.equ
,equipment,0,0,0,0,0,,,,否,,DNF文件知识库\参考资料\标准格式样板\武器\1\axionfootprint.equ
严师高徒光环,equipment,0,1,0,0,0,aurora avatar,,all,否,,DNF文件知识库\参考资料\标准格式样板\武器\1\chn_401590027.equ
魔界大战终结者,equipment,0,1,0,60,60,aurora avatar,,all,否,最终伤害 +3%% (在魔界大战副本中， 额外增加3%%最终伤害),DNF文件知识库\参考资料\标准格式样板\武器\1\chn_401590035.equ
紫炎之轮,equipment,0,1,0,150,150,aurora avatar,,all,否,最终伤害 +12%% | 技能攻击力 +10%% | Lv1 ~ Lv70级技能 +1,DNF文件知识库\参考资料\标准格式样板\武器\1\chn_401590089.equ
凯德拉赫的视线 (伤害),equipment,0,1,0,0,0,aurora avatar,,all,否,,DNF文件知识库\参考资料\标准格式样板\武器\1\chn_401590090.equ
凯德拉赫的视线 (暴伤),equipment,0,1,0,0,0,aurora avatar,,all,否,,DNF文件知识库\参考资料\标准格式样板\武器\1\chn_401590091.equ
凯德拉赫的视线 (攻击),equipment,0,1,0,0,0,aurora avatar,,all,否,,DNF文件知识库\参考资料\标准格式样板\武器\1\chn_401590092.equ
凯德拉赫的视线,equipment,0,1,0,60,60,aurora avatar,,all,否,最终伤害 +3%%,DNF文件知识库\参考资料\标准格式样板\武器\1\chn_401590093.equ
艾尼克斯的转生,equipment,0,1,0,60,60,aurora avatar,,all,否,最终伤害 +3%%,DNF文件知识库\参考资料\标准格式样板\武器\1\chn_401590094.equ
艾尼克斯的转生 (暴伤),equipment,0,1,0,0,0,aurora avatar,,all,否,,DNF文件知识库\参考资料\标准格式样板\武器\1\chn_401590095.equ
艾尼克斯的转生 (攻击),equipment,0,1,0,0,0,aurora avatar,,all,否,,DNF文件知识库\参考资料\标准格式样板\武器\1\chn_401590096.equ
艾尼克斯的转生 (Buff),equipment,0,1,0,0,0,aurora avatar,,all,否,,DNF文件知识库\参考资料\标准格式样板\武器\1\chn_401590097.equ
仗剑万里行,equipment,0,1,0,100,100,aurora avatar,,all,否,,DNF文件知识库\参考资料\标准格式样板\武器\1\chn_401590101.equ
皓日光辉,equipment,0,1,0,50,50,aurora avatar,,all,否,,DNF文件知识库\参考资料\标准格式样板\武器\1\chn_401590103.equ
明月光辉,equipment,0,1,0,50,50,aurora avatar,,all,否,,DNF文件知识库\参考资料\标准格式样板\武器\1\chn_401590104.equ
日月蚀影,equipment,0,1,0,100,100,aurora avatar,,all,否,,DNF文件知识库\参考资料\标准格式样板\武器\1\chn_401590105.equ
黑色大地的审判者,equipment,0,1,0,130,130,aurora avatar,,all,否,,DNF文件知识库\参考资料\标准格式样板\武器\1\chn_401590108.equ
无形 : 奔流之势,equipment,0,1,0,150,150,aurora avatar,,all,否,最终伤害 +12%% | 技能攻击力 +10%%,DNF文件知识库\参考资料\标准格式样板\武器\1\chn_401590114.equ
Hello语音光环,equipment,0,1,0,100,100,aurora avatar,,all,否,最终伤害 +7%%,DNF文件知识库\参考资料\标准格式样板\武器\1\chn_401590124.equ
古韵油纸伞,equipment,0,1,0,15,15,aurora avatar,,all,否,,DNF文件知识库\参考资料\标准格式样板\武器\1\chn_401590192.equ
次元幻迹,equipment,0,1,0,15,15,aurora avatar,,all,否,,DNF文件知识库\参考资料\标准格式样板\武器\1\chn_401590193.equ
燃武之心光环,equipment,0,1,0,0,0,aurora avatar,,all,否,,DNF文件知识库\参考资料\标准格式样板\武器\1\chn_equ_pvp_avatar_swordman_aura_101590044.equ
燃武之心光环,equipment,0,1,0,0,0,aurora avatar,,all,否,,DNF文件知识库\参考资料\标准格式样板\武器\1\chn_equ_pvp_avatar_swordman_aura_101590045.equ
燃武之心光环,equipment,0,1,0,0,0,aurora avatar,,all,否,,DNF文件知识库\参考资料\标准格式样板\武器\1\chn_equ_pvp_avatar_swordman_aura_101590046.equ
骑士精神之英勇,equipment,0,1,0,25,25,aurora avatar,,all,否,,DNF文件知识库\参考资料\标准格式样板\武器\1\chn_equ_special_avatar_swordman_aura_101590051.equ
骑士精神之公正,equipment,0,1,0,25,25,aurora avatar,,all,否,,DNF文件知识库\参考资料\标准格式样板\武器\1\chn_equ_special_avatar_swordman_aura_101590052.equ
骑士精神之忠诚,equipment,0,1,0,25,25,aurora avatar,,all,否,,DNF文件知识库\参考资料\标准格式样板\武器\1\chn_equ_special_avatar_swordman_aura_101590053.equ
普罗迦的亵渎之翼,equipment,0,1,0,25,25,aurora avatar,,all,否,,DNF文件知识库\参考资料\标准格式样板\武器\1\chn_equ_special_avatar_swordman_aura_101590055.equ
卡修斯的暗黑之翼,equipment,0,1,0,25,25,aurora avatar,,all,否,,DNF文件知识库\参考资料\标准格式样板\武器\1\chn_equ_special_avatar_swordman_aura_101590056.equ
腾龙光环 (心悦 3),equipment,0,1,0,100,100,aurora avatar,,all,否,最终伤害 +7%%,DNF文件知识库\参考资料\标准格式样板\武器\1\chn_equ_special_avatar_swordman_aura_101590059.equ
时间支配者 - 寂静,equipment,0,1,0,25,25,aurora avatar,,all,否,,DNF文件知识库\参考资料\标准格式样板\武器\1\chn_equ_special_avatar_swordman_aura_101590060.equ
时间支配者 - 思考,equipment,0,1,0,25,25,aurora avatar,,all,否,,DNF文件知识库\参考资料\标准格式样板\武器\1\chn_equ_special_avatar_swordman_aura_101590061.equ
神秘魔盒光环,equipment,0,1,0,60,60,aurora avatar,,all,否,最终伤害 +3%%,DNF文件知识库\参考资料\标准格式样板\武器\1\chn_equ_special_avatar_swordman_aura_101590067.equ
冷峻的海军指挥,equipment,0,1,0,20,20,aurora avatar,,all,否,,DNF文件知识库\参考资料\标准格式样板\武器\1\chn_equ_special_avatar_swordman_aura_101590068.equ
愤怒的海军指挥,equipment,0,1,0,25,25,aurora avatar,,all,否,,DNF文件知识库\参考资料\标准格式样板\武器\1\chn_equ_special_avatar_swordman_aura_101590069.equ
金辉璀璨左轮,equipment,0,1,0,25,25,aurora avatar,,all,否,,DNF文件知识库\参考资料\标准格式样板\武器\1\chn_equ_special_avatar_swordman_aura_101590075.equ
银光灿烂左轮,equipment,0,1,0,25,25,aurora avatar,,all,否,,DNF文件知识库\参考资料\标准格式样板\武器\1\chn_equ_special_avatar_swordman_aura_101590076.equ
星空射手 (心悦 3),equipment,0,1,0,100,100,aurora avatar,,all,否,最终伤害 +7%%,DNF文件知识库\参考资料\标准格式样板\武器\1\chn_equ_special_avatar_swordman_aura_101590081.equ
高级炉岩碳之赐,equipment,0,1,0,0,0,aurora avatar,,all,否,,DNF文件知识库\参考资料\标准格式样板\武器\1\chn_equ_special_avatar_swordman_aura_101590084.equ
战神之庇佑,equipment,0,1,0,25,25,aurora avatar,,all,否,,DNF文件知识库\参考资料\标准格式样板\武器\1\chn_equ_special_avatar_swordman_aura_101590093.equ
死神之威赫,equipment,0,1,0,25,25,aurora avatar,,all,否,,DNF文件知识库\参考资料\标准格式样板\武器\1\chn_equ_special_avatar_swordman_aura_101590094.equ
舞厅镜面球光环装扮,equipment,0,1,0,25,25,aurora avatar,,all,否,,DNF文件知识库\参考资料\标准格式样板\武器\1\chn_equ_special_avatar_swordman_aura_101590096.equ
光之仙灵祝福,equipment,0,1,0,40,40,aurora avatar,,all,否,,DNF文件知识库\参考资料\标准格式样板\武器\1\chn_equ_special_avatar_swordman_aura_101590098.equ
暗之仙灵祝福,equipment,0,1,0,40,40,aurora avatar,,all,否,,DNF文件知识库\参考资料\标准格式样板\武器\1\chn_equ_special_avatar_swordman_aura_101590099.equ
初音未来的浪漫相伴,equipment,0,1,0,60,60,aurora avatar,,all,否,最终伤害 +3%%,DNF文件知识库\参考资料\标准格式样板\武器\1\chn_equ_special_avatar_swordman_aura_101590100.equ
妖精的加护 [彩虹剑],equipment,0,1,0,40,40,aurora avatar,,all,否,,DNF文件知识库\参考资料\标准格式样板\武器\1\chn_equ_special_avatar_swordman_aura_101590107.equ
,equipment,0,0,0,0,0,,,,否,,DNF文件知识库\参考资料\标准格式样板\武器\1\chn_part_set_30102_pvp1st.equ
梦魇缚灵长袍,equipment,2,45,32900,0,23,coat,,all,是,,DNF文件知识库\参考资料\标准格式样板\武器\1\coat_felon_incubi.equ
(古老) 天蝉护魂长袍,equipment,3,35,36900,0,22,coat,,all,否,,DNF文件知识库\参考资料\标准格式样板\武器\1\coat_heavens.equ
羽灵长袍,equipment,2,40,29400,0,21,coat,,all,是,,DNF文件知识库\参考资料\标准格式样板\武器\1\coat_manaholicker.equ
纱绒衬衫,equipment,0,6,3000,0,8,coat,,all,否,,DNF文件知识库\参考资料\标准格式样板\武器\1\coat_mariacloth.equ
青龙渡海上衣,equipment,2,40,29400,0,21,coat,,all,是,,DNF文件知识库\参考资料\标准格式样板\武器\1\coat_raretaslan.equ
紫羽定魂长袍,equipment,2,40,29400,0,21,coat,,all,是,,DNF文件知识库\参考资料\标准格式样板\武器\1\coat_soulreturner.equ
锦鳞上衣,equipment,2,45,32900,0,23,coat,,all,是,,DNF文件知识库\参考资料\标准格式样板\武器\1\coat_tetra_attire.equ
(古老) 贤者的训练上衣,equipment,2,36,26600,0,19,coat,,all,是,,DNF文件知识库\参考资料\标准格式样板\武器\1\coat_tsage.equ
引魔长袍,equipment,2,30,22400,0,16,coat,,all,是,,DNF文件知识库\参考资料\标准格式样板\武器\1\coat_upperwizardry.equ
伽毕斯的皓月上衣,equipment,2,20,15400,0,12,coat,,all,是,,DNF文件知识库\参考资料\标准格式样板\武器\1\coat_vitalgabis.equ
梵风衣,equipment,3,15,15300,0,11,coat,,all,否,,DNF文件知识库\参考资料\标准格式样板\武器\1\coat_windy.equ
神官吉格的祭祀上衣,equipment,2,50,37800,0,26,coat,,all,否,,DNF文件知识库\参考资料\标准格式样板\武器\1\coat_zeig_garb.equ
(古老) 紫炎隐月长袍,equipment,3,25,27900,0,17,coat,,all,否,被攻击时， 有10%%的几率附加50点火属性伤害。,DNF文件知识库\参考资料\标准格式样板\武器\1\dress_eflame.equ
魔力精灵的意志,equipment,2,1,0,0,27,title name,,all,否,,DNF文件知识库\参考资料\标准格式样板\武器\1\empirehero_blue_cn.equ
生命之神的荣耀,equipment,2,1,0,27,0,title name,,all,否,,DNF文件知识库\参考资料\标准格式样板\武器\1\empirehero_red_cn.equ
冒险者上衣,equipment,0,4,2400,0,0,coat,,all,否,,DNF文件知识库\参考资料\标准格式样板\武器\1\garb_adventure.equ
韩服15周年光环 (限定),equipment,0,1,0,50,50,aurora avatar,,all,否,,DNF文件知识库\参考资料\标准格式样板\武器\1\hanfu15.equ
天蝉护魂长袍,equipment,3,50,50400,0,29,coat,,all,否,,DNF文件知识库\参考资料\标准格式样板\武器\1\n_coat_heavens.equ
贤者的训练上衣,equipment,2,30,22400,0,16,coat,,all,是,,DNF文件知识库\参考资料\标准格式样板\武器\1\n_coat_tsage.equ
紫炎隐月长袍,equipment,3,30,30600,0,19,coat,,all,否,被攻击时， 有10%%的几率附加50点火属性伤害。,DNF文件知识库\参考资料\标准格式样板\武器\1\n_dress_eflame.equ
精灵祝福长袍,equipment,2,35,25900,0,18,coat,,all,否,,DNF文件知识库\参考资料\标准格式样板\武器\1\n_robe_bfairy.equ
炎麻长袍,equipment,2,20,15400,0,12,coat,,all,否,,DNF文件知识库\参考资料\标准格式样板\武器\1\n_robe_cfiber.equ
雕翎长袍,equipment,3,20,21600,0,14,coat,,all,是,,DNF文件知识库\参考资料\标准格式样板\武器\1\n_robe_graphite.equ
赫顿玛尔贵族长袍,equipment,2,25,18900,0,14,coat,,all,否,,DNF文件知识库\参考资料\标准格式样板\武器\1\n_robe_nhendon.equ
薄纱长袍,equipment,1,50,31200,0,24,coat,,all,否,,DNF文件知识库\参考资料\标准格式样板\武器\1\n_robe_skyarn.equ
破旧的薄纱长袍,equipment,0,50,20800,0,0,coat,,all,否,,DNF文件知识库\参考资料\标准格式样板\武器\1\n_robe_uskyarn.equ
破旧的羊绒长袍,equipment,0,30,12000,0,0,coat,,all,否,,DNF文件知识库\参考资料\标准格式样板\武器\1\n_robe_uwool.equ
羊绒长袍,equipment,1,30,18000,0,14,coat,,all,否,,DNF文件知识库\参考资料\标准格式样板\武器\1\n_robe_wool.equ
古老的天鹅绒衬衫,equipment,0,55,22800,0,0,coat,,all,否,,DNF文件知识库\参考资料\标准格式样板\武器\1\n_sht_oldvelvet.equ
破旧的绢丝衬衫,equipment,0,35,14000,0,0,coat,,all,否,,DNF文件知识库\参考资料\标准格式样板\武器\1\n_sht_sbskyarn.equ
绢丝衬衫,equipment,1,35,21000,0,16,coat,,all,否,,DNF文件知识库\参考资料\标准格式样板\武器\1\n_sht_skyarn.equ
天鹅绒衬衫,equipment,1,55,34200,0,26,coat,,all,否,,DNF文件知识库\参考资料\标准格式样板\武器\1\n_sht_velvet.equ
冰凌长袍,equipment,2,30,22400,0,16,coat,,all,否,被攻击时， 有5%%的几率使敌人进入冰冻状态。,DNF文件知识库\参考资料\标准格式样板\武器\1\n_tunic_iseal.equ
破旧的绫罗衬衫,equipment,0,45,18000,0,0,coat,,all,否,,DNF文件知识库\参考资料\标准格式样板\武器\1\n_tunic_oskyarn.equ
旧式丝绸背心,equipment,0,25,10000,0,0,coat,,all,否,,DNF文件知识库\参考资料\标准格式样板\武器\1\n_tunic_owool.equ
绫罗衬衫,equipment,1,45,27000,0,21,coat,,all,否,,DNF文件知识库\参考资料\标准格式样板\武器\1\n_tunic_skyarn.equ
丝绸背心,equipment,1,25,15000,0,12,coat,,all,否,,DNF文件知识库\参考资料\标准格式样板\武器\1\n_tunic_wool.equ
幻影落凰长袍,equipment,3,40,39600,0,23,coat,,all,是,被攻击时， 有10%%的几率使敌人进入混乱状态。,DNF文件知识库\参考资料\标准格式样板\武器\1\n_tuxedo_phantom.equ
古老的丝绒背心,equipment,0,40,16000,0,0,coat,,all,否,,DNF文件知识库\参考资料\标准格式样板\武器\1\n_vest_oskyarn.equ
古老的羊毛背心,equipment,0,20,8000,0,0,coat,,all,否,,DNF文件知识库\参考资料\标准格式样板\武器\1\n_vest_owool.equ
悲鸣草背心,equipment,2,25,18900,0,14,coat,,all,否,被攻击时， 有10%%的几率在被攻击的地方种下悲鸣草。,DNF文件知识库\参考资料\标准格式样板\武器\1\n_vest_sglass.equ
丝绒背心,equipment,1,40,24000,0,18,coat,,all,否,,DNF文件知识库\参考资料\标准格式样板\武器\1\n_vest_skyarn.equ
牛头怪鬃毛背心,equipment,2,35,25900,0,18,coat,,all,否,被攻击时， 有5%%的几率召唤出1只牛头护卫。,DNF文件知识库\参考资料\标准格式样板\武器\1\n_vest_taumane.equ
羊毛背心,equipment,1,20,12000,0,9,coat,,all,否,,DNF文件知识库\参考资料\标准格式样板\武器\1\n_vest_wool.equ
,equipment,0,0,0,0,0,,,,否,,DNF文件知识库\参考资料\标准格式样板\武器\1\prey1.equ
,equipment,0,0,0,0,0,,,,否,,DNF文件知识库\参考资料\标准格式样板\武器\1\prey2.equ
初级魔法师长袍,equipment,2,10,8400,0,7,coat,,all,是,,DNF文件知识库\参考资料\标准格式样板\武器\1\robe_beginmage.equ
(古老) 精灵祝福长袍,equipment,2,39,28700,0,20,coat,,all,否,,DNF文件知识库\参考资料\标准格式样板\武器\1\robe_bfairy.equ
(古老) 炎麻长袍,equipment,2,21,16100,0,12,coat,,all,否,,DNF文件知识库\参考资料\标准格式样板\武器\1\robe_cfiber.equ
棉布长袍,equipment,1,14,8400,0,7,coat,,all,否,,DNF文件知识库\参考资料\标准格式样板\武器\1\robe_cloth.equ
七星长袍,equipment,2,40,29400,0,21,coat,,all,是,,DNF文件知识库\参考资料\标准格式样板\武器\1\robe_cometsilk.equ
(古老) 雕翎长袍,equipment,3,25,25200,0,16,coat,,all,是,,DNF文件知识库\参考资料\标准格式样板\武器\1\robe_graphite.equ
精纺的棉布长袍,equipment,1,16,9600,0,8,coat,,all,否,,DNF文件知识库\参考资料\标准格式样板\武器\1\robe_hcloth.equ
荣誉者长袍,equipment,2,18,14000,0,11,coat,,all,否,,DNF文件知识库\参考资料\标准格式样板\武器\1\robe_hman.equ
(古老) 精纺的薄纱长袍,equipment,1,39,23400,0,18,coat,,all,否,,DNF文件知识库\参考资料\标准格式样板\武器\1\robe_hskyarn.equ
(古老) 精纺的羊绒长袍,equipment,1,28,16800,0,13,coat,,all,否,,DNF文件知识库\参考资料\标准格式样板\武器\1\robe_hwool.equ
瞑想者长袍,equipment,2,45,32900,0,23,coat,,all,是,,DNF文件知识库\参考资料\标准格式样板\武器\1\robe_muregalia.equ
(古老) 赫顿玛尔贵族长袍,equipment,2,27,20300,0,15,coat,,all,否,,DNF文件知识库\参考资料\标准格式样板\武器\1\robe_nhendon.equ
寂魂祈日长袍,equipment,2,50,37800,0,26,coat,,all,是,,DNF文件知识库\参考资料\标准格式样板\武器\1\robe_silent_freyja.equ
(古老) 薄纱长袍,equipment,1,38,22800,0,17,coat,,all,否,,DNF文件知识库\参考资料\标准格式样板\武器\1\robe_skyarn.equ
星纹长袍,equipment,2,45,32900,0,23,coat,,all,是,,DNF文件知识库\参考资料\标准格式样板\武器\1\robe_star_platina.equ
破旧的棉布长袍,equipment,0,14,5600,0,0,coat,,all,否,,DNF文件知识库\参考资料\标准格式样板\武器\1\robe_ucloth.equ
(古老) 破旧的薄纱长袍,equipment,0,38,15200,0,0,coat,,all,否,,DNF文件知识库\参考资料\标准格式样板\武器\1\robe_uskyarn.equ
(古老) 破旧的羊绒长袍,equipment,0,26,10400,0,0,coat,,all,否,,DNF文件知识库\参考资料\标准格式样板\武器\1\robe_uwool.equ
(古老) 羊绒长袍,equipment,1,26,15600,0,12,coat,,all,否,,DNF文件知识库\参考资料\标准格式样板\武器\1\robe_wool.equ
棉布衬衫,equipment,1,5,3000,0,3,coat,,all,否,,DNF文件知识库\参考资料\标准格式样板\武器\1\sht_cloth.equ
蚕丝衬衫,equipment,2,8,7000,0,6,coat,,all,否,,DNF文件知识库\参考资料\标准格式样板\武器\1\sht_dbcloth.equ
格朗布林的蚕丝夹克,equipment,2,10,8400,0,7,coat,,all,否,,DNF文件知识库\参考资料\标准格式样板\武器\1\sht_gramblin.equ
(古老) 古老的天鹅绒衬衫,equipment,0,41,16400,0,0,coat,,all,否,,DNF文件知识库\参考资料\标准格式样板\武器\1\sht_oldvelvet.equ
粗布衬衫,equipment,0,1,400,0,0,coat,,all,否,,DNF文件知识库\参考资料\标准格式样板\武器\1\sht_ragcloth.equ
破旧的棉布衬衫,equipment,0,5,2000,0,0,coat,,all,否,,DNF文件知识库\参考资料\标准格式样板\武器\1\sht_sbcloth.equ
(古老) 破旧的绢丝衬衫,equipment,0,29,11600,0,0,coat,,all,否,,DNF文件知识库\参考资料\标准格式样板\武器\1\sht_sbskyarn.equ
破旧的羊毛衬衫,equipment,0,17,6800,0,0,coat,,all,否,,DNF文件知识库\参考资料\标准格式样板\武器\1\sht_sbwool.equ
(古老) 绢丝衬衫,equipment,1,29,17400,0,13,coat,,all,否,,DNF文件知识库\参考资料\标准格式样板\武器\1\sht_skyarn.equ
残破的粗布衬衫,equipment,0,3,1200,0,0,coat,,all,否,,DNF文件知识库\参考资料\标准格式样板\武器\1\sht_tatcloth.equ
精纺的棉布衬衫,equipment,1,7,4200,0,3,coat,,all,否,,DNF文件知识库\参考资料\标准格式样板\武器\1\sht_tcloth.equ
(古老) 精纺的绢丝衬衫,equipment,1,31,18600,0,14,coat,,all,否,,DNF文件知识库\参考资料\标准格式样板\武器\1\sht_tskyarn.equ
精纺的羊毛衬衫,equipment,1,19,11400,0,9,coat,,all,否,,DNF文件知识库\参考资料\标准格式样板\武器\1\sht_twool.equ
(古老) 天鹅绒衬衫,equipment,1,41,24600,0,19,coat,,all,否,,DNF文件知识库\参考资料\标准格式样板\武器\1\sht_velvet.equ
羊毛衬衫,equipment,1,17,10200,0,8,coat,,all,否,,DNF文件知识库\参考资料\标准格式样板\武器\1\sht_wool.equ
亚麻上衣,equipment,1,11,6600,0,5,coat,,all,否,,DNF文件知识库\参考资料\标准格式样板\武器\1\tunic_cloth.equ
(古老) 冰凌长袍,equipment,2,30,22400,0,16,coat,,all,否,被攻击时， 有5%%的几率使敌人进入冰冻状态。,DNF文件知识库\参考资料\标准格式样板\武器\1\tunic_iseal.equ
精纺的亚麻上衣,equipment,1,13,7800,0,6,coat,,all,否,,DNF文件知识库\参考资料\标准格式样板\武器\1\tunic_ncloth.equ
(古老) 精纺的绫罗衬衫,equipment,1,37,22200,0,17,coat,,all,否,,DNF文件知识库\参考资料\标准格式样板\武器\1\tunic_nskyarn.equ
(古老) 精纺的丝绸背心,equipment,1,25,15000,0,12,coat,,all,否,,DNF文件知识库\参考资料\标准格式样板\武器\1\tunic_nwool.equ
破旧的亚麻上衣,equipment,0,11,4400,0,0,coat,,all,否,,DNF文件知识库\参考资料\标准格式样板\武器\1\tunic_ocloth.equ
(古老) 破旧的绫罗衬衫,equipment,0,35,14000,0,0,coat,,all,否,,DNF文件知识库\参考资料\标准格式样板\武器\1\tunic_oskyarn.equ
(古老) 旧式丝绸背心,equipment,0,23,9200,0,0,coat,,all,否,,DNF文件知识库\参考资料\标准格式样板\武器\1\tunic_owool.equ
(古老) 绫罗衬衫,equipment,1,35,21000,0,16,coat,,all,否,,DNF文件知识库\参考资料\标准格式样板\武器\1\tunic_skyarn.equ
(古老) 丝绸背心,equipment,1,23,13800,0,11,coat,,all,否,,DNF文件知识库\参考资料\标准格式样板\武器\1\tunic_wool.equ
(古老) 幻影落凰长袍,equipment,3,30,32400,0,20,coat,,all,是,被攻击时， 有10%%的几率使敌人进入混乱状态。,DNF文件知识库\参考资料\标准格式样板\武器\1\tuxedo_phantom.equ
防弹背心,equipment,2,14,11200,0,9,coat,,all,否,对远程攻击的物理防御力 +30,DNF文件知识库\参考资料\标准格式样板\武器\1\vest_bulletproof.equ
棉布背心,equipment,1,8,4800,0,4,coat,,all,否,,DNF文件知识库\参考资料\标准格式样板\武器\1\vest_cloth.equ
破旧的棉布背心,equipment,0,8,3200,0,0,coat,,all,否,,DNF文件知识库\参考资料\标准格式样板\武器\1\vest_ocloth.equ
(古老) 古老的丝绒背心,equipment,0,32,12800,0,0,coat,,all,否,,DNF文件知识库\参考资料\标准格式样板\武器\1\vest_oskyarn.equ
(古老) 古老的羊毛背心,equipment,0,20,8000,0,0,coat,,all,否,,DNF文件知识库\参考资料\标准格式样板\武器\1\vest_owool.equ
(古老) 悲鸣草背心,equipment,2,24,18200,0,13,coat,,all,否,被攻击时， 有10%%的几率在被攻击的地方种下悲鸣草。,DNF文件知识库\参考资料\标准格式样板\武器\1\vest_sglass.equ
(古老) 丝绒背心,equipment,1,32,19200,0,15,coat,,all,否,,DNF文件知识库\参考资料\标准格式样板\武器\1\vest_skyarn.equ
(古老) 牛头怪鬃毛背心,equipment,2,33,24500,0,17,coat,,all,否,被攻击时， 有5%%的几率召唤出1只牛头护卫。,DNF文件知识库\参考资料\标准格式样板\武器\1\vest_taumane.equ
厚绒棉布背心,equipment,1,10,6000,0,5,coat,,all,否,,DNF文件知识库\参考资料\标准格式样板\武器\1\vest_thcloth.equ
(古老) 厚绒丝绒背心,equipment,1,34,20400,0,16,coat,,all,否,,DNF文件知识库\参考资料\标准格式样板\武器\1\vest_thskyarn.equ
(古老) 厚绒羊毛背心,equipment,1,22,13200,0,10,coat,,all,否,,DNF文件知识库\参考资料\标准格式样板\武器\1\vest_thwool.equ
(古老) 羊毛背心,equipment,1,20,12000,0,9,coat,,all,否,,DNF文件知识库\参考资料\标准格式样板\武器\1\vest_wool.equ
戾波之尖啸,equipment,2,25,250000,43,43,weapon,,"swordman, demonic swordman",是,攻击时， 有2%%的几率使敌人进入感电状态。,DNF文件知识库\参考资料\标准格式样板\PVF文件样板\装备文件样板\武器_戾波之尖啸.equ
加持的苍穹之啸断刃胸甲 : [崩山击],equipment,4,0,0,25,25,jacket,,"swordman, demonic swordman",是,,DNF文件知识库\参考资料\标准格式样板\PVF文件样板\装备文件样板\防具_苍穹之啸断刃胸甲.equ
精 · 加持的秘技之境戒指 : [猛龙断空斩],equipment,4,70,0,25,25,ring,,"swordman, demonic swordman",否,,DNF文件知识库\参考资料\标准格式样板\PVF文件样板\装备文件样板\饰品_秘技之境戒指.equ
[巨龙]融合之念气光剑,equipment,3,80,151200,55,0,weapon,,"swordman, creator mage",是,在[月轮山]地区和真 · 远古地下城中可以发动特殊效果。 |     攻击时， 有5%%的几率向敌人发动闪电攻击。 |     被闪电命中的敌人会进入感电状态。 |     攻击感电状态的敌人时， 附加10%%的伤害。,DNF文件知识库\参考资料\标准格式样板\equipment\character\swordman\weapon\beamsword\100330575.equ
古代遗迹的光剑[活动],equipment,3,65,124200,66,0,weapon,,"swordman, creator mage",是,破极兵刃上升武器攻击力增加20%%  | 不可交换， 不可合成， 不可解体， 可强化,DNF文件知识库\参考资料\标准格式样板\equipment\character\swordman\weapon\beamsword\101040001.equ
古代遗迹的光剑[出借活动],equipment,3,65,124200,66,0,weapon,,"swordman, creator mage",是,破极兵刃上升 武器攻击力增加20%%  | 不可强化、增幅、提炼、解体、送礼、仓库储存 | 只能在异界地下城使用。,DNF文件知识库\参考资料\标准格式样板\equipment\character\swordman\weapon\beamsword\101040002.equ
天痕秘印光剑,equipment,3,70,133200,49,0,weapon,,"swordman, creator mage",是,[两仪功]技能Lv +1,DNF文件知识库\参考资料\标准格式样板\equipment\character\swordman\weapon\beamsword\101040018.equ
冰龙之愤怒,equipment,4,70,0,50,0,weapon,,"swordman, creator mage",是,[回天璇鸣剑]技能Lv +2 |   | [猛龙断空斩]斩击数上限 +1 | [瞬影斩]攻击力 +25%% | [回天璇鸣剑]多段攻击力 +100%% | [回天璇鸣剑]爆炸范围 +50%% |     攻击时， 有3%%的几率使敌人进入冰冻状态。 (在决斗场中无效) |     施放[猛龙断空斩]、 [瞬影斩]时， 有10%%的几率使敌人进入冰冻状态。 (在决斗场中无效),DNF文件知识库\参考资料\标准格式样板\equipment\character\swordman\weapon\beamsword\101040019.equ
卡露亚的教导 - 匿迹[活动],equipment,3,40,79200,31,0,weapon,,"swordman, creator mage",是,攻击速度 +1%% |     无法进行合成和分解。,DNF文件知识库\参考资料\标准格式样板\equipment\character\swordman\weapon\beamsword\101040021.equ
双龙魔影剑[活动],equipment,3,50,100800,41,0,weapon,,"swordman, creator mage",否,攻击时， 有2%%的几率使敌人进入诅咒状态。 |     无法进行合成和分解。,DNF文件知识库\参考资料\标准格式样板\equipment\character\swordman\weapon\beamsword\101040022.equ
复仇之剑 - 夺魂者[活动],equipment,3,55,109800,43,0,weapon,,"swordman, creator mage",否,破招攻击力 +20%% |     破招时， 有20%%的几率出现雷光爆炸。 |     无法进行合成和分解。,DNF文件知识库\参考资料\标准格式样板\equipment\character\swordman\weapon\beamsword\101040025.equ
沙蟒之剑,equipment,0,80,72000,0,0,weapon,,"swordman, creator mage",否,,DNF文件知识库\参考资料\标准格式样板\equipment\character\swordman\weapon\beamsword\101040029.equ
血蟒之剑,equipment,1,80,96000,48,0,weapon,,"swordman, creator mage",否,,DNF文件知识库\参考资料\标准格式样板\equipment\character\swordman\weapon\beamsword\101040030.equ
冰陨光剑,equipment,2,80,131200,51,0,weapon,,"swordman, creator mage",否,,DNF文件知识库\参考资料\标准格式样板\equipment\character\swordman\weapon\beamsword\101040031.equ
灼魂之剑,equipment,3,80,0,55,0,weapon,,"swordman, creator mage",否,装备后， 力量增加100点， 智力减少80点。 |     ↑↓+[宠物技能指令] : 可以使自身进入灼伤状态， 并对周围敌人造成伤害， 效果持续10秒。,DNF文件知识库\参考资料\标准格式样板\equipment\character\swordman\weapon\beamsword\101040035.equ
狂暴光剑,equipment,2,15,27200,12,0,weapon,,"swordman, creator mage",否,,DNF文件知识库\参考资料\标准格式样板\equipment\character\swordman\weapon\beamsword\101040036.equ
无尽之逐神弑光剑,equipment,3,1,124200,8,0,weapon,,"swordman, creator mage",否,攻击时敌人 4%% 附加伤害 | 成长的活动给予无限制武器（根据角色的等级最多可成长至67等级） | 不可交换， 不可合成， 不可解体,DNF文件知识库\参考资料\标准格式样板\equipment\character\swordman\weapon\beamsword\101040041.equ
镇魂之封灵光剑,equipment,4,85,0,101,0,weapon,,"swordman, creator mage",是,攻击速度 +1.5%% |   |     攻击时， 附加16%%的伤害。,DNF文件知识库\参考资料\标准格式样板\equipment\character\swordman\weapon\beamsword\101040045.equ
释魂之真灵光剑,equipment,4,85,0,129,0,weapon,,"swordman, creator mage",是,攻击速度 +3%% |   |     攻击时， 附加23%%的伤害。,DNF文件知识库\参考资料\标准格式样板\equipment\character\swordman\weapon\beamsword\101040046.equ
歃血之怨,equipment,4,75,162000,58,0,weapon,,"swordman, creator mage",否,攻击时， 有20%%的几率使敌人进入出血状态。 |     攻击出血状态的敌人时， 附加40%%的伤害。 |     攻击出血状态的敌人时， 可以使自身进入祝福状态。 |     攻击出血状态的敌人时， 可以使自身进入加速状态。,DNF文件知识库\参考资料\标准格式样板\equipment\character\swordman\weapon\beamsword\101040144.equ
雷剑 - 苦轮,equipment,4,85,182000,72,0,weapon,,"swordman, creator mage",否,攻击时， 附加10%%的光属性伤害。 |   |     ↑↓+[宠物技能键]输入时， 发动雷电效果， 效果持续60秒。 (消耗2个白色小晶块； 最多重叠1次),DNF文件知识库\参考资料\标准格式样板\equipment\character\swordman\weapon\beamsword\101040146.equ
巴鲁姆克之剑,equipment,4,85,182000,72,0,weapon,,"swordman, creator mage",是,[五气朝元]技能Lv +2 |   |     技能快捷栏上每空出一个位置， 增加5%%的伤害。,DNF文件知识库\参考资料\标准格式样板\equipment\character\swordman\weapon\beamsword\101040148.equ
破旧的逆光长剑,equipment,0,75,67500,0,0,weapon,,"swordman, creator mage",否,,DNF文件知识库\参考资料\标准格式样板\equipment\character\swordman\weapon\beamsword\101040172.equ
逆光长剑,equipment,1,75,90000,45,0,weapon,,"swordman, creator mage",否,,DNF文件知识库\参考资料\标准格式样板\equipment\character\swordman\weapon\beamsword\101040173.equ
巴塔路西斯的爆炎剑,equipment,3,35,70200,28,0,weapon,,"swordman, creator mage",否,攻击时， 有2%%的几率使敌人进入灼伤状态。 |     攻击灼伤状态的敌人时， 附加10%%的伤害。,DNF文件知识库\参考资料\标准格式样板\equipment\character\swordman\weapon\beamsword\101040175.equ
精 · 汲空幻境光剑,equipment,5,70,116800,47,0,weapon,,"swordman, creator mage",否,,DNF文件知识库\参考资料\标准格式样板\equipment\character\swordman\weapon\beamsword\101040252.equ
精 · 剑影焚伤光剑,equipment,5,70,116800,47,0,weapon,,"swordman, creator mage",否,,DNF文件知识库\参考资料\标准格式样板\equipment\character\swordman\weapon\beamsword\101040253.equ
精 · 逆剑流觞光剑,equipment,5,70,116800,47,0,weapon,,"swordman, creator mage",否,,DNF文件知识库\参考资料\标准格式样板\equipment\character\swordman\weapon\beamsword\101040254.equ
御剑凌云光剑,equipment,5,70,116800,47,0,weapon,,"swordman, creator mage",否,,DNF文件知识库\参考资料\标准格式样板\equipment\character\swordman\weapon\beamsword\101040255.equ
剑之神域光剑,equipment,5,70,116800,47,0,weapon,,"swordman, creator mage",否,,DNF文件知识库\参考资料\标准格式样板\equipment\character\swordman\weapon\beamsword\101040256.equ
灵剑天流光剑,equipment,5,70,116800,47,0,weapon,,"swordman, creator mage",否,,DNF文件知识库\参考资料\标准格式样板\equipment\character\swordman\weapon\beamsword\101040257.equ
褪色的爆炎光剑,equipment,0,85,76500,0,0,weapon,,"swordman, creator mage",否,,DNF文件知识库\参考资料\标准格式样板\equipment\character\swordman\weapon\beamsword\101040259.equ
爆裂光剑,equipment,1,85,102000,51,0,weapon,,"swordman, creator mage",否,,DNF文件知识库\参考资料\标准格式样板\equipment\character\swordman\weapon\beamsword\101040260.equ
密制爆裂光剑,equipment,2,85,139200,54,0,weapon,,"swordman, creator mage",是,[花舞千魂杀]技能Lv +2 | [游龙掌]技能Lv +2,DNF文件知识库\参考资料\标准格式样板\equipment\character\swordman\weapon\beamsword\101040261.equ
荒古遗尘光剑,equipment,4,85,182000,65,0,weapon,,"swordman, creator mage",是,技能攻击力 +35%% |   |     [↑↓+宠物技能]输入时， 可释放“第七使徒 : 火焰吞噬者安徒恩”的魔能。 |     释放结束时， 对敌人造成强烈的魔能爆炸伤害。,DNF文件知识库\参考资料\标准格式样板\equipment\character\swordman\weapon\beamsword\101040332.equ
炽光之剑,equipment,4,85,162000,62,0,weapon,,"swordman, creator mage",是,攻击时， 有5%%的几率向敌人发动闪电攻击。 |     被闪电命中的敌人会进入感电状态。 |     攻击感电状态的敌人时， 附加10%%的伤害。,DNF文件知识库\参考资料\标准格式样板\equipment\character\swordman\weapon\beamsword\101040405.equ
邪影污灵剑,equipment,4,85,162000,62,0,weapon,,"swordman, creator mage",是,攻击速度 +5%% |   |     每10秒使自身减少1%%的HP和MP。 |   |     背击攻击时， 有20%%的几率使敌人进入石化、 束缚、 混乱、 冰冻中的任意一种异常状态。 |   |     攻击异常状态下的敌人时， 附加15%%的伤害。,DNF文件知识库\参考资料\标准格式样板\equipment\character\swordman\weapon\beamsword\101040406.equ
圣物 : 神秘的水魔碧之莹光剑,equipment,3,20,43200,19,0,weapon,,"swordman, creator mage",否,,DNF文件知识库\参考资料\标准格式样板\equipment\character\swordman\weapon\beamsword\101040425.equ
圣物 : 雪魂冰魄之卤素光剑,equipment,3,25,52200,22,0,weapon,,"swordman, creator mage",否,,DNF文件知识库\参考资料\标准格式样板\equipment\character\swordman\weapon\beamsword\101040426.equ
圣物 : 炽焰天使之骑兵光剑,equipment,3,30,61200,25,0,weapon,,"swordman, creator mage",否,,DNF文件知识库\参考资料\标准格式样板\equipment\character\swordman\weapon\beamsword\101040427.equ
圣物 : 幻象天使之光影剑,equipment,3,35,70200,28,0,weapon,,"swordman, creator mage",否,,DNF文件知识库\参考资料\标准格式样板\equipment\character\swordman\weapon\beamsword\101040428.equ
圣物 : 救赎天使之玄磁光剑,equipment,3,40,79200,31,0,weapon,,"swordman, creator mage",否,,DNF文件知识库\参考资料\标准格式样板\equipment\character\swordman\weapon\beamsword\101040429.equ
圣物 : 冥火精灵之寒光剑,equipment,3,45,88200,34,0,weapon,,"swordman, creator mage",否,,DNF文件知识库\参考资料\标准格式样板\equipment\character\swordman\weapon\beamsword\101040430.equ
圣物 : 玄冰精灵之朱诺星剑,equipment,3,50,97200,37,0,weapon,,"swordman, creator mage",否,,DNF文件知识库\参考资料\标准格式样板\equipment\character\swordman\weapon\beamsword\101040431.equ
圣物 : 极炎精灵之光影剑,equipment,3,55,106200,40,0,weapon,,"swordman, creator mage",否,,DNF文件知识库\参考资料\标准格式样板\equipment\character\swordman\weapon\beamsword\101040432.equ
圣物 : 守望天使的凝光剑,equipment,3,60,115200,43,0,weapon,,"swordman, creator mage",否,,DNF文件知识库\参考资料\标准格式样板\equipment\character\swordman\weapon\beamsword\101040433.equ
圣物 : 炎魔精灵的卡弗斯光剑,equipment,3,65,124200,46,0,weapon,,"swordman, creator mage",否,,DNF文件知识库\参考资料\标准格式样板\equipment\character\swordman\weapon\beamsword\101040434.equ
圣物 : 暮冰精灵的追光剑,equipment,3,70,133200,49,0,weapon,,"swordman, creator mage",否,,DNF文件知识库\参考资料\标准格式样板\equipment\character\swordman\weapon\beamsword\101040435.equ
圣物 : 冥域魔神的逆光长剑,equipment,3,80,151200,55,0,weapon,,"swordman, creator mage",是,根据所携带的圣物道具数量， 将会产生如下效果。 | 力量 + 245 | 智力 + 245 | 体力 + 122 | 精神 + 122,DNF文件知识库\参考资料\标准格式样板\equipment\character\swordman\weapon\beamsword\101040436.equ
圣物 : 恶魔守卫的爆炎光剑,equipment,3,85,160200,58,0,weapon,,"swordman, creator mage",是,鬼剑士(男) Lv75 ~ 80全部 技能 Lv +1 (仅限主动技能， 副本内生效)  | 鬼剑士(女) Lv1 ~ 80全部 技能 Lv +1 (仅限主动技能)  |   | 根据所携带的圣物道具数量， 将会产生如下效果。  | 力量 + 273 | 智力 + 273 | 体力 + 138 | 精神 + 138,DNF文件知识库\参考资料\标准格式样板\equipment\character\swordman\weapon\beamsword\101040437.equ
泰拉 : 复苏之风光剑,equipment,4,90,0,65,0,weapon,,"swordman, creator mage",否,,DNF文件知识库\参考资料\标准格式样板\equipment\character\swordman\weapon\beamsword\101040483.equ
密制翱翔之光,equipment,2,90,147200,57,0,weapon,,"swordman, creator mage",是,[花舞千魂杀]技能Lv +2 | [回天璇鸣剑]技能Lv +2,DNF文件知识库\参考资料\标准格式样板\equipment\character\swordman\weapon\beamsword\101040486.equ
圣物 : 先祖的翱翔之光,equipment,3,90,169200,61,0,weapon,,"swordman, creator mage",是,鬼剑士(男) Lv75 ~ 85全部 技能 Lv +1 (仅限主动技能， 副本内生效)  | 鬼剑士(女) Lv1 ~ 85全部 技能 Lv +1 (仅限主动技能)  |   | 根据所携带的圣物道具数量， 将会产生如下效果。  | 力量 + 296 | 智力 + 296 | 体力 + 148 | 精神 + 148,DNF文件知识库\参考资料\标准格式样板\equipment\character\swordman\weapon\beamsword\101040489.equ
复苏之风光剑,equipment,3,90,0,61,0,weapon,,"swordman, creator mage",否,,DNF文件知识库\参考资料\标准格式样板\equipment\character\swordman\weapon\beamsword\101040491.equ
圣耀救赎光剑,equipment,4,90,192000,68,0,weapon,,"swordman, creator mage",是,技能攻击力 +40%% |   |     [↑↓+宠物技能]输入时， 可释放“第七使徒 : 火焰吞噬者安徒恩”的魔能。 |     释放20秒后， 对敌人造成强烈的魔能爆炸伤害。,DNF文件知识库\参考资料\标准格式样板\equipment\character\swordman\weapon\beamsword\101040493.equ
灼炎圣耀救赎光剑,equipment,4,90,18450,114,0,weapon,,"swordman, creator mage",是,物理、 魔法和独立攻击力 +55%% |   |     进入地下城中， 每47秒便可释放“第七使徒； 火焰吞噬者安徒恩”的魔能。 |     释放结束时， 最后还对敌人造成魔能爆炸伤害。,DNF文件知识库\参考资料\标准格式样板\equipment\character\swordman\weapon\beamsword\101040494.equ
苍穹幕落光剑,equipment,4,95,2000000,78,0,weapon,,"swordman, creator mage",是,技能攻击力 +45%% |   | 发动透彻之力 |   - 最终伤害 +30%% |   | 属性强化超过150时， 赋予自身对应的属性攻击。,DNF文件知识库\参考资料\标准格式样板\equipment\character\swordman\weapon\beamsword\101040526.equ
古老的威灵光剑,equipment,0,95,85500,0,0,weapon,,"swordman, creator mage",否,,DNF文件知识库\参考资料\标准格式样板\equipment\character\swordman\weapon\beamsword\101040527.equ
威灵光剑,equipment,1,95,114000,57,0,weapon,,"swordman, creator mage",否,,DNF文件知识库\参考资料\标准格式样板\equipment\character\swordman\weapon\beamsword\101040528.equ
密制威灵光剑,equipment,2,95,155200,60,0,weapon,,"swordman, creator mage",是,[啸空十字斩]技能Lv +1 | [如来神掌]技能Lv +1,DNF文件知识库\参考资料\标准格式样板\equipment\character\swordman\weapon\beamsword\101040529.equ
圣物 : 海洋女神的威灵光剑,equipment,3,95,178200,103,0,weapon,,"swordman, creator mage",是,鬼剑士(男) Lv75 ~ 85全部 技能 Lv +1 (仅限主动技能， 副本内生效)  | 鬼剑士(女) Lv1 ~ 85全部 技能 Lv +1 (仅限主动技能)  |   | 根据所携带的圣物道具数量， 将会产生如下效果。  | 力量 + 340 | 智力 + 340 | 体力 + 170 | 精神 + 170,DNF文件知识库\参考资料\标准格式样板\equipment\character\swordman\weapon\beamsword\101040530.equ
誓约之缚光剑,equipment,4,95,180000,68,0,weapon,,"swordman, creator mage",是,攻击时， 附加24%%的伤害。,DNF文件知识库\参考资料\标准格式样板\equipment\character\swordman\weapon\beamsword\101040531.equ
深渊之鳞光剑 : [破极兵刃],equipment,4,90,180000,68,0,weapon,,swordman,是,[破极兵刃]武器攻击力增加率 +12%%,DNF文件知识库\参考资料\标准格式样板\equipment\character\swordman\weapon\beamsword\101040543.equ
胜 · 深渊之鳞光剑 : [五气朝元],equipment,4,90,180000,68,0,weapon,,creator mage,是,[五气朝元]技能Lv +1 | [五气朝元]暴击伤害增加量 +2.8%%,DNF文件知识库\参考资料\标准格式样板\equipment\character\swordman\weapon\beamsword\101040544.equ
深渊之鳞光剑 : [五气朝元],equipment,4,90,180000,68,0,weapon,,creator mage,是,[五气朝元]技能Lv +1 | [五气朝元]暴击伤害增加量 +2%%,DNF文件知识库\参考资料\标准格式样板\equipment\character\swordman\weapon\beamsword\101040545.equ
胜 · 深渊之鳞光剑 : [破极兵刃],equipment,4,90,180000,68,0,weapon,,swordman,是,[破极兵刃]武器攻击力增加率 +18%%,DNF文件知识库\参考资料\标准格式样板\equipment\character\swordman\weapon\beamsword\101040551.equ
天道无为光剑,equipment,4,95,202000,71,0,weapon,,"swordman, creator mage",是,力量、 智力 +15%% | 体力、 精神 +15%% |   | 属性强化超过150时， 赋予自身对应的属性攻击。 | 攻击时， 附加30%%的伤害。 | 攻击时， 额外增加40%%的伤害增加量。,DNF文件知识库\参考资料\标准格式样板\equipment\character\swordman\weapon\beamsword\101040576.equ
夜语黑瞳光剑,equipment,4,95,202000,78,0,weapon,,"swordman, creator mage",是,技能攻击力 +50%% | 最终伤害 +35%% |   | 属性强化超过200时， 赋予自身对应的属性攻击。,DNF文件知识库\参考资料\标准格式样板\equipment\character\swordman\weapon\beamsword\201040526.equ
界 · 夜语黑瞳光剑,equipment,4,95,202000,78,0,weapon,,"swordman, creator mage",是,技能攻击力 +60%% | 最终伤害 +45%% |   | 属性强化超过250时， 赋予自身对应的属性攻击。,DNF文件知识库\参考资料\标准格式样板\equipment\character\swordman\weapon\beamsword\301040526.equ
"dnf血影冥光剑
【大佬定制】",equipment,4,95,1000000,250,0,weapon,,"swordman, creator mage",是,"所有技能攻击力+100%% |    攻击时,以 10%%的机率施展火焰龙息（冷却5秒） |    攻击时，使300px 范围内的敌人进入灼伤状态。 |    对灼伤状态下敌人的伤害增加80%% |    攻击时，有1%%几率使自身增加150点力量、智力、体力和精神，增加15%%攻击、施放和移动速度，效果持续30秒。（冷却30秒）",DNF文件知识库\参考资料\标准格式样板\equipment\character\swordman\weapon\beamsword\820162118.equ
"dnf蓝冰冥光剑
【大佬定制】",equipment,4,95,1000000,250,0,weapon,,"swordman, creator mage",是,"所有技能攻击力+100%% |    攻击时,以 10%%的机率施展冰霜攻击 |    攻击时，5%%几率使300px 范围内的敌人进入冰冻状态2秒（冷却6秒）。 |    攻击时，使300px 范围内的敌人进入减速状态。 |    对减速状态下敌人的伤害增加80%% |    攻击时，有1%%几率使自身增加150点力量、智力、体力和精神，增加15%%攻击、施放和移动速度，效果持续30秒。（冷却30秒）",DNF文件知识库\参考资料\标准格式样板\equipment\character\swordman\weapon\beamsword\820162119.equ
"dnf乘离剑.EA
【大佬定制】",equipment,4,95,1000000,250,0,weapon,,"swordman, creator mage",是,"所有技能攻击力+100%% |    攻击时,以 10%%对300px 范围内的敌人发动天照 |    攻击时，使300px 范围内的敌人进入诅咒状态。 |    对诅咒状态下敌人的伤害增加80%% |    攻击时，有1%%几率使自身增加150点力量、智力、体力和精神，增加15%%攻击、施放和移动速度，效果持续30秒。（冷却30秒）",DNF文件知识库\参考资料\标准格式样板\equipment\character\swordman\weapon\beamsword\820162120.equ
"dnfSA8型粒子剑
【大佬定制】",equipment,4,95,1000000,250,0,weapon,,"swordman, creator mage",是,"所有技能攻击力+100%% |    攻击时,以 10%%的机率施展冰霜攻击 |    攻击时，5%%几率使300px 范围内的敌人进入冰冻状态2秒（冷却6秒）。 |    攻击时，使300px 范围内的敌人进入减速状态。 |    对减速状态下敌人的伤害增加80%% |    攻击时，有1%%几率使自身增加150点力量、智力、体力和精神，增加15%%攻击、施放和移动速度，效果持续30秒。（冷却30秒）",DNF文件知识库\参考资料\标准格式样板\equipment\character\swordman\weapon\beamsword\820163195.equ
"dnf不灭雷神剑
【大佬定制】",equipment,4,95,1000000,250,0,weapon,,"swordman, creator mage",是,"所有技能攻击力+100%% |    攻击时,以 10%%几率朝前方3方向施展落雷 |    攻击时，使300px 范围内的敌人进入感电状态。 |    对感电状态下敌人的伤害增加80%% |    攻击时，有1%%几率使自身增加150点力量、智力、体力和精神，增加15%%攻击、施放和移动速度，效果持续30秒。（冷却30秒）",DNF文件知识库\参考资料\标准格式样板\equipment\character\swordman\weapon\beamsword\820163213.equ
"dnf乘离剑.EA-烈焰
【大佬定制】",equipment,4,95,1000000,250,0,weapon,,"swordman, creator mage",是,"所有技能攻击力+100%% |    攻击时,以 10%%的机率施展火焰龙息（冷却5秒） |    攻击时，使300px 范围内的敌人进入灼伤状态。 |    对灼伤状态下敌人的伤害增加80%% |    攻击时，有1%%几率使自身增加150点力量、智力、体力和精神，增加15%%攻击、施放和移动速度，效果持续30秒。（冷却30秒）",DNF文件知识库\参考资料\标准格式样板\equipment\character\swordman\weapon\beamsword\820163214.equ
"dnf暴怒之血光剑
【大佬定制】",equipment,4,95,1000000,250,0,weapon,,"swordman, creator mage",是,"所有技能攻击力+100%% |    攻击时,以 10%%的机率施展火焰龙息（冷却5秒） |    攻击时，使300px 范围内的敌人进入灼伤状态。 |    对灼伤状态下敌人的伤害增加80%% |    攻击时，有1%%几率使自身增加150点力量、智力、体力和精神，增加15%%攻击、施放和移动速度，效果持续30秒。（冷却30秒）",DNF文件知识库\参考资料\标准格式样板\equipment\character\swordman\weapon\beamsword\820163227.equ
赤光天机剑,equipment,5,60,0,46,0,weapon,,"swordman, creator mage",否,攻击时， 有2%%的几率使敌人进入感电状态， 并使自身增加物理暴击率。,DNF文件知识库\参考资料\标准格式样板\equipment\character\swordman\weapon\beamsword\beamswd_1000slash.equ
试炼之骑兵光剑,equipment,2,20,35200,15,0,weapon,,"swordman, creator mage",否,,DNF文件知识库\参考资料\标准格式样板\equipment\character\swordman\weapon\beamsword\beamswd_2224100.equ
碧影骑兵光剑,equipment,2,25,43200,18,0,weapon,,"swordman, creator mage",否,,DNF文件知识库\参考资料\标准格式样板\equipment\character\swordman\weapon\beamsword\beamswd_2224101.equ
离合剑,equipment,2,30,51200,21,0,weapon,,"swordman, creator mage",否,,DNF文件知识库\参考资料\标准格式样板\equipment\character\swordman\weapon\beamsword\beamswd_2224102.equ
透骨光影剑,equipment,2,35,59200,24,0,weapon,,"swordman, creator mage",否,,DNF文件知识库\参考资料\标准格式样板\equipment\character\swordman\weapon\beamsword\beamswd_2224103.equ
镇魂安曲剑,equipment,2,40,67200,27,0,weapon,,"swordman, creator mage",否,,DNF文件知识库\参考资料\标准格式样板\equipment\character\swordman\weapon\beamsword\beamswd_2224104.equ
月华寒光剑,equipment,2,45,75200,30,0,weapon,,"swordman, creator mage",否,,DNF文件知识库\参考资料\标准格式样板\equipment\character\swordman\weapon\beamsword\beamswd_2224105.equ
月华朱诺星剑,equipment,2,50,86400,35,0,weapon,,"swordman, creator mage",否,,DNF文件知识库\参考资料\标准格式样板\equipment\character\swordman\weapon\beamsword\beamswd_2224106.equ
落日凝光剑,equipment,2,55,94400,38,0,weapon,,"swordman, creator mage",否,,DNF文件知识库\参考资料\标准格式样板\equipment\character\swordman\weapon\beamsword\beamswd_2224107.equ
泣影光剑,equipment,2,60,99200,39,0,weapon,,"swordman, creator mage",否,,DNF文件知识库\参考资料\标准格式样板\equipment\character\swordman\weapon\beamsword\beamswd_2224108.equ
云海磷石光剑,equipment,2,65,107200,42,0,weapon,,"swordman, creator mage",否,,DNF文件知识库\参考资料\标准格式样板\equipment\character\swordman\weapon\beamsword\beamswd_2224109.equ
灼眼之雷铸光剑,equipment,2,70,115200,45,0,weapon,,"swordman, creator mage",否,,DNF文件知识库\参考资料\标准格式样板\equipment\character\swordman\weapon\beamsword\beamswd_2224110.equ
神之豁免光剑,equipment,5,0,107200,53,0,weapon,,swordman,否,,DNF文件知识库\参考资料\标准格式样板\equipment\character\swordman\weapon\beamsword\beamswd_28311.equ
简易莹光剑,equipment,0,1,900,1,0,weapon,,"swordman, creator mage",否,,DNF文件知识库\参考资料\标准格式样板\equipment\character\swordman\weapon\beamsword\beamswd_28312.equ
天之驱逐者的骑士光剑,equipment,3,50,52200,42,0,weapon,,"swordman, creator mage",是,[连环斩]技能Lv +2 |   |     攻击时， 有7%%的几率出现天之驱逐者的闪电。,DNF文件知识库\参考资料\标准格式样板\equipment\character\swordman\weapon\beamsword\beamswd_28313.equ
双龙魔影剑 (活动),equipment,3,50,0,28,0,weapon,,"swordman, creator mage",否,攻击时， 有2%%的几率使敌人进入诅咒状态。 |     无法进行分解、 封装和合成。,DNF文件知识库\参考资料\标准格式样板\equipment\character\swordman\weapon\beamsword\beamswd_28317.equ
高科技玄磁光剑,equipment,3,40,0,16,16,weapon,,"swordman, creator mage",是,[招架]技能Lv +2 | [回旋反击]技能Lv +2 | [两仪功]技能Lv +3 |   | 攻击速度 +1%% |      无法进行分解、 封装和合成。,DNF文件知识库\参考资料\标准格式样板\equipment\character\swordman\weapon\beamsword\beamswd_28318.equ
精良的赤光天机剑,equipment,5,62,0,46,0,weapon,,"swordman, creator mage",否,攻击时， 有2%%的几率使敌人进入感电状态， 并增加自身的物理暴击率。 |     无法进行分解、 封装和合成。,DNF文件知识库\参考资料\标准格式样板\equipment\character\swordman\weapon\beamsword\beamswd_28319.equ
战争英雄之无双光剑,equipment,3,65,124200,46,0,weapon,,"swordman, creator mage",否,每增加1名队员， 可以增加15点的力量和智力。 (若无其他队员时， 则只增加15点力量和智力) |     队伍中有1名队员死亡时， 武器会变红并增加自身30%%的攻击力， 效果持续10秒。 (解除装备后效果消失) |     HP降到10%%以下时， 消耗1个灵魂晶石， 可恢复10%%的HP。 (冷却时间为60秒； 在决斗场中无效),DNF文件知识库\参考资料\标准格式样板\equipment\character\swordman\weapon\beamsword\beamswd_28321.equ
磨损的追光剑,equipment,0,70,63000,0,0,weapon,,"swordman, creator mage",否,,DNF文件知识库\参考资料\标准格式样板\equipment\character\swordman\weapon\beamsword\beamswd_28326.equ
追光剑,equipment,1,70,84000,42,0,weapon,,"swordman, creator mage",否,,DNF文件知识库\参考资料\标准格式样板\equipment\character\swordman\weapon\beamsword\beamswd_28327.equ
龙魂之骑士光剑,equipment,2,70,115200,45,0,weapon,,"swordman, creator mage",是,[五气朝元]技能Lv +1 | [乱花葬]技能Lv +1 |   |     攻击时， 有4%%的几率附加5000点伤害,DNF文件知识库\参考资料\标准格式样板\equipment\character\swordman\weapon\beamsword\beamswd_28328.equ
索雷之剑[网咖],equipment,3,20,43200,19,0,weapon,,"swordman, creator mage",是,耐久度增加17  | 不可强化、增幅、提炼、解体、送礼、仓库储存,DNF文件知识库\参考资料\标准格式样板\equipment\character\swordman\weapon\beamsword\beamswd_28329.equ
闪耀之剑[网咖],equipment,3,30,61200,25,0,weapon,,"swordman, creator mage",是,不能强化、增幅、提炼、解体、送礼、储存仓库,DNF文件知识库\参考资料\标准格式样板\equipment\character\swordman\weapon\beamsword\beamswd_28330.equ
高乐亚的教诲 - 临机应变[网咖],equipment,3,40,79200,31,0,weapon,,"swordman, creator mage",是,攻击速度 +1%% | 不可强化、增幅、提炼、解体、送礼、仓库储存,DNF文件知识库\参考资料\标准格式样板\equipment\character\swordman\weapon\beamsword\beamswd_28331.equ
黑光剑凯诺斯[网咖],equipment,3,50,100800,41,0,weapon,,"swordman, creator mage",否,攻击时以2%% 的机率让敌人陷入诅咒状态 | 不可强化、增幅、提炼、解体、送礼、仓库储存,DNF文件知识库\参考资料\标准格式样板\equipment\character\swordman\weapon\beamsword\beamswd_28332.equ
古代的命中注定的光剑[网咖],equipment,3,60,115200,43,0,weapon,,"swordman, creator mage",是,攻击时以3%% 的机率让敌人陷入诅咒状态 | 诅咒状态的敌人攻击时敌人10%%的附加伤害 | 不可强化、增幅、提炼、解体、送礼、仓库储存,DNF文件知识库\参考资料\标准格式样板\equipment\character\swordman\weapon\beamsword\beamswd_28333.equ
古代遗迹的光剑[网咖],equipment,3,65,124200,66,0,weapon,,"swordman, creator mage",是,破极兵刃上升武器攻击力增加20%%  | 不可强化、增幅、提炼、解体、送礼、仓库储存,DNF文件知识库\参考资料\标准格式样板\equipment\character\swordman\weapon\beamsword\beamswd_28334.equ
残忍之弑光剑 : [拔刀斩],equipment,5,0,0,45,0,weapon,,swordman,是,[拔刀斩]冷却时间 -14%% | [拔刀斩]MP消耗量 -14%%,DNF文件知识库\参考资料\标准格式样板\equipment\character\swordman\weapon\beamsword\beamswd_2choro1.equ
加持的神之怒击光剑 : [拔刀斩],equipment,5,0,0,45,0,weapon,,swordman,是,[拔刀斩]攻击力 +18%%,DNF文件知识库\参考资料\标准格式样板\equipment\character\swordman\weapon\beamsword\beamswd_2choro10.equ
加持的残忍之弑光剑 : [破军升龙击],equipment,5,0,0,45,0,weapon,,swordman,是,[破军升龙击]冷却时间 -18%% | [破军升龙击]MP消耗量 -18%%,DNF文件知识库\参考资料\标准格式样板\equipment\character\swordman\weapon\beamsword\beamswd_2choro11.equ
加持的神速之石光剑 : [破军升龙击],equipment,5,0,0,45,0,weapon,,swordman,是,[破军升龙击]突袭距离 +18%%,DNF文件知识库\参考资料\标准格式样板\equipment\character\swordman\weapon\beamsword\beamswd_2choro12.equ
加持的残忍之弑光剑 : [猛龙断空斩],equipment,5,0,0,45,0,weapon,,swordman,是,[猛龙断空斩]冷却时间 -18%% | [猛龙断空斩]MP消耗量 -18%%,DNF文件知识库\参考资料\标准格式样板\equipment\character\swordman\weapon\beamsword\beamswd_2choro13.equ
加持的神之怒击光剑 : [猛龙断空斩],equipment,5,0,0,45,0,weapon,,swordman,是,[猛龙断空斩]攻击力 +18%%,DNF文件知识库\参考资料\标准格式样板\equipment\character\swordman\weapon\beamsword\beamswd_2choro14.equ
加持的残忍之弑光剑 : [幻影剑舞],equipment,5,0,0,45,0,weapon,,swordman,是,[幻影剑舞]冷却时间 -18%% | [幻影剑舞]MP消耗量 -18%%,DNF文件知识库\参考资料\标准格式样板\equipment\character\swordman\weapon\beamsword\beamswd_2choro15.equ
加持的神之怒击光剑 : [幻影剑舞],equipment,5,0,0,45,0,weapon,,swordman,是,[幻影剑舞]攻击力 +18%% | [钝器精通]下[幻影剑舞]的冲击波攻击力 +18%%,DNF文件知识库\参考资料\标准格式样板\equipment\character\swordman\weapon\beamsword\beamswd_2choro16.equ
神之怒击光剑 : [破军升龙击],equipment,5,0,0,45,0,weapon,,swordman,是,[破军升龙击]攻击力 +14%%,DNF文件知识库\参考资料\标准格式样板\equipment\character\swordman\weapon\beamsword\beamswd_2choro17.equ
特性之石光剑 : [猛龙断空斩],equipment,5,0,0,45,0,weapon,,swordman,是,[猛龙断空斩]斩击次数上限 +2 | [猛龙断空斩]攻击力 -5%%,DNF文件知识库\参考资料\标准格式样板\equipment\character\swordman\weapon\beamsword\beamswd_2choro18.equ
特性之石光剑 : [幻影剑舞],equipment,5,0,0,45,0,weapon,,swordman,是,[幻影剑舞]斩击数上限 +2 | 若[太刀精通]、 [光剑精通]达到Lv7及以上时， 斩击数上限 +4、 攻击力 -1%%,DNF文件知识库\参考资料\标准格式样板\equipment\character\swordman\weapon\beamsword\beamswd_2choro19.equ
神之怒击光剑 : [拔刀斩],equipment,5,0,0,45,0,weapon,,swordman,是,[拔刀斩]攻击力 +14%%,DNF文件知识库\参考资料\标准格式样板\equipment\character\swordman\weapon\beamsword\beamswd_2choro2.equ
加持的神之怒击光剑 : 破军升龙击,equipment,5,0,0,45,0,weapon,,swordman,是,[破军升龙击]攻击力 +18%%,DNF文件知识库\参考资料\标准格式样板\equipment\character\swordman\weapon\beamsword\beamswd_2choro20.equ
加持的特性之石光剑 : [猛龙断空斩],equipment,5,0,0,45,0,weapon,,swordman,是,[猛龙断空斩]斩击次数上限 +2 | [猛龙断空斩]攻击力 -4%%,DNF文件知识库\参考资料\标准格式样板\equipment\character\swordman\weapon\beamsword\beamswd_2choro21.equ
加持的特性之石光剑 : [幻影剑舞],equipment,5,0,0,45,0,weapon,,swordman,是,[幻影剑舞]斩击数上限 +2 | 若[太刀精通]、 [光剑精通]达到Lv7及以上时， 斩击数上限 +4,DNF文件知识库\参考资料\标准格式样板\equipment\character\swordman\weapon\beamsword\beamswd_2choro22.equ
Mr.根之源光剑,equipment,5,0,0,45,0,weapon,,swordman,否,,DNF文件知识库\参考资料\标准格式样板\equipment\character\swordman\weapon\beamsword\beamswd_2choro23.equ
秘技传授者光剑,equipment,5,0,0,45,0,weapon,,swordman,否,,DNF文件知识库\参考资料\标准格式样板\equipment\character\swordman\weapon\beamsword\beamswd_2choro24.equ
苍鹰之眸光剑,equipment,5,0,0,45,0,weapon,,swordman,否,,DNF文件知识库\参考资料\标准格式样板\equipment\character\swordman\weapon\beamsword\beamswd_2choro25.equ
精 · 加持的残忍之弑光剑 : [拔刀斩],equipment,5,70,0,61,0,weapon,,swordman,是,[拔刀斩]冷却时间 -18%% | [拔刀斩]MP消耗量 -18%% | 攻击速度 +2%%,DNF文件知识库\参考资料\标准格式样板\equipment\character\swordman\weapon\beamsword\beamswd_2choro26.equ
精 · 加持的神之怒击光剑 : [拔刀斩],equipment,5,70,0,61,0,weapon,,swordman,是,[拔刀斩]攻击力 +18%% | 攻击速度 +2%%,DNF文件知识库\参考资料\标准格式样板\equipment\character\swordman\weapon\beamsword\beamswd_2choro27.equ
精 · 加持的残忍之弑光剑 : [破军升龙击],equipment,5,70,0,61,0,weapon,,swordman,是,[破军升龙击]冷却时间 -18%% | [破军升龙击]MP消耗量 -18%% | 攻击速度 +2%%,DNF文件知识库\参考资料\标准格式样板\equipment\character\swordman\weapon\beamsword\beamswd_2choro28.equ
精 · 加持的迅速之石光剑 : [破军升龙击],equipment,5,70,0,61,0,weapon,,swordman,是,[破军升龙击]突袭距离 +18%% | 攻击速度 +2%%,DNF文件知识库\参考资料\标准格式样板\equipment\character\swordman\weapon\beamsword\beamswd_2choro29.equ
残忍之弑光剑 : [破军升龙击],equipment,5,0,0,45,0,weapon,,swordman,是,[破军升龙击]冷却时间 -14%% | [破军升龙击]MP消耗量 -14%%,DNF文件知识库\参考资料\标准格式样板\equipment\character\swordman\weapon\beamsword\beamswd_2choro3.equ
精 · 加持的残忍之弑光剑 : [猛龙断空斩],equipment,5,70,0,61,0,weapon,,swordman,是,[猛龙断空斩]冷却时间 -18%% | [猛龙断空斩]MP消耗量 -18%% | 攻击速度 +2%%,DNF文件知识库\参考资料\标准格式样板\equipment\character\swordman\weapon\beamsword\beamswd_2choro30.equ
精 · 加持的神之怒击光剑 : [猛龙断空斩],equipment,5,70,0,61,0,weapon,,swordman,是,[猛龙断空斩]攻击力 +18%% | 攻击速度 +2%%,DNF文件知识库\参考资料\标准格式样板\equipment\character\swordman\weapon\beamsword\beamswd_2choro31.equ
精 · 加持的残忍之弑光剑 : [幻影剑舞],equipment,5,70,0,61,0,weapon,,swordman,是,[幻影剑舞]冷却时间 -18%% | [幻影剑舞]MP消耗量 -18%% | 攻击速度 +2%%,DNF文件知识库\参考资料\标准格式样板\equipment\character\swordman\weapon\beamsword\beamswd_2choro32.equ
精 · 加持的神之怒击光剑 : [幻影剑舞],equipment,5,70,0,61,0,weapon,,swordman,是,[幻影剑舞]攻击力 +18%% | [钝器精通]下[幻影剑舞]的冲击波攻击力 +18%% | 攻击速度 +2%%,DNF文件知识库\参考资料\标准格式样板\equipment\character\swordman\weapon\beamsword\beamswd_2choro33.equ
精 · 加持的神之怒击光剑 : 破军升龙击,equipment,5,70,0,61,0,weapon,,swordman,是,[破军升龙击]攻击力 +18%% | 攻击速度 +2%%,DNF文件知识库\参考资料\标准格式样板\equipment\character\swordman\weapon\beamsword\beamswd_2choro34.equ
精 · 加持的特性之石光剑 : [猛龙断空斩],equipment,5,70,0,61,0,weapon,,swordman,是,[猛龙断空斩]斩击次数上限 +2 | [猛龙断空斩]攻击力 -4%% | 攻击速度 +2%%,DNF文件知识库\参考资料\标准格式样板\equipment\character\swordman\weapon\beamsword\beamswd_2choro35.equ
精 · 加持的特性之石光剑 : [幻影剑舞],equipment,5,70,0,61,0,weapon,,swordman,是,攻击速度 +2%% | [幻影剑舞]斩击数上限 +2 | 若[太刀精通]、 [光剑精通]达到Lv7及以上时， 斩击数上限 +4、 攻击力 -1%%,DNF文件知识库\参考资料\标准格式样板\equipment\character\swordman\weapon\beamsword\beamswd_2choro36.equ
精 · 加持的残忍之弑光剑 : [拔刀斩],equipment,5,70,0,61,0,weapon,,swordman,是,[拔刀斩]冷却时间 -18%% | [拔刀斩]MP消耗量 -18%% | 攻击速度 +2%%,DNF文件知识库\参考资料\标准格式样板\equipment\character\swordman\weapon\beamsword\beamswd_2choro37.equ
精 · 加持的神之怒击光剑 : [拔刀斩],equipment,5,70,0,61,0,weapon,,swordman,是,[拔刀斩]攻击力 +18%% | 攻击速度 +2%%,DNF文件知识库\参考资料\标准格式样板\equipment\character\swordman\weapon\beamsword\beamswd_2choro38.equ
精 · 加持的残忍之弑光剑 : [破军升龙击],equipment,5,70,0,61,0,weapon,,swordman,是,[破军升龙击]冷却时间 -18%% | [破军升龙击]MP消耗量 -18%% | 攻击速度 +2%%,DNF文件知识库\参考资料\标准格式样板\equipment\character\swordman\weapon\beamsword\beamswd_2choro39.equ
迅速之石光剑 : [破军升龙击],equipment,5,0,0,45,0,weapon,,swordman,是,[破军升龙击]突袭距离 +14%%,DNF文件知识库\参考资料\标准格式样板\equipment\character\swordman\weapon\beamsword\beamswd_2choro4.equ
精 · 加持的神速之石光剑 : [破军升龙击],equipment,5,70,0,61,0,weapon,,swordman,是,[破军升龙击]突袭距离 +18%% | 攻击速度 +2%%,DNF文件知识库\参考资料\标准格式样板\equipment\character\swordman\weapon\beamsword\beamswd_2choro40.equ
精 · 加持的残忍之弑光剑 : [猛龙断空斩],equipment,5,70,0,61,0,weapon,,swordman,是,[猛龙断空斩]冷却时间 -18%% | [猛龙断空斩]MP消耗量 -18%% | 攻击速度 +2%%,DNF文件知识库\参考资料\标准格式样板\equipment\character\swordman\weapon\beamsword\beamswd_2choro41.equ
精 · 加持的神之怒击光剑 : [猛龙断空斩],equipment,5,70,0,61,0,weapon,,swordman,是,[猛龙断空斩]攻击力 +18%% | 攻击速度 +2%%,DNF文件知识库\参考资料\标准格式样板\equipment\character\swordman\weapon\beamsword\beamswd_2choro42.equ
精 · 加持的残忍之弑光剑 : [幻影剑舞],equipment,5,70,0,61,0,weapon,,swordman,是,[幻影剑舞]冷却时间 -18%% | [幻影剑舞]MP消耗量 -18%% | 攻击速度 +2%%,DNF文件知识库\参考资料\标准格式样板\equipment\character\swordman\weapon\beamsword\beamswd_2choro43.equ
精 · 加持的神之怒击光剑 : [幻影剑舞],equipment,5,70,0,61,0,weapon,,swordman,是,[幻影剑舞]攻击力 +18%% | [钝器精通]下[幻影剑舞]的冲击波攻击力 +18%% | 攻击速度 +2%%,DNF文件知识库\参考资料\标准格式样板\equipment\character\swordman\weapon\beamsword\beamswd_2choro44.equ
精 · 加持的神之怒击光剑 : 破军升龙击,equipment,5,70,0,61,0,weapon,,swordman,是,[破军升龙击]攻击力 +18%% | 攻击速度 +2%%,DNF文件知识库\参考资料\标准格式样板\equipment\character\swordman\weapon\beamsword\beamswd_2choro45.equ
精 · 加持的特性之石光剑 : [猛龙断空斩],equipment,5,70,0,61,0,weapon,,swordman,是,[猛龙断空斩]斩击次数上限 +2 | [猛龙断空斩]攻击力 -4%% | 攻击速度 +2%%,DNF文件知识库\参考资料\标准格式样板\equipment\character\swordman\weapon\beamsword\beamswd_2choro46.equ
精 · 加持的特性之石光剑 : [幻影剑舞],equipment,5,70,0,61,0,weapon,,swordman,是,攻击速度 +2%% | [幻影剑舞]斩击数上限 +2 | 若[太刀精通]、 [光剑精通]达到Lv7及以上时， 斩击数上限 +4,DNF文件知识库\参考资料\标准格式样板\equipment\character\swordman\weapon\beamsword\beamswd_2choro47.equ
精 · Mr.根之源光剑,equipment,5,70,0,61,0,weapon,,swordman,否,攻击速度 +2%%,DNF文件知识库\参考资料\标准格式样板\equipment\character\swordman\weapon\beamsword\beamswd_2choro48.equ
精 · 秘技传授者光剑,equipment,5,70,0,61,0,weapon,,swordman,否,攻击速度 +2%%,DNF文件知识库\参考资料\标准格式样板\equipment\character\swordman\weapon\beamsword\beamswd_2choro49.equ
残忍之弑光剑 : [猛龙断空斩],equipment,5,0,0,45,0,weapon,,swordman,是,[猛龙断空斩]冷却时间 -14%% | [猛龙断空斩]MP消耗量 -14%%,DNF文件知识库\参考资料\标准格式样板\equipment\character\swordman\weapon\beamsword\beamswd_2choro5.equ
精 · 苍鹰之眸光剑,equipment,5,70,0,61,0,weapon,,swordman,否,攻击速度 +2%%,DNF文件知识库\参考资料\标准格式样板\equipment\character\swordman\weapon\beamsword\beamswd_2choro50.equ
神之怒击光剑 : [猛龙断空斩],equipment,5,0,0,45,0,weapon,,swordman,是,[猛龙断空斩]攻击力 +14%%,DNF文件知识库\参考资料\标准格式样板\equipment\character\swordman\weapon\beamsword\beamswd_2choro6.equ
残忍之弑光剑 : [幻影剑舞],equipment,5,0,0,45,0,weapon,,swordman,是,[幻影剑舞]冷却时间 -14%% | [幻影剑舞]MP消耗量 -14%%,DNF文件知识库\参考资料\标准格式样板\equipment\character\swordman\weapon\beamsword\beamswd_2choro7.equ
神之怒击光剑 : [幻影剑舞],equipment,5,0,0,45,0,weapon,,swordman,是,[幻影剑舞]攻击力 +14%% | [钝器精通]下[幻影剑舞]的冲击波攻击力 +14%%,DNF文件知识库\参考资料\标准格式样板\equipment\character\swordman\weapon\beamsword\beamswd_2choro8.equ
加持的残忍之弑光剑 : [拔刀斩],equipment,5,0,0,45,0,weapon,,swordman,是,[拔刀斩]冷却时间 -18%% | [拔刀斩]MP消耗量 -18%%,DNF文件知识库\参考资料\标准格式样板\equipment\character\swordman\weapon\beamsword\beamswd_2choro9.equ
裂魂之异次元光剑 - 剑魂,equipment,5,70,0,63,0,weapon,,swordman,否,,DNF文件知识库\参考资料\标准格式样板\equipment\character\swordman\weapon\beamsword\beamswd_3choro1.equ
冽风之痕光剑,equipment,5,70,0,68,0,weapon,,swordman,否,,DNF文件知识库\参考资料\标准格式样板\equipment\character\swordman\weapon\beamsword\beamswd_3choro2.equ
七伤剑气光剑,equipment,5,70,0,68,0,weapon,,swordman,否,,DNF文件知识库\参考资料\标准格式样板\equipment\character\swordman\weapon\beamsword\beamswd_3choro3.equ
天之剑痕光剑,equipment,5,70,0,68,0,weapon,,swordman,否,,DNF文件知识库\参考资料\标准格式样板\equipment\character\swordman\weapon\beamsword\beamswd_3choro4.equ
潜龙幻影光剑,equipment,5,70,0,68,0,weapon,,swordman,否,,DNF文件知识库\参考资料\标准格式样板\equipment\character\swordman\weapon\beamsword\beamswd_3choro5.equ
万仞圣光剑,equipment,2,50,86400,35,0,weapon,,"swordman, creator mage",是,[湮烈掌]技能Lv +1,DNF文件知识库\参考资料\标准格式样板\equipment\character\swordman\weapon\beamsword\beamswd_baldrix.equ
(古老) 闪耀的荧光剑,equipment,1,20,24000,12,0,weapon,,"swordman, creator mage",否,,DNF文件知识库\参考资料\标准格式样板\equipment\character\swordman\weapon\beamsword\beamswd_bfluroe.equ
(古老) 骑兵光剑,equipment,1,29,34800,18,0,weapon,,"swordman, creator mage",否,,DNF文件知识库\参考资料\标准格式样板\equipment\character\swordman\weapon\beamsword\beamswd_bsaber.equ
双龙魔影剑,equipment,3,50,100800,41,0,weapon,,"swordman, creator mage",否,攻击时， 有2%%的几率使敌人进入诅咒状态。,DNF文件知识库\参考资料\标准格式样板\equipment\character\swordman\weapon\beamsword\beamswd_cainus.equ
寒冰光剑,equipment,2,65,107200,42,0,weapon,,"swordman, creator mage",否,攻击时， 有2%%的几率使敌人进入冰冻状态。,DNF文件知识库\参考资料\标准格式样板\equipment\character\swordman\weapon\beamsword\beamswd_chillspout.equ
深海之卡弗斯光剑,equipment,2,65,107200,42,0,weapon,,"swordman, creator mage",否,,DNF文件知识库\参考资料\标准格式样板\equipment\character\swordman\weapon\beamsword\beamswd_deepseaq.equ
磷石光剑,equipment,1,65,78000,39,0,weapon,,"swordman, creator mage",否,,DNF文件知识库\参考资料\标准格式样板\equipment\character\swordman\weapon\beamsword\beamswd_edhally.equ
古老的磷石光剑,equipment,0,65,58500,0,0,weapon,,"swordman, creator mage",否,,DNF文件知识库\参考资料\标准格式样板\equipment\character\swordman\weapon\beamsword\beamswd_edhally_old.equ
(古老) 精致的骑兵光剑,equipment,1,30,36000,18,0,weapon,,"swordman, creator mage",否,,DNF文件知识库\参考资料\标准格式样板\equipment\character\swordman\weapon\beamsword\beamswd_elabsaber.equ
信仰之力玄磁光剑,equipment,2,43,70400,29,0,weapon,,"swordman, creator mage",是,[两仪功]技能Lv +2 |   | 攻击速度 +1%%,DNF文件知识库\参考资料\标准格式样板\equipment\character\swordman\weapon\beamsword\beamswd_faith.equ
暗淡的莹光剑,equipment,0,18,16200,0,0,weapon,,"swordman, creator mage",否,,DNF文件知识库\参考资料\标准格式样板\equipment\character\swordman\weapon\beamsword\beamswd_ffluore.equ
(古老) 莹光剑,equipment,1,19,22800,12,0,weapon,,"swordman, creator mage",否,,DNF文件知识库\参考资料\标准格式样板\equipment\character\swordman\weapon\beamsword\beamswd_fluore.equ
(古老) 褪色的玄磁光剑,equipment,0,37,33300,0,0,weapon,,"swordman, creator mage",否,,DNF文件知识库\参考资料\标准格式样板\equipment\character\swordman\weapon\beamsword\beamswd_fmagnetic.equ
复仇之剑 - 夺魂者,equipment,3,55,109800,43,0,weapon,,"swordman, creator mage",否,破招攻击力 +20%% | 破招时， 有20%%的几率出现雷光爆炸。 (在决斗场中无效),DNF文件知识库\参考资料\标准格式样板\equipment\character\swordman\weapon\beamsword\beamswd_fragarach.equ
(古老) 碧影凝光剑,equipment,2,34,57600,24,0,weapon,,"swordman, creator mage",是,攻击时， 有2%%的几率使敌人进入石化状态。,DNF文件知识库\参考资料\标准格式样板\equipment\character\swordman\weapon\beamsword\beamswd_fsteiner.equ
(古老) 闪耀的卤素光剑,equipment,1,25,30000,15,0,weapon,,"swordman, creator mage",否,,DNF文件知识库\参考资料\标准格式样板\equipment\character\swordman\weapon\beamsword\beamswd_glihalogen.equ
(古老) 卡露亚的教导 - 匿迹,equipment,3,40,75600,30,0,weapon,,"swordman, creator mage",是,,DNF文件知识库\参考资料\标准格式样板\equipment\character\swordman\weapon\beamsword\beamswd_goraadap.equ
(古老) 卤素光剑,equipment,1,24,28800,15,0,weapon,,"swordman, creator mage",否,,DNF文件知识库\参考资料\标准格式样板\equipment\character\swordman\weapon\beamsword\beamswd_halogen.equ
狱岩石光剑,equipment,2,50,86400,38,0,weapon,,"swordman, creator mage",是,[花开寒影]技能Lv +1 |   | 攻击速度 +1%%,DNF文件知识库\参考资料\标准格式样板\equipment\character\swordman\weapon\beamsword\beamswd_hellkarium.equ
天脊干坤剑,equipment,4,50,102600,39,0,weapon,,"swordman, creator mage",否,攻击时， 有2%%的几率使敌人进入灼伤状态。 | 对灼伤状态下敌人的伤害 +50%%,DNF文件知识库\参考资料\标准格式样板\equipment\character\swordman\weapon\beamsword\beamswd_hellohella.equ
高科技卡弗斯光剑,equipment,2,60,99200,39,0,weapon,,"swordman, creator mage",否,,DNF文件知识库\参考资料\标准格式样板\equipment\character\swordman\weapon\beamsword\beamswd_hightechq.equ
远古逆袭之凝光剑,equipment,2,55,94400,44,0,weapon,,"swordman, creator mage",是,[两仪功]技能Lv +2 | [花舞千魂杀]技能Lv +1 |   | 攻击时， 有2%%的几率使自身增加30点力量， 效果持续30秒。 | 攻击速度 +1%%,DNF文件知识库\参考资料\标准格式样板\equipment\character\swordman\weapon\beamsword\beamswd_historybattle.equ
邪芒夺目剑,equipment,2,40,67200,27,0,weapon,,"swordman, creator mage",是,[乱花葬]技能Lv +1 |   | 攻击时， 有2%%的几率使敌人进入失明状态。,DNF文件知识库\参考资料\标准格式样板\equipment\character\swordman\weapon\beamsword\beamswd_hyperuillumi.equ
高科技卡弗斯光剑,equipment,2,63,104000,41,0,weapon,,"swordman, creator mage",否,,DNF文件知识库\参考资料\标准格式样板\equipment\character\swordman\weapon\beamsword\beamswd_illusionq.equ
不屈之志寒光剑,equipment,2,46,75200,30,0,weapon,,"swordman, creator mage",否,攻击速度 -1%%,DNF文件知识库\参考资料\标准格式样板\equipment\character\swordman\weapon\beamsword\beamswd_indomitable.equ
愤怒光剑,equipment,2,60,99200,39,0,weapon,,"swordman, creator mage",是,[两仪功]技能Lv +2 | [乱花葬]技能Lv +1,DNF文件知识库\参考资料\标准格式样板\equipment\character\swordman\weapon\beamsword\beamswd_ireitum.equ
古老的蛇眼极光剑,equipment,2,40,0,27,0,weapon,,"swordman, creator mage",是,攻击时， 有1%%的几率使敌人进入诅咒状态。 | 无法进行强化、 增幅、 分解和赠送。,DNF文件知识库\参考资料\标准格式样板\equipment\character\swordman\weapon\beamsword\beamswd_jumping.equ
贝西斯的大师光剑,equipment,2,40,0,27,0,weapon,,"swordman, creator mage",是,[怒气爆发]攻击次数 +2 | [怒气爆发]浮空力 -25%%,DNF文件知识库\参考资料\标准格式样板\equipment\character\swordman\weapon\beamsword\beamswd_jumping_sword.equ
朱诺星剑,equipment,1,50,62400,32,0,weapon,,"swordman, creator mage",否,,DNF文件知识库\参考资料\标准格式样板\equipment\character\swordman\weapon\beamsword\beamswd_juno.equ
卡弗斯光剑,equipment,1,60,72000,36,0,weapon,,"swordman, creator mage",否,,DNF文件知识库\参考资料\标准格式样板\equipment\character\swordman\weapon\beamsword\beamswd_kafese.equ
破旧的卡弗斯光剑,equipment,0,60,54000,0,0,weapon,,"swordman, creator mage",否,,DNF文件知识库\参考资料\标准格式样板\equipment\character\swordman\weapon\beamsword\beamswd_kafese_used.equ
狱龙断影剑,equipment,3,40,79200,27,10,weapon,,"swordman, creator mage",是,[五气朝元]技能Lv +1 | [两仪功]技能Lv +2,DNF文件知识库\参考资料\标准格式样板\equipment\character\swordman\weapon\beamsword\beamswd_layblade.equ
(古老) 列特的疾影剑,equipment,2,29,49600,21,0,weapon,,"swordman, creator mage",是,攻击速度 +3%%,DNF文件知识库\参考资料\标准格式样板\equipment\character\swordman\weapon\beamsword\beamswd_lettflyt.equ
(古老) 古旧的卤素光剑,equipment,0,23,20700,0,0,weapon,,"swordman, creator mage",否,,DNF文件知识库\参考资料\标准格式样板\equipment\character\swordman\weapon\beamsword\beamswd_lowhalogen.equ
(古老) 玄磁光剑,equipment,1,38,45600,23,0,weapon,,"swordman, creator mage",否,,DNF文件知识库\参考资料\标准格式样板\equipment\character\swordman\weapon\beamsword\beamswd_magnetic.equ
圣愈光剑,equipment,2,45,75200,30,0,weapon,,"swordman, creator mage",是,[圆舞斩]技能Lv +1 |   | 每分钟恢复20MP。 | 每分钟恢复20HP。,DNF文件知识库\参考资料\标准格式样板\equipment\character\swordman\weapon\beamsword\beamswd_mildlicht.equ
(古老) 蓝星烁芒剑,equipment,2,20,35200,15,0,weapon,,"swordman, creator mage",是,,DNF文件知识库\参考资料\标准格式样板\equipment\character\swordman\weapon\beamsword\beamswd_nileblue.equ
(古老) 新型玄磁光剑,equipment,1,39,46800,24,0,weapon,,"swordman, creator mage",否,,DNF文件知识库\参考资料\标准格式样板\equipment\character\swordman\weapon\beamsword\beamswd_nmagnetic.equ
(古老) 新式光影剑,equipment,1,35,42000,21,0,weapon,,"swordman, creator mage",否,,DNF文件知识库\参考资料\标准格式样板\equipment\character\swordman\weapon\beamsword\beamswd_nnostlux.equ
(古老) 光影剑,equipment,1,34,40800,21,0,weapon,,"swordman, creator mage",否,,DNF文件知识库\参考资料\标准格式样板\equipment\character\swordman\weapon\beamsword\beamswd_nostlux.equ
(古老) 极光剑,equipment,2,24,41600,18,0,weapon,,"swordman, creator mage",否,攻击时， 有2%%的几率使敌人进入感电状态。,DNF文件知识库\参考资料\标准格式样板\equipment\character\swordman\weapon\beamsword\beamswd_nothern.equ
(古老) 旧式骑兵光剑,equipment,0,28,25200,0,0,weapon,,"swordman, creator mage",否,,DNF文件知识库\参考资料\标准格式样板\equipment\character\swordman\weapon\beamsword\beamswd_obsaber.equ
古老的朱诺星剑,equipment,0,50,46800,0,0,weapon,,"swordman, creator mage",否,,DNF文件知识库\参考资料\标准格式样板\equipment\character\swordman\weapon\beamsword\beamswd_oldjuno.equ
(古老) 旧式光影剑,equipment,0,33,29700,0,0,weapon,,"swordman, creator mage",否,,DNF文件知识库\参考资料\标准格式样板\equipment\character\swordman\weapon\beamsword\beamswd_onostlux.equ
聚光剑 - 破幻者,equipment,4,50,0,39,0,weapon,,"swordman, creator mage",是,[两仪功]技能Lv +2,DNF文件知识库\参考资料\标准格式样板\equipment\character\swordman\weapon\beamsword\beamswd_overhire.equ
(古老) 闪耀的阿隆戴特,equipment,3,30,61200,25,0,weapon,,"swordman, creator mage",是,,DNF文件知识库\参考资料\标准格式样板\equipment\character\swordman\weapon\beamsword\beamswd_raidient.equ
真·闪耀之传说光剑,equipment,2,62,102400,41,0,weapon,,"swordman, creator mage",是,[两仪功]技能Lv +2 |   | 攻击时， 有2%%的几率使敌人进入感电状态。,DNF文件知识库\参考资料\标准格式样板\equipment\character\swordman\weapon\beamsword\beamswd_rshiningrevis_jin.equ
命运之殇光影剑,equipment,2,38,62400,26,0,weapon,,"swordman, creator mage",否,对人型怪敌人的伤害 +50 | 对不死族敌人的伤害 +50,DNF文件知识库\参考资料\标准格式样板\equipment\character\swordman\weapon\beamsword\beamswd_sadfate.equ
(古老) 玄光圣剑,equipment,3,40,75600,30,0,weapon,,"swordman, creator mage",否,攻击时， 有5%%的几率使自身进入祝福状态。,DNF文件知识库\参考资料\标准格式样板\equipment\character\swordman\weapon\beamsword\beamswd_santaluce.equ
天行者,equipment,4,45,0,35,0,weapon,,"swordman, creator mage",是,[两仪功]技能Lv +4 |   |     攻击时， 有1%%的几率使自身增加20%%的攻击速度， 效果持续20秒。 (解除装备后效果消失),DNF文件知识库\参考资料\标准格式样板\equipment\character\swordman\weapon\beamsword\beamswd_secura.equ
闪耀之传说光剑,equipment,2,60,99200,39,0,weapon,,"swordman, creator mage",否,攻击时， 有2%%的几率使敌人进入感电状态。,DNF文件知识库\参考资料\标准格式样板\equipment\character\swordman\weapon\beamsword\beamswd_shiningrevis.equ
蛇眼极光剑,equipment,2,40,67200,27,0,weapon,,"swordman, creator mage",是,[两仪功]技能Lv +2 |   | 攻击时， 有2%%的几率使敌人进入诅咒状态。,DNF文件知识库\参考资料\标准格式样板\equipment\character\swordman\weapon\beamsword\beamswd_snakeeye.equ
光炎剑 - 烈日裁决,equipment,4,50,102600,39,0,weapon,,"swordman, creator mage",否,普通攻击时， 发射光炎攻击敌人。 (在决斗场中无效),DNF文件知识库\参考资料\标准格式样板\equipment\character\swordman\weapon\beamsword\beamswd_sunslasher.equ
尤里斯的次元光剑,equipment,3,70,135000,50,0,weapon,,"swordman, creator mage",否,攻击敌人出现Miss时， 有50%%的几率施放次元斩。 (在决斗场中无效),DNF文件知识库\参考资料\标准格式样板\equipment\character\swordman\weapon\beamsword\beamswd_sword_of_urise.equ
泰拉石光剑,equipment,3,60,117000,47,0,weapon,,"swordman, creator mage",否,攻击时， 有1%%的几率使自身增加10%%的移动速度、 攻击速度和施放速度； 并减少自身10%%的装备防御力， 效果持续30秒。,DNF文件知识库\参考资料\标准格式样板\equipment\character\swordman\weapon\beamsword\beamswd_teranite.equ
(古老) 泰拉石光剑,equipment,3,60,117000,47,0,weapon,,"swordman, creator mage",否,攻击时， 有1%%的几率使自身增加10%%的移动速度、 攻击速度和施放速度； 并减少自身10%%的装备防御力， 效果持续30秒。,DNF文件知识库\参考资料\标准格式样板\equipment\character\swordman\weapon\beamsword\beamswd_teranite_up.equ
地狱拓荒者 - 光剑,equipment,4,90,192000,68,0,weapon,,"swordman, creator mage",是,技能攻击力 +39%% |     攻击时， 附加10%%的伤害。 |     攻击时， 有50%%的几率使Lv85的技能Lv +1， 效果持续100秒。 |     赋予自身属性强化值最高的属性攻击。,DNF文件知识库\参考资料\标准格式样板\equipment\character\swordman\weapon\beamsword\chn_401040042.equ
真 · 武动之魂光剑,equipment,4,90,0,50,50,weapon,,"swordman, creator mage",否,攻击时， 附加15%%的伤害。 (在决斗场无效),DNF文件知识库\参考资料\标准格式样板\equipment\character\swordman\weapon\beamsword\chn_growth_100330542.equ
武动之魂光剑,equipment,4,1,0,10,10,weapon,,"swordman, creator mage",否,攻击时， 附加8%%的伤害。 |   |     随着角色的成长而成长， 最高可成长到Lv86。,DNF文件知识库\参考资料\标准格式样板\equipment\character\swordman\weapon\beamsword\chn_growth_200330542.equ
(古老) 寒光剑,equipment,1,42,50400,26,0,weapon,,"swordman, creator mage",否,,DNF文件知识库\参考资料\标准格式样板\equipment\character\swordman\weapon\beamsword\eblouir.equ
(古老) 古老的寒光剑,equipment,0,42,37800,0,0,weapon,,"swordman, creator mage",否,,DNF文件知识库\参考资料\标准格式样板\equipment\character\swordman\weapon\beamsword\eblouir_low.equ
克莱尔之颤光剑,equipment,2,55,94400,38,0,weapon,,"swordman, creator mage",是,[连环斩]技能Lv +1 | [花舞千魂杀]技能Lv +1,DNF文件知识库\参考资料\标准格式样板\equipment\character\swordman\weapon\beamsword\haute_claire.equ
传承 : 炽焰天使之骑兵光剑,equipment,2,30,51200,31,0,weapon,,"swordman, creator mage",否,,DNF文件知识库\参考资料\标准格式样板\equipment\character\swordman\weapon\beamsword\lgcy_beamsaber_rokel.equ
传承 : 冥火精灵之寒光剑,equipment,2,45,75200,40,0,weapon,,"swordman, creator mage",是,,DNF文件知识库\参考资料\标准格式样板\equipment\character\swordman\weapon\beamsword\lgcy_eblouir_efreet.equ
传承 : 雪魂冰魄之卤素光剑,equipment,2,25,43200,28,0,weapon,,"swordman, creator mage",否,,DNF文件知识库\参考资料\标准格式样板\equipment\character\swordman\weapon\beamsword\lgcy_halogen_haras.equ
传承 : 炎魔精灵的卡弗斯光剑,equipment,2,65,107200,52,0,weapon,,"swordman, creator mage",否,,DNF文件知识库\参考资料\标准格式样板\equipment\character\swordman\weapon\beamsword\lgcy_kafes_salim.equ
传承 : 救赎天使之玄磁光剑,equipment,2,40,67200,37,0,weapon,,"swordman, creator mage",否,,DNF文件知识库\参考资料\标准格式样板\equipment\character\swordman\weapon\beamsword\lgcy_magnetic_kalize.equ
传承 : 神秘的水魔碧之莹光剑,equipment,2,20,35200,25,0,weapon,,"swordman, creator mage",否,,DNF文件知识库\参考资料\标准格式样板\equipment\character\swordman\weapon\beamsword\lgcy_mfluore_kelpie.equ
传承 : 幻象天使之光影剑,equipment,2,35,59200,34,0,weapon,,"swordman, creator mage",否,,DNF文件知识库\参考资料\标准格式样板\equipment\character\swordman\weapon\beamsword\lgcy_nostlux_melak.equ
传承 : 极炎精灵之光影剑,equipment,2,55,94400,48,0,weapon,,"swordman, creator mage",否,,DNF文件知识库\参考资料\标准格式样板\equipment\character\swordman\weapon\beamsword\lgcy_nostlux_raioner.equ
传承 : 极炎精灵之光影剑,equipment,2,55,91200,21,0,weapon,,swordman,是,找不到代码basic_explain_28276,DNF文件知识库\参考资料\标准格式样板\equipment\character\swordman\weapon\beamsword\lgcy_nostlux_selist.equ
传承 : 守望天使的凝光剑,equipment,2,60,99200,49,0,weapon,,"swordman, creator mage",否,,DNF文件知识库\参考资料\标准格式样板\equipment\character\swordman\weapon\beamsword\lgcy_pricure_erilict.equ
卡露亚的深入教导 - 匿迹,equipment,3,40,79200,14,0,weapon,,"swordman, creator mage",是,[回旋反击]技能Lv +2,DNF文件知识库\参考资料\标准格式样板\equipment\character\swordman\weapon\beamsword\mt_beamswd_goraadap.equ
骑兵光剑,equipment,1,30,36000,18,0,weapon,,"swordman, creator mage",否,,DNF文件知识库\参考资料\标准格式样板\equipment\character\swordman\weapon\beamsword\n_beamswd_bsaber.equ
莹光剑,equipment,1,20,24000,12,0,weapon,,"swordman, creator mage",否,,DNF文件知识库\参考资料\标准格式样板\equipment\character\swordman\weapon\beamsword\n_beamswd_fluore.equ
褪色的玄磁光剑,equipment,0,40,36000,0,0,weapon,,"swordman, creator mage",否,,DNF文件知识库\参考资料\标准格式样板\equipment\character\swordman\weapon\beamsword\n_beamswd_fmagnetic.equ
碧影凝光剑,equipment,2,35,59200,24,0,weapon,,"swordman, creator mage",是,[回旋反击]技能Lv +1 |   | 攻击时， 有2%%的几率使敌人进入石化状态。,DNF文件知识库\参考资料\标准格式样板\equipment\character\swordman\weapon\beamsword\n_beamswd_fsteiner.equ
卡露亚的教导 - 匿迹,equipment,3,40,79200,31,0,weapon,,"swordman, creator mage",是,[招架]技能Lv +2 | [回旋反击]技能Lv +2 | [两仪功]技能Lv +3 |   | 攻击速度 +1%%,DNF文件知识库\参考资料\标准格式样板\equipment\character\swordman\weapon\beamsword\n_beamswd_goraadap.equ
卤素光剑,equipment,1,25,30000,15,0,weapon,,"swordman, creator mage",否,,DNF文件知识库\参考资料\标准格式样板\equipment\character\swordman\weapon\beamsword\n_beamswd_halogen.equ
古老的天脊干坤剑,equipment,4,45,90000,35,0,weapon,,"swordman, creator mage",否,攻击时， 有2%%的几率使敌人进入灼伤状态。 | 对灼伤状态下敌人的伤害 +50%%,DNF文件知识库\参考资料\标准格式样板\equipment\character\swordman\weapon\beamsword\n_beamswd_hellohella.equ
列特的疾影剑,equipment,2,30,51200,21,0,weapon,,"swordman, creator mage",是,[两仪功]技能Lv +2 |   | 攻击速度 +3%%,DNF文件知识库\参考资料\标准格式样板\equipment\character\swordman\weapon\beamsword\n_beamswd_lettflyt.equ
古旧的卤素光剑,equipment,0,25,22500,0,0,weapon,,"swordman, creator mage",否,,DNF文件知识库\参考资料\标准格式样板\equipment\character\swordman\weapon\beamsword\n_beamswd_lowhalogen.equ
玄磁光剑,equipment,1,40,48000,24,0,weapon,,"swordman, creator mage",否,,DNF文件知识库\参考资料\标准格式样板\equipment\character\swordman\weapon\beamsword\n_beamswd_magnetic.equ
蓝星烁芒剑,equipment,2,20,35200,15,0,weapon,,"swordman, creator mage",是,[连环斩]技能Lv +1,DNF文件知识库\参考资料\标准格式样板\equipment\character\swordman\weapon\beamsword\n_beamswd_nileblue.equ
光影剑,equipment,1,35,42000,21,0,weapon,,"swordman, creator mage",否,,DNF文件知识库\参考资料\标准格式样板\equipment\character\swordman\weapon\beamsword\n_beamswd_nostlux.equ
极光剑,equipment,2,25,43200,18,0,weapon,,"swordman, creator mage",否,攻击时， 有2%%的几率使敌人进入感电状态。,DNF文件知识库\参考资料\标准格式样板\equipment\character\swordman\weapon\beamsword\n_beamswd_nothern.equ
旧式骑兵光剑,equipment,0,30,27000,0,0,weapon,,"swordman, creator mage",否,,DNF文件知识库\参考资料\标准格式样板\equipment\character\swordman\weapon\beamsword\n_beamswd_obsaber.equ
旧式光影剑,equipment,0,35,31500,0,0,weapon,,"swordman, creator mage",否,,DNF文件知识库\参考资料\标准格式样板\equipment\character\swordman\weapon\beamsword\n_beamswd_onostlux.equ
闪耀的阿隆戴特,equipment,3,30,61200,25,0,weapon,,"swordman, creator mage",是,[两仪功]技能Lv +2 | [波动斩]技能Lv +2,DNF文件知识库\参考资料\标准格式样板\equipment\character\swordman\weapon\beamsword\n_beamswd_raidient.equ
玄光圣剑,equipment,3,35,70200,28,0,weapon,,"swordman, creator mage",否,攻击时， 有2%%的几率使敌人进入眩晕状态。,DNF文件知识库\参考资料\标准格式样板\equipment\character\swordman\weapon\beamsword\n_beamswd_santaluce.equ
古老的天行者,equipment,4,25,54000,23,0,weapon,,"swordman, creator mage",是,[两仪功]技能Lv +4 |   |     攻击时， 有1%%的几率使自身增加20%%的攻击速度， 效果持续20秒。 (解除装备后效果消失),DNF文件知识库\参考资料\标准格式样板\equipment\character\swordman\weapon\beamsword\n_beamswd_secura.equ
寒光剑,equipment,1,45,54000,27,0,weapon,,"swordman, creator mage",否,,DNF文件知识库\参考资料\标准格式样板\equipment\character\swordman\weapon\beamsword\n_eblouir.equ
古老的寒光剑,equipment,0,45,40500,0,0,weapon,,"swordman, creator mage",否,,DNF文件知识库\参考资料\标准格式样板\equipment\character\swordman\weapon\beamsword\n_eblouir_low.equ
凝光剑,equipment,1,55,68400,35,0,weapon,,"swordman, creator mage",否,,DNF文件知识库\参考资料\标准格式样板\equipment\character\swordman\weapon\beamsword\pricure.equ
破旧的凝光剑,equipment,0,55,51300,0,0,weapon,,"swordman, creator mage",否,,DNF文件知识库\参考资料\标准格式样板\equipment\character\swordman\weapon\beamsword\pricure_low.equ
旅行者光剑,equipment,2,0,0,44,0,weapon,,"swordman, creator mage",否,无法进行强化、 增幅、 分解和赠送。,DNF文件知识库\参考资料\标准格式样板\equipment\character\swordman\weapon\beamsword\pvp_beamswd2224000.equ
赤影光剑,equipment,2,0,0,46,0,weapon,,"swordman, creator mage",否,无法进行强化、 增幅、 分解和赠送。,DNF文件知识库\参考资料\标准格式样板\equipment\character\swordman\weapon\beamsword\pvp_beamswd2224001.equ
帝国之饮血剑,equipment,2,0,0,48,0,weapon,,"swordman, creator mage",否,无法进行强化、 增幅、 分解和赠送。,DNF文件知识库\参考资料\标准格式样板\equipment\character\swordman\weapon\beamsword\pvp_beamswd2224002.equ
骑士寒光剑,equipment,2,35,960000,24,0,weapon,,"swordman, creator mage",否,攻击时， 有1%%的几率使敌人进入眩晕状态。,DNF文件知识库\参考资料\标准格式样板\equipment\character\swordman\weapon\beamsword\saber_baron.equ
武士光影剑,equipment,2,25,360000,18,0,weapon,,"swordman, creator mage",否,攻击时， 有2%%的几率使敌人进入减速状态。,DNF文件知识库\参考资料\标准格式样板\equipment\character\swordman\weapon\beamsword\saber_knight.equ
秘能冰枝,equipment,3,25,46400,33,0,weapon,,"swordman, creator mage",是,[幻剑术]技能Lv +1 |   |     攻击时， 有5%%的几率使敌人进入冰冻状态。 (冷却时间4.5秒) |     攻击时， 有2%%的几率使敌人进入眩晕状态。 (冷却时间4秒),DNF文件知识库\参考资料\标准格式样板\equipment\character\swordman\weapon\club\101020503.equ
轮回,equipment,3,45,78400,51,0,weapon,,"swordman, creator mage",是,[穿云破空剑]技能Lv +3 |   |     攻击时， 有2%%的几率使敌人进入眩晕状态。 (冷却时间4秒),DNF文件知识库\参考资料\标准格式样板\equipment\character\swordman\weapon\club\101020505.equ
戮蛊的血刺暴剑,equipment,4,85,144000,92,0,weapon,,"swordman, creator mage",是,攻击时， 有5%%的几率使敌人进入出血状态， 效果持续6秒。 |     攻击出血状态下的敌人时， 附加15%%的伤害。 |   |     攻击时， 有2%%的几率使敌人进入眩晕状态。,DNF文件知识库\参考资料\标准格式样板\equipment\character\swordman\weapon\club\101020543.equ
圣物 : 恶魔守卫的重金属钝器,equipment,3,85,142400,87,0,weapon,,"swordman, creator mage",是,鬼剑士(男) Lv75 ~ 80全部 技能 Lv +1 (仅限主动技能， 副本内生效)  | 鬼剑士(女) Lv1 ~ 80全部 技能 Lv +1 (仅限主动技能)  |   | 根据所携带的圣物道具数量， 将会产生如下效果。  | 力量 + 273 | 智力 + 273 | 体力 + 138 | 精神 + 138 |   |     攻击时， 有2%%的几率使敌人进入眩晕状态。,DNF文件知识库\参考资料\标准格式样板\equipment\character\swordman\weapon\club\101020580.equ
圣物 : 蛇头女妖的无惧者钝器,equipment,3,90,150400,92,0,weapon,,"swordman, creator mage",是,鬼剑士(男) Lv75 ~ 85全部 技能 Lv +1 (仅限主动技能， 副本内生效)  | 鬼剑士(女) Lv1 ~ 85全部 技能 Lv +1 (仅限主动技能)  |     攻击时， 有2%%的几率使敌人进入眩晕状态。 |   | 根据所携带的圣物道具数量， 将会产生如下效果。  | 力量 + 296 | 智力 + 296 | 体力 + 148 | 精神 + 148,DNF文件知识库\参考资料\标准格式样板\equipment\character\swordman\weapon\club\101020670.equ
密制弗洛伊德之槌,equipment,2,95,135800,91,0,weapon,,"swordman, creator mage",是,[裂刃天冲]技能Lv +1 | [极 · 驭剑术 (幻剑阵)]技能Lv +1 | [唤魔 : 逆天之普诺]技能Lv +1 | [汲血魔剑]技能Lv +1 |   |     攻击时， 有2%%的几率使敌人进入眩晕状态。,DNF文件知识库\参考资料\标准格式样板\equipment\character\swordman\weapon\club\101020739.equ
圣物 : 天空战神的弗洛伊德之槌,equipment,3,95,158400,105,0,weapon,,"swordman, creator mage",是,鬼剑士(男) Lv75 ~ 85全部 技能 Lv +1 (仅限主动技能， 副本内生效)  | 鬼剑士(女) Lv1 ~ 85全部 技能 Lv +1 (仅限主动技能)  |   |     攻击时， 有2%%的几率使敌人进入眩晕状态。 |   | 根据所携带的圣物道具数量， 将会产生如下效果。  | 力量 + 340 | 智力 + 340 | 体力 + 170 | 精神 + 170,DNF文件知识库\参考资料\标准格式样板\equipment\character\swordman\weapon\club\101020740.equ
卡露亚的教导 - 裁决[活动],equipment,3,40,70400,47,0,weapon,,"swordman, creator mage",是,[波动之钝器精通]技能Lv +2 |   |     攻击时， 有2%%的几率使敌人进入眩晕状态。 |     无法进行合成和分解。,DNF文件知识库\参考资料\标准格式样板\equipment\character\swordman\weapon\club\101030020.equ
御兽之王巨槌,equipment,3,70,0,74,0,weapon,,"swordman, creator mage",是,[波动之钝器精通]技能Lv +2 |   | [钝器精通]中， [幻影剑舞]冲击波攻击力 +25%% | [钝器精通]中， [破军升龙击]冲击波攻击力 +25%% | [波动之钝器精通]中， [幻剑术]冲击波攻击力 +25%% | [波动之钝器精通]中， [雷鸣千军破]冲击波攻击力 +25%% | [跃空斩]冲击波攻击力 +25%% |     攻击时， 有3%%的几率使敌人进入眩晕状态。,DNF文件知识库\参考资料\标准格式样板\equipment\character\swordman\weapon\club\101030033.equ
驭剑凌天龙骨棒,equipment,5,70,102200,71,0,weapon,,"swordman, creator mage",否,攻击时， 有2%%的几率使敌人进入眩晕状态。,DNF文件知识库\参考资料\标准格式样板\equipment\character\swordman\weapon\club\101030183.equ
魔剑之源龙骨棒,equipment,5,70,102200,71,0,weapon,,"swordman, creator mage",否,攻击时， 有2%%的几率使敌人进入眩晕状态。,DNF文件知识库\参考资料\标准格式样板\equipment\character\swordman\weapon\club\101030184.equ
精 · 魔剑掌控者龙骨棒,equipment,5,70,102200,71,0,weapon,,"swordman, creator mage",否,攻击速度 +2%% |     攻击时， 有2%%的几率使敌人进入眩晕状态。,DNF文件知识库\参考资料\标准格式样板\equipment\character\swordman\weapon\club\101030202.equ
精 · 驭剑游侠龙骨棒,equipment,5,70,102200,71,0,weapon,,"swordman, creator mage",否,攻击速度 +2%% |     攻击时， 有2%%的几率使敌人进入眩晕状态。,DNF文件知识库\参考资料\标准格式样板\equipment\character\swordman\weapon\club\101030203.equ
梁月的钝剑,equipment,4,85,163800,97,0,weapon,,"swordman, creator mage",是,[誓约之剑 : 雷沃汀]技能Lv +1 | [飞花逐月]技能Lv +1 | [弑神剑 : 诸神献祭]技能Lv +1 |   |     攻击时， 附加20%%的伤害。 |   |     攻击时， 使敌人减少25%%的防御力， 持续时间40秒。 |     装备时， 每2秒使自身增加4%%的攻击速度和4%%移动速度。 |     攻击时， 有2%%的几率使敌人进入眩晕状态。,DNF文件知识库\参考资料\标准格式样板\equipment\character\swordman\weapon\club\101030215.equ
"dnf戮蛊的血刺爆剑
【大佬定制】",equipment,4,95,1000000,250,0,weapon,,"swordman, creator mage",是,"所有技能攻击力+100%% |    攻击时,以 10%%的机率施展火焰龙息（冷却5秒） |    攻击时，使300px 范围内的敌人进入灼伤状态。 |    对灼伤状态下敌人的伤害增加80%% |    攻击时，有1%%几率使自身增加150点力量、智力、体力和精神，增加15%%攻击、施放和移动速度，效果持续30秒。（冷却30秒）",DNF文件知识库\参考资料\标准格式样板\equipment\character\swordman\weapon\club\820162174.equ
高乐亚的教诲 - 决断[网咖],equipment,3,40,70400,47,0,weapon,,"swordman, creator mage",是,[波动之钝器精通]技能Lv +2 |   | 攻击时以2%%的机率让敌人陷入眩晕状态 | 不可强化、增幅、提炼、解体、送礼、仓库储存,DNF文件知识库\参考资料\标准格式样板\equipment\character\swordman\weapon\club\club_28058.equ
残忍之弑铁棒 : [幻影剑舞],equipment,5,0,0,68,0,weapon,,swordman,是,攻击时， 有2%%的几率使敌人进入眩晕状态。 | [幻影剑舞]冷却时间 -14%% | [幻影剑舞]MP消耗量 -14%%,DNF文件知识库\参考资料\标准格式样板\equipment\character\swordman\weapon\club\club_2choro15.equ
神之怒击木棒 : [幻影剑舞],equipment,5,0,0,68,0,weapon,,swordman,是,攻击时， 有2%%的几率使敌人进入眩晕状态。 | [幻影剑舞]攻击力 +14%% | [钝器精通]下[幻影剑舞]的冲击波攻击力 +14%%,DNF文件知识库\参考资料\标准格式样板\equipment\character\swordman\weapon\club\club_2choro16.equ
加持的残忍之弑铁棒 : [幻影剑舞],equipment,5,0,0,68,0,weapon,,swordman,是,攻击时， 有2%%的几率使敌人进入眩晕状态。 | [幻影剑舞]冷却时间 -18%% | [幻影剑舞]MP消耗量 -18%%,DNF文件知识库\参考资料\标准格式样板\equipment\character\swordman\weapon\club\club_2choro31.equ
加持的神之怒击木棒 : [幻影剑舞],equipment,5,0,0,68,0,weapon,,swordman,是,攻击时， 有2%%的几率使敌人进入眩晕状态。 | [幻影剑舞]攻击力 +18%% | [钝器精通]下[幻影剑舞]的冲击波攻击力 +18%%,DNF文件知识库\参考资料\标准格式样板\equipment\character\swordman\weapon\club\club_2choro32.equ
精 · 加持的残忍之弑铁棒 : [幻影剑舞],equipment,5,70,0,83,0,weapon,,swordman,是,攻击时， 有2%%的几率使敌人进入眩晕状态。 | [幻影剑舞]冷却时间 -18%% | [幻影剑舞]MP消耗量 -18%% | 攻击速度 +2%%,DNF文件知识库\参考资料\标准格式样板\equipment\character\swordman\weapon\club\club_2choro53.equ
精 · 加持的神之怒击木棒 : [幻影剑舞],equipment,5,70,0,83,0,weapon,,swordman,是,攻击时， 有2%%的几率使敌人进入眩晕状态。 | [幻影剑舞]攻击力 +14%% | [钝器精通]下[幻影剑舞]的冲击波攻击力 +14%% | 攻击速度 +2%%,DNF文件知识库\参考资料\标准格式样板\equipment\character\swordman\weapon\club\club_2choro54.equ
精 · 加持的残忍之弑铁棒 : [幻影剑舞],equipment,5,70,0,83,0,weapon,,swordman,是,攻击时， 有2%%的几率使敌人进入眩晕状态。 | [幻影剑舞]冷却时间 -18%% | [幻影剑舞]MP消耗量 -18%% | 攻击速度 +2%%,DNF文件知识库\参考资料\标准格式样板\equipment\character\swordman\weapon\club\club_2choro69.equ
精 · 加持的神之怒击木棒 : [幻影剑舞],equipment,5,70,0,83,0,weapon,,swordman,是,攻击时， 有2%%的几率使敌人进入眩晕状态。 | [幻影剑舞]攻击力 +18%% | [钝器精通]下[幻影剑舞]的冲击波攻击力 +18%% | 攻击速度 +2%%,DNF文件知识库\参考资料\标准格式样板\equipment\character\swordman\weapon\club\club_2choro70.equ
裂魂之异次元巨锤 - 剑魂,equipment,5,70,0,88,0,weapon,,swordman,否,攻击时， 有2%%的几率使敌人进入眩晕状态。,DNF文件知识库\参考资料\标准格式样板\equipment\character\swordman\weapon\club\club_3choro1.equ
七伤剑气巨锤,equipment,5,70,0,93,0,weapon,,swordman,否,攻击时， 有2%%的几率使敌人进入眩晕状态。,DNF文件知识库\参考资料\标准格式样板\equipment\character\swordman\weapon\club\club_3choro3.equ
天之剑痕巨锤,equipment,5,70,0,93,0,weapon,,swordman,否,攻击时， 有2%%的几率使敌人进入眩晕状态。,DNF文件知识库\参考资料\标准格式样板\equipment\character\swordman\weapon\club\club_3choro4.equ
黑死棒,equipment,3,10,19200,18,0,weapon,,"swordman, creator mage",是,[暗黑斩]技能Lv +1 | [十字剑]技能Lv +2 |   | 攻击时， 有3%%的几率使敌人进入诅咒状态。 | 攻击时， 有2%%的几率使敌人进入眩晕状态。,DNF文件知识库\参考资料\标准格式样板\equipment\character\swordman\weapon\club\club_blackdeath.equ
残杀者巨棒,equipment,2,60,86800,59,0,weapon,,"swordman, creator mage",是,[跃空斩]技能Lv +1 | [蛇腹剑 : 灭]技能Lv +1 |   | 攻击速度 +1.5%% |     攻击时， 有2%%的几率使敌人进入眩晕状态。,DNF文件知识库\参考资料\标准格式样板\equipment\character\swordman\weapon\club\club_cruelhead.equ
鲁道夫的鹰眼槌,equipment,2,65,93800,64,0,weapon,,"swordman, creator mage",是,[波动之钝器精通]技能Lv +1 | [人剑合一]技能Lv +1 | [唤魔 : 狂暴]技能Lv +1 | [连环斩]技能Lv +1 |   | 攻击速度 +1%% |     攻击时， 有2%%的几率使敌人进入眩晕状态。,DNF文件知识库\参考资料\标准格式样板\equipment\character\swordman\weapon\club\club_doubleeyes.equ
戾冰鸣泉棒,equipment,4,60,64000,43,0,weapon,,"swordman, creator mage",是,[魔剑奥义]技能Lv +2 |   | 攻击时， 有10%%的几率使敌人进入冰冻状态。 | 攻击时， 对500px内敌人触发冰针效果。 |   |     移动时， 脚下生成冰柱。 |     受到冰属性攻击时， 使自身缓慢恢复20%%HP与MP值， 并使敌人进入冰冻状态。 |     穿戴时， 使自身提升200点冰属性抗性， 并使300px范围内的敌人受到冰冻光环的影响。,DNF文件知识库\参考资料\标准格式样板\equipment\character\swordman\weapon\club\club_frshaft1.equ
(古老) 卡露亚的教导 - 裁决,equipment,3,30,56000,38,0,weapon,,"swordman, creator mage",是,[波动之钝器精通]技能Lv +2 |   |     攻击时， 有2%%的几率使敌人进入眩晕状态。,DNF文件知识库\参考资料\标准格式样板\equipment\character\swordman\weapon\club\club_goradecision.equ
狱岩石之棒,equipment,2,50,75600,56,0,weapon,,"swordman, creator mage",是,[极 · 驭剑术 (时空斩)]技能Lv +1 | [空绝斩 : 千刃]技能Lv +1 | [花开寒影]技能Lv +1 | [末日杀戮]技能Lv +1 | [沉寂之狱]技能Lv +1 |   | 攻击速度 +1%% |     攻击时， 有2%%的几率使敌人进入眩晕状态。,DNF文件知识库\参考资料\标准格式样板\equipment\character\swordman\weapon\club\club_hellkarium.equ
(古老) 钉头槌,equipment,1,18,18000,17,0,weapon,,"swordman, creator mage",否,攻击时， 有2%%的几率使敌人进入眩晕状态。,DNF文件知识库\参考资料\标准格式样板\equipment\character\swordman\weapon\club\club_mace.equ
掩日困魂槌,equipment,2,50,75600,52,0,weapon,,"swordman, creator mage",是,[唤魔 : 狂暴]技能Lv +1 | [穿云破空剑]技能Lv +1 |   | 攻击时， 有2%%的几率使敌人进入眩晕状态。,DNF文件知识库\参考资料\标准格式样板\equipment\character\swordman\weapon\club\club_machismo.equ
修罗吞灵槌,equipment,4,55,96000,25,0,weapon,,"swordman, creator mage",是,[修罗邪光斩]最大蓄气时的剑气大小 +20%% |     攻击时， 有2%%的几率使敌人进入眩晕状态。,DNF文件知识库\参考资料\标准格式样板\equipment\character\swordman\weapon\club\club_proteusstaff.equ
真·鲁道夫的鹰眼槌,equipment,2,67,96600,65,0,weapon,,"swordman, creator mage",是,[波动之钝器精通]技能Lv +2 | [人剑合一]技能Lv +1 | [唤魔 : 狂暴]技能Lv +1 | [连环斩]技能Lv +1 |   | 攻击速度 +1.5%% |     攻击时， 有2%%的几率使敌人进入眩晕状态。,DNF文件知识库\参考资料\标准格式样板\equipment\character\swordman\weapon\club\club_rdoubleeyes_jin.equ
真·生命之复苏重锤,equipment,2,62,89600,61,0,weapon,,"swordman, creator mage",是,[蛇腹剑 : 灭]技能Lv +2 |   |     攻击时， 有2%%的几率使敌人进入眩晕状态。,DNF文件知识库\参考资料\标准格式样板\equipment\character\swordman\weapon\club\club_rvitalrecuperater_jin.equ
灵魂伴侣 - 雷电,equipment,4,55,0,64,0,weapon,,"swordman, creator mage",是,[破军旋舞斩]技能Lv +2 | [恶即斩]技能Lv +2 |   |     [拔刀斩]、 [破空拔刀斩]、 [破灭斩]、 [破军旋舞斩]命中敌人时， 可以对敌人发动闪电攻击。 (在决斗场中无效) |     [幻影剑舞]、 [魔影剑舞]、 [恶即斩]攻击时， 可以对敌人发动闪电攻击。 (在决斗场中无效) |     攻击时， 有2%%的几率使敌人进入眩晕状态。,DNF文件知识库\参考资料\标准格式样板\equipment\character\swordman\weapon\club\club_soulmate.equ
(古老) 坚硬的铁棒,equipment,1,23,23000,21,0,weapon,,"swordman, creator mage",否,攻击时， 有2%%的几率使敌人进入眩晕状态。,DNF文件知识库\参考资料\标准格式样板\equipment\character\swordman\weapon\club\club_strirmace.equ
生命之复苏重锤,equipment,2,60,86800,59,0,weapon,,"swordman, creator mage",是,[蛇腹剑 : 灭]技能Lv +1 |   |     攻击时， 有2%%的几率使敌人进入眩晕状态。,DNF文件知识库\参考资料\标准格式样板\equipment\character\swordman\weapon\club\club_vitalrecuperater.equ
卡露亚的深入教导 - 裁决,equipment,3,40,70400,21,0,weapon,,"swordman, creator mage",是,[跃空斩]技能Lv +1 | [波动之钝器精通]技能Lv +2 |   |     攻击时， 有2%%的几率使敌人进入眩晕状态。,DNF文件知识库\参考资料\标准格式样板\equipment\character\swordman\weapon\club\mt_club_goradecision.equ
戾冰鸣泉棒,equipment,3,40,70400,47,0,weapon,,"swordman, creator mage",是,[魔剑奥义]技能Lv +1 |   | 攻击时， 有3%%的几率使敌人进入冰冻状态。 | 攻击时， 有2%%的几率使敌人进入眩晕状态。,DNF文件知识库\参考资料\标准格式样板\equipment\character\swordman\weapon\club\n_club_frshaft.equ
卡露亚的教导 - 裁决,equipment,3,40,70400,47,0,weapon,,"swordman, creator mage",是,[唤魔 : 狂暴]技能Lv +1 | [跃空斩]技能Lv +1 | [波动之钝器精通]技能Lv +2 |   | 攻击时， 有2%%的几率使敌人进入眩晕状态。,DNF文件知识库\参考资料\标准格式样板\equipment\character\swordman\weapon\club\n_club_goradecision.equ
钉头槌,equipment,1,20,20000,19,0,weapon,,"swordman, creator mage",否,攻击时， 有2%%的几率使敌人进入眩晕状态。,DNF文件知识库\参考资料\标准格式样板\equipment\character\swordman\weapon\club\n_club_mace.equ
修罗吞灵槌,equipment,4,50,91200,59,15,weapon,,"swordman, creator mage",是,[修罗邪光斩]最大蓄气时的剑气大小 +20%% |     攻击时， 有2%%的几率使敌人进入眩晕状态。,DNF文件知识库\参考资料\标准格式样板\equipment\character\swordman\weapon\club\n_club_proteusstaff.equ
罗丹的雕塑方锤,equipment,2,55,82600,56,0,weapon,,"swordman, creator mage",是,[人剑合一]技能Lv +1 | [唤魔 : 狂暴]技能Lv +1 |   | 攻击速度 +1%% |     攻击时， 有2%%的几率使敌人进入眩晕状态。,DNF文件知识库\参考资料\标准格式样板\equipment\character\swordman\weapon\club\rodin_darter.equ
[巨龙]纳特拉的怨恨长剑,equipment,3,80,151200,55,0,weapon,,"swordman, creator mage",否,在[月轮山]地区和真 · 远古地下城中可以发动特殊效果。 |     攻击时， 有5%%的几率向敌人发动闪电攻击。 |     被闪电命中的敌人会进入感电状态。 |     攻击感电状态的敌人时， 附加10%%的伤害。,DNF文件知识库\参考资料\标准格式样板\equipment\character\swordman\weapon\hsword\100330574.equ
自然之恩赐巨剑,equipment,3,70,133200,49,0,weapon,,"swordman, creator mage",否,穿戴时， 每隔25秒可以随机获得以下效果， 效果持续23秒。 |     - 武器变成火属性、 火属性强化 +18、 火属性抗性 +12 |     攻击时， 有2%%的几率使敌人进入灼伤状态。 |     - 武器变成冰属性、 冰属性强化 +18、 冰属性抗性 +12 |     攻击时， 有2%%的几率使敌人进入冰冻状态。 |     - 武器变成光属性、 光属性强化 +18、 光属性抗性 +12 |     攻击时， 有2%%的几率使敌人进入感电状态。 |     - 武器变成暗属性、 暗属性强化 +18、 暗属性抗性 +12 |     攻击时， 有2%%的几率使敌人进入失明状态。,DNF文件知识库\参考资料\标准格式样板\equipment\character\swordman\weapon\hsword\101010020.equ
阿甘左的浪人长剑[活动],equipment,3,40,79200,31,0,weapon,,"swordman, creator mage",是,[毁灭之巨剑精通]技能Lv +2 |   | 攻击速度 +2%% |     无法进行合成和分解。,DNF文件知识库\参考资料\标准格式样板\equipment\character\swordman\weapon\hsword\101010023.equ
卡露亚的教导 - 照胆[活动],equipment,3,50,100800,38,0,weapon,,"swordman, creator mage",是,[毁灭之巨剑精通]技能Lv +1 |   | 攻击速度 +2%% |     无法进行合成和分解。,DNF文件知识库\参考资料\标准格式样板\equipment\character\swordman\weapon\hsword\101010024.equ
净化之恶魔的奴隶[活动],equipment,3,65,124200,66,0,weapon,,"swordman, creator mage",是,物理攻击力 +20 |     无法进行合成和分解。,DNF文件知识库\参考资料\标准格式样板\equipment\character\swordman\weapon\hsword\101010026.equ
天选之剑 - 格朗[活动],equipment,3,55,109800,41,0,weapon,,"swordman, creator mage",否,攻击速度 +3%% |     近距离武器攻击力 +20%% |     无法进行合成和分解。,DNF文件知识库\参考资料\标准格式样板\equipment\character\swordman\weapon\hsword\101010027.equ
波动巨剑,equipment,0,80,64000,0,0,weapon,,"swordman, creator mage",否,,DNF文件知识库\参考资料\标准格式样板\equipment\character\swordman\weapon\hsword\101010031.equ
锋利的波动巨剑,equipment,1,80,96000,48,0,weapon,,"swordman, creator mage",否,,DNF文件知识库\参考资料\标准格式样板\equipment\character\swordman\weapon\hsword\101010032.equ
极刑绝巨剑,equipment,2,80,131200,51,0,weapon,,"swordman, creator mage",否,,DNF文件知识库\参考资料\标准格式样板\equipment\character\swordman\weapon\hsword\101010033.equ
冰河裂谷剑,equipment,3,75,0,52,0,weapon,,"swordman, creator mage",否,攻击时， 有2%%的几率使敌人进入冰冻状态， 效果持续2秒。 |     攻击时， 有30%%的几率追加20%%的冰属性伤害。,DNF文件知识库\参考资料\标准格式样板\equipment\character\swordman\weapon\hsword\101010036.equ
卡勒特的幽灵长剑,equipment,3,80,151200,55,0,weapon,,"swordman, creator mage",否,"近距离攻击时, 多段攻击次数 +2 | 近距离攻击时, 有3%%的几率使敌人进入出血状态。",DNF文件知识库\参考资料\标准格式样板\equipment\character\swordman\weapon\hsword\101010038.equ
无尽之逐神巨剑,equipment,3,1,124200,8,0,weapon,,"swordman, creator mage",否,攻击时敌人 4%% 附加伤害 | 成长的活动给予无限制武器（根据角色的等级最多可成长至67等级） | 不可交换， 不可合成， 不可解体,DNF文件知识库\参考资料\标准格式样板\equipment\character\swordman\weapon\hsword\101010041.equ
镇魂之封灵巨剑,equipment,4,85,0,101,0,weapon,,"swordman, creator mage",是,攻击速度 +1.5%% |   |     攻击时， 附加16%%的伤害。,DNF文件知识库\参考资料\标准格式样板\equipment\character\swordman\weapon\hsword\101010044.equ
释魂之真灵巨剑,equipment,4,85,0,129,0,weapon,,"swordman, creator mage",是,攻击速度 +3%% |   |     攻击时， 附加23%%的伤害。,DNF文件知识库\参考资料\标准格式样板\equipment\character\swordman\weapon\hsword\101010045.equ
残影剑[活动],equipment,3,20,0,19,0,weapon,,"swordman, creator mage",是,[毁灭之巨剑精通]技能Lv +2 |   | 不可解体， 不可合成,DNF文件知识库\参考资料\标准格式样板\equipment\character\swordman\weapon\hsword\101010046.equ
戮蛊的断空巨剑,equipment,4,85,160200,58,0,weapon,,"swordman, creator mage",是,"[猛龙断空斩]斩击次数上限 -2 | [猛龙断空斩]攻击力 +50%% |     攻击时, 有5%%的几率使敌人进入出血状态7秒。 |     [猛龙断空斩]、 [瞬影斩]、 [雷鸣千军破]攻击时, 有30%%的几率使敌人进入出血状态7秒。 |     攻击出血状态的敌人时, 可以附加20%%的伤害。",DNF文件知识库\参考资料\标准格式样板\equipment\character\swordman\weapon\hsword\101010047.equ
精 · 加持的神之怒击巨剑 : [升龙剑],equipment,5,70,115200,61,0,weapon,,"swordman, creator mage",是,[升龙剑]攻击力 +18%% | 攻击速度 +2%%,DNF文件知识库\参考资料\标准格式样板\equipment\character\swordman\weapon\hsword\101010077.equ
精 · 加持的神之怒击巨剑 : [恶即斩],equipment,5,70,115200,61,0,weapon,,"swordman, creator mage",是,[恶即斩]攻击力 +18%%,DNF文件知识库\参考资料\标准格式样板\equipment\character\swordman\weapon\hsword\101010078.equ
精 · 加持的神之怒击巨剑 : [唤魔 : 塔莫斯之袭],equipment,5,70,115200,61,0,weapon,,"swordman, creator mage",是,[唤魔 : 塔莫斯之袭]攻击力 +18%% | 攻击速度 +2%%,DNF文件知识库\参考资料\标准格式样板\equipment\character\swordman\weapon\hsword\101010079.equ
精 · 加持的神之怒击巨剑 : [蛇腹剑 : 灭],equipment,5,70,115200,61,0,weapon,,"swordman, creator mage",是,[蛇腹剑 : 灭]攻击力 +18%% | 攻击速度 +2%%,DNF文件知识库\参考资料\标准格式样板\equipment\character\swordman\weapon\hsword\101010080.equ
精 · 加持的神之怒击巨剑 : [蛇腹剑 : 破],equipment,5,70,115200,61,0,weapon,,"swordman, creator mage",是,[蛇腹剑 : 破]攻击力 +18%% | 攻击速度+2%%,DNF文件知识库\参考资料\标准格式样板\equipment\character\swordman\weapon\hsword\101010081.equ
精 · 加持的神之怒击巨剑 : [血饮狂舞],equipment,5,70,115200,61,0,weapon,,"swordman, creator mage",是,[血饮狂舞]攻击力 +18%% | 攻击速度 +2%%,DNF文件知识库\参考资料\标准格式样板\equipment\character\swordman\weapon\hsword\101010082.equ
精 · 加持的残忍之弑巨剑 : [破军旋舞斩],equipment,5,70,115200,61,0,weapon,,"swordman, creator mage",是,[破军旋舞斩]冷却时间 -18%% | [破军旋舞斩]MP消耗量 -18%% | 攻击速度 +2%%,DNF文件知识库\参考资料\标准格式样板\equipment\character\swordman\weapon\hsword\101010091.equ
精 · 加持的残忍之弑巨剑 : [升龙剑],equipment,5,70,115200,61,0,weapon,,"swordman, creator mage",是,[升龙剑]冷却时间 -18%% | [升龙剑]MP消耗量 -18%% | 攻击速度 +2%%,DNF文件知识库\参考资料\标准格式样板\equipment\character\swordman\weapon\hsword\101010093.equ
精 · 加持的残忍之弑巨剑 : [恶即斩],equipment,5,70,115200,61,0,weapon,,"swordman, creator mage",是,[恶即斩]冷却时间 -18%% | [恶即斩]MP消耗量 -18%% | 攻击速度 +2%%,DNF文件知识库\参考资料\标准格式样板\equipment\character\swordman\weapon\hsword\101010094.equ
精 · 加持的残忍之弑巨剑 : [蛇腹剑 : 灭],equipment,5,70,115200,61,0,weapon,,"swordman, creator mage",是,[蛇腹剑 : 灭]冷却时间 -18%% | [蛇腹剑 : 灭]MP消耗量 -18%% | 攻击速度 +2%%,DNF文件知识库\参考资料\标准格式样板\equipment\character\swordman\weapon\hsword\101010095.equ
精 · 加持的残忍之弑巨剑 : [唤魔 : 塔莫斯之袭],equipment,5,70,115200,61,0,weapon,,"swordman, creator mage",是,[唤魔 : 塔莫斯之袭]冷却时间 -18%% | [唤魔 : 塔莫斯之袭]MP消耗量 -18%% | 攻击速度 +2%%,DNF文件知识库\参考资料\标准格式样板\equipment\character\swordman\weapon\hsword\101010096.equ
精 · 加持的残忍之弑巨剑 : [血饮狂舞],equipment,5,70,115200,61,0,weapon,,"swordman, creator mage",是,[血饮狂舞]冷却时间 -18%% | [血饮狂舞]MP消耗量 -18%% | 攻击速度 +2%%,DNF文件知识库\参考资料\标准格式样板\equipment\character\swordman\weapon\hsword\101010098.equ
精 · 加持的神之怒击巨剑 : [幻剑术],equipment,5,70,115200,61,0,weapon,,"swordman, creator mage",是,[幻剑术]攻击力 +18%% | 攻击速度 +2%%,DNF文件知识库\参考资料\标准格式样板\equipment\character\swordman\weapon\hsword\101010100.equ
精 · 加持的残忍之弑巨剑 : [幻剑术],equipment,5,70,115200,61,0,weapon,,"swordman, creator mage",是,[幻剑术]冷却时间 -18%% | [幻剑术]MP消耗量 -18%% | 攻击速度 +2%%,DNF文件知识库\参考资料\标准格式样板\equipment\character\swordman\weapon\hsword\101010101.equ
精 · 加持的神之怒击巨剑 : [破军旋舞斩],equipment,5,70,115200,61,0,weapon,,"swordman, creator mage",是,[破军旋舞斩]攻击力 +18%% | 攻击速度 +2%%,DNF文件知识库\参考资料\标准格式样板\equipment\character\swordman\weapon\hsword\101010102.equ
精 · 加持的残忍之弑巨剑 : [蛇腹剑 : 破],equipment,5,70,115200,61,0,weapon,,"swordman, creator mage",是,[蛇腹剑 : 破]冷却时间 -18%% | [蛇腹剑 : 破]MP消耗量 -18%% | 攻击速度 +2%%,DNF文件知识库\参考资料\标准格式样板\equipment\character\swordman\weapon\hsword\101010104.equ
裂魂之异次元巨剑 - 驭剑士,equipment,5,70,115200,47,0,weapon,,"swordman, creator mage",否,,DNF文件知识库\参考资料\标准格式样板\equipment\character\swordman\weapon\hsword\101010108.equ
裂魂之异次元巨剑 - 契魔者,equipment,5,70,115200,47,0,weapon,,"swordman, creator mage",否,,DNF文件知识库\参考资料\标准格式样板\equipment\character\swordman\weapon\hsword\101010109.equ
精 · 加持的疾风之影巨剑 : [升龙剑],equipment,5,70,115200,61,0,weapon,,"swordman, creator mage",是,[升龙剑]突进距离 +18%%,DNF文件知识库\参考资料\标准格式样板\equipment\character\swordman\weapon\hsword\101010117.equ
精 · 加持的秘技之境巨剑 : [恶即斩],equipment,5,70,115200,61,0,weapon,,"swordman, creator mage",是,[恶即斩]斩击次数 +2,DNF文件知识库\参考资料\标准格式样板\equipment\character\swordman\weapon\hsword\101010118.equ
精 · 加持的秘技之境巨剑 : [血饮狂舞],equipment,5,70,115200,61,0,weapon,,"swordman, creator mage",是,[血饮狂舞]多段攻击次数 +2 | 攻击速度 +2%%,DNF文件知识库\参考资料\标准格式样板\equipment\character\swordman\weapon\hsword\101010119.equ
精 · 加持的秘技之境巨剑 : [唤魔 : 塔莫斯之袭],equipment,5,70,115200,61,0,weapon,,"swordman, creator mage",是,[唤魔 : 塔莫斯之袭]多段攻击次数 +2 | [唤魔 : 塔莫斯之袭]攻击力 -2%%,DNF文件知识库\参考资料\标准格式样板\equipment\character\swordman\weapon\hsword\101010121.equ
精 · 加持的血之反噬巨剑 : [唤魔 : 蛇腹剑],equipment,5,70,115200,61,0,weapon,,"swordman, creator mage",是,[唤魔 : 蛇腹剑]出血几率 +22%% | 攻击速度 +2%%,DNF文件知识库\参考资料\标准格式样板\equipment\character\swordman\weapon\hsword\101010123.equ
精 · 加持的疾风之影巨剑 : [蛇腹剑 : 灭],equipment,5,70,115200,61,0,weapon,,"swordman, creator mage",是,[蛇腹剑 : 灭]攻击速度 +18%%,DNF文件知识库\参考资料\标准格式样板\equipment\character\swordman\weapon\hsword\101010124.equ
精 · Ms.根之源巨剑,equipment,5,70,116800,47,0,weapon,,"swordman, creator mage",否,攻击速度 +2%%,DNF文件知识库\参考资料\标准格式样板\equipment\character\swordman\weapon\hsword\101010125.equ
精 · 驭剑游侠巨剑,equipment,5,70,116800,47,0,weapon,,"swordman, creator mage",否,攻击速度 +2%%,DNF文件知识库\参考资料\标准格式样板\equipment\character\swordman\weapon\hsword\101010126.equ
精 · 魔剑掌控者巨剑,equipment,5,70,116800,47,0,weapon,,"swordman, creator mage",否,攻击速度 +2%%,DNF文件知识库\参考资料\标准格式样板\equipment\character\swordman\weapon\hsword\101010127.equ
精 · 蝮蛇之袭巨剑,equipment,5,70,116800,47,0,weapon,,"swordman, creator mage",否,攻击速度 +2%%,DNF文件知识库\参考资料\标准格式样板\equipment\character\swordman\weapon\hsword\101010128.equ
精 · 恶魔之魅语巨剑,equipment,5,70,116800,47,0,weapon,,"swordman, creator mage",否,攻击速度 +2%%,DNF文件知识库\参考资料\标准格式样板\equipment\character\swordman\weapon\hsword\101010129.equ
精 · 血祭之幻舞巨剑,equipment,5,70,116800,47,0,weapon,,"swordman, creator mage",否,攻击速度 +2%%,DNF文件知识库\参考资料\标准格式样板\equipment\character\swordman\weapon\hsword\101010130.equ
驭剑凌天巨剑,equipment,5,70,116800,47,0,weapon,,"swordman, creator mage",否,,DNF文件知识库\参考资料\标准格式样板\equipment\character\swordman\weapon\hsword\101010310.equ
魔剑之源巨剑,equipment,5,70,116800,47,0,weapon,,"swordman, creator mage",否,,DNF文件知识库\参考资料\标准格式样板\equipment\character\swordman\weapon\hsword\101010311.equ
刀锋女王巨剑,equipment,5,70,116800,47,0,weapon,,"swordman, creator mage",否,,DNF文件知识库\参考资料\标准格式样板\equipment\character\swordman\weapon\hsword\101010312.equ
魔人的献祭巨剑,equipment,5,70,116800,47,0,weapon,,"swordman, creator mage",否,,DNF文件知识库\参考资料\标准格式样板\equipment\character\swordman\weapon\hsword\101010313.equ
幻魔之舞巨剑,equipment,5,70,116800,47,0,weapon,,"swordman, creator mage",否,,DNF文件知识库\参考资料\标准格式样板\equipment\character\swordman\weapon\hsword\101010314.equ
远古幻影巨剑,equipment,5,70,116800,47,0,weapon,,"swordman, creator mage",否,,DNF文件知识库\参考资料\标准格式样板\equipment\character\swordman\weapon\hsword\101010315.equ
独孤玄铁剑 - 无锋,equipment,4,75,162000,174,0,weapon,,"swordman, creator mage",否,攻速 -20%% | 近距离攻击力 +50%%,DNF文件知识库\参考资料\标准格式样板\equipment\character\swordman\weapon\hsword\101010325.equ
别云剑 - 无用,equipment,4,85,182000,72,0,weapon,,"swordman, creator mage",否,攻击速度 +12%% | 对敌人的伤害 +50%% (伤害加成效果取最高值， 且无法叠加； 暴击/附加伤害除外) |     攻击敌人出现Miss时， 会有30%%的几率减少20%%的力量和智力， 效果持续15秒。 (冷却时间15秒),DNF文件知识库\参考资料\标准格式样板\equipment\character\swordman\weapon\hsword\101010327.equ
阳剑 - 干将,equipment,4,85,182000,65,0,weapon,,"swordman, creator mage",否,↑↓+[宠物技能键]输入时， 消耗2个红色小晶块， 发动阳气的气息， 效果持续60秒。  |   |     若队伍中存在佩戴[阴剑 - 莫邪]的成员， 将触发附加属性。,DNF文件知识库\参考资料\标准格式样板\equipment\character\swordman\weapon\hsword\101010328.equ
破旧的杀意巨剑,equipment,0,75,60000,0,0,weapon,,"swordman, creator mage",否,,DNF文件知识库\参考资料\标准格式样板\equipment\character\swordman\weapon\hsword\101030239.equ
杀意巨剑,equipment,1,75,90000,45,0,weapon,,"swordman, creator mage",否,,DNF文件知识库\参考资料\标准格式样板\equipment\character\swordman\weapon\hsword\101030240.equ
铁血丹心,equipment,3,30,61200,25,0,weapon,,"swordman, creator mage",是,[毁灭之巨剑精通]技能Lv +1,DNF文件知识库\参考资料\标准格式样板\equipment\character\swordman\weapon\hsword\101030241.equ
海鲨王加顿的骨剑,equipment,3,40,79200,31,0,weapon,,"swordman, creator mage",是,[毁灭之巨剑精通]技能Lv +2 |   | 攻击速度 -3%% |   |     攻击时， 有5%%的几率使敌人进入出血状态。,DNF文件知识库\参考资料\标准格式样板\equipment\character\swordman\weapon\hsword\101030242.equ
罗特斯的足灵剑,equipment,3,45,88200,34,0,weapon,,"swordman, creator mage",是,[毁灭之巨剑精通]技能Lv +1 |   |     攻击时， 有5%%的几率使敌人进入混乱状态。 |   | 暴击伤害 +7%%,DNF文件知识库\参考资料\标准格式样板\equipment\character\swordman\weapon\hsword\101030243.equ
萨乌塔的兽角巨剑,equipment,3,45,88200,34,0,weapon,,"swordman, creator mage",否,前冲攻击时， 增加20点物理攻击力， 效果持续10秒。 (冷却时间30秒) |     攻击人型怪敌人时， 附加10%%的伤害。,DNF文件知识库\参考资料\标准格式样板\equipment\character\swordman\weapon\hsword\101030306.equ
邪龙的灵角巨剑,equipment,3,50,97200,45,0,weapon,,"swordman, creator mage",是,[毁灭之巨剑精通]技能Lv +1 |   |     攻击时， 有2%%的几率召唤出邪龙的铁索。 |     被攻击时， 有5%%的几率召唤出邪龙的铁索。,DNF文件知识库\参考资料\标准格式样板\equipment\character\swordman\weapon\hsword\101030307.equ
范哲利斯的绝望巨剑,equipment,3,55,106200,50,0,weapon,,"swordman, creator mage",否,被攻击时， 有1%%的几率召唤破坏王修顿， 效果持续30秒。,DNF文件知识库\参考资料\标准格式样板\equipment\character\swordman\weapon\hsword\101030308.equ
生锈的裁决巨剑,equipment,0,85,68000,0,0,weapon,,"swordman, creator mage",否,,DNF文件知识库\参考资料\标准格式样板\equipment\character\swordman\weapon\hsword\101030328.equ
裁决巨剑,equipment,1,85,102000,51,0,weapon,,"swordman, creator mage",否,,DNF文件知识库\参考资料\标准格式样板\equipment\character\swordman\weapon\hsword\101030329.equ
密制裁决巨剑,equipment,2,85,139200,54,0,weapon,,"swordman, creator mage",是,[唤魔 : 塔莫斯之袭]技能Lv +2 | [血饮狂舞]技能Lv +2 | [恶即斩]技能Lv +2 | [瞬影三绝斩]技能Lv +2,DNF文件知识库\参考资料\标准格式样板\equipment\character\swordman\weapon\hsword\101030330.equ
破日惊天剑,equipment,4,85,162000,220,0,weapon,,"swordman, creator mage",否,施放[上挑]、 [挑击]、 [浮空击]时， 可以发动魔刹石伊弗的强力一击。,DNF文件知识库\参考资料\标准格式样板\equipment\character\swordman\weapon\hsword\101030516.equ
荒古遗尘巨剑,equipment,4,85,182000,65,0,weapon,,"swordman, creator mage",是,技能攻击力 +35%% |   |     [↑↓+宠物技能]输入时， 可释放“第七使徒 : 火焰吞噬者安徒恩”的魔能。 |     释放结束时， 对敌人造成强烈的魔能爆炸伤害。,DNF文件知识库\参考资料\标准格式样板\equipment\character\swordman\weapon\hsword\101030517.equ
斩铁剑,equipment,3,45,88200,34,0,weapon,,"swordman, creator mage",是,[毁灭之巨剑精通]技能Lv +1 |   | 暴击伤害 +8%%,DNF文件知识库\参考资料\标准格式样板\equipment\character\swordman\weapon\hsword\101030562.equ
钢铁之臂黑色金属扳手,equipment,3,85,0,143,0,weapon,,"swordman, creator mage",是,[唤魔 : 狂暴]技能Lv +1 | [人剑合一]技能Lv +1 |   | 攻击速度 +3%%,DNF文件知识库\参考资料\标准格式样板\equipment\character\swordman\weapon\hsword\101030595.equ
锤王波罗丁的惊世宝剑,equipment,4,85,162000,62,0,weapon,,"swordman, creator mage",否,攻击时， 有5%%的几率使120px范围内的所有敌人进入眩晕状态。 |   |     对眩晕状态下敌人的伤害 +15%%,DNF文件知识库\参考资料\标准格式样板\equipment\character\swordman\weapon\hsword\101030598.equ
辟邪封灵剑,equipment,4,85,162000,62,0,weapon,,"swordman, creator mage",否,攻击恶魔、 不死族怪物时， 附加15%%的暗属性伤害。 |     攻击恶魔、 不死族怪物时， 使自身增加5%%的攻击速度、 移动速度和施放速度， 效果持续20秒。 |     消灭恶魔、 不死族敌人时， 使自身进入霸体状态， 效果持续10秒。 |   |     攻击时， 有3%%的几率发动Lv15的[压制符]。,DNF文件知识库\参考资料\标准格式样板\equipment\character\swordman\weapon\hsword\101030599.equ
圣物 : 神秘的银湖水仙之长剑,equipment,3,10,25200,13,0,weapon,,"swordman, creator mage",否,,DNF文件知识库\参考资料\标准格式样板\equipment\character\swordman\weapon\hsword\101030625.equ
圣物 : 水魔碧灵之双刃巨剑,equipment,3,15,34200,16,0,weapon,,"swordman, creator mage",否,,DNF文件知识库\参考资料\标准格式样板\equipment\character\swordman\weapon\hsword\101030626.equ
圣物 : 神秘的水魔碧灵之双刃巨剑,equipment,3,20,43200,19,0,weapon,,"swordman, creator mage",否,,DNF文件知识库\参考资料\标准格式样板\equipment\character\swordman\weapon\hsword\101030627.equ
圣物 : 月影天使之波刃长剑,equipment,3,25,52200,22,0,weapon,,"swordman, creator mage",否,,DNF文件知识库\参考资料\标准格式样板\equipment\character\swordman\weapon\hsword\101030628.equ
圣物 : 雪魂冰魄之韩瑞德长剑,equipment,3,30,61200,25,0,weapon,,"swordman, creator mage",否,,DNF文件知识库\参考资料\标准格式样板\equipment\character\swordman\weapon\hsword\101030629.equ
圣物 : 救赎天使之宽刃长剑,equipment,3,35,70200,28,0,weapon,,"swordman, creator mage",否,,DNF文件知识库\参考资料\标准格式样板\equipment\character\swordman\weapon\hsword\101030630.equ
圣物 : 飓风精灵之骑士长剑,equipment,3,40,79200,31,0,weapon,,"swordman, creator mage",否,,DNF文件知识库\参考资料\标准格式样板\equipment\character\swordman\weapon\hsword\101030631.equ
圣物 : 玄月精灵之雕纹巨剑,equipment,3,45,88200,34,0,weapon,,"swordman, creator mage",否,,DNF文件知识库\参考资料\标准格式样板\equipment\character\swordman\weapon\hsword\101030632.equ
圣物 : 冥火精灵之执刑巨剑,equipment,3,50,97200,37,0,weapon,,"swordman, creator mage",否,,DNF文件知识库\参考资料\标准格式样板\equipment\character\swordman\weapon\hsword\101030633.equ
圣物 : 恐惧精灵之雕纹巨剑,equipment,3,55,106200,40,0,weapon,,"swordman, creator mage",否,,DNF文件知识库\参考资料\标准格式样板\equipment\character\swordman\weapon\hsword\101030634.equ
圣物 : 毒狱天使的战刃巨剑,equipment,3,60,115200,43,0,weapon,,"swordman, creator mage",否,,DNF文件知识库\参考资料\标准格式样板\equipment\character\swordman\weapon\hsword\101030635.equ
圣物 : 圣光精灵的维尔特巨剑,equipment,3,65,124200,46,0,weapon,,"swordman, creator mage",否,,DNF文件知识库\参考资料\标准格式样板\equipment\character\swordman\weapon\hsword\101030636.equ
圣物 : 落炎精灵的红宝石巨剑,equipment,3,70,133200,49,0,weapon,,"swordman, creator mage",否,,DNF文件知识库\参考资料\标准格式样板\equipment\character\swordman\weapon\hsword\101030637.equ
圣物 : 雪域魔神的冰灵巨剑,equipment,3,80,151200,55,0,weapon,,"swordman, creator mage",是,根据所携带的圣物道具数量， 将会产生如下效果。 | 力量 + 245 | 智力 + 245 | 体力 + 122 | 精神 + 122,DNF文件知识库\参考资料\标准格式样板\equipment\character\swordman\weapon\hsword\101030638.equ
圣物 : 恶魔守卫的裁决巨剑,equipment,3,85,160200,58,0,weapon,,"swordman, creator mage",是,鬼剑士(男) Lv75 ~ 80全部 技能 Lv +1 (仅限主动技能， 副本内生效)  | 鬼剑士(女) Lv1 ~ 80全部 技能 Lv +1 (仅限主动技能)  |   | 根据所携带的圣物道具数量， 将会产生如下效果。  | 力量 + 273 | 智力 + 273 | 体力 + 138 | 精神 + 138,DNF文件知识库\参考资料\标准格式样板\equipment\character\swordman\weapon\hsword\101030639.equ
泰拉 : 复苏之风巨剑,equipment,4,90,0,65,0,weapon,,"swordman, creator mage",否,,DNF文件知识库\参考资料\标准格式样板\equipment\character\swordman\weapon\hsword\101030731.equ
圣剑 : 王者之剑,equipment,4,90,192000,68,0,weapon,,"swordman, creator mage",是,技能攻击力 +18%%,DNF文件知识库\参考资料\标准格式样板\equipment\character\swordman\weapon\hsword\101030733.equ
密制玉衡巨剑,equipment,2,90,147200,57,0,weapon,,"swordman, creator mage",是,[唤魔 : 塔莫斯之袭]技能Lv +2 | [群魔乱舞]技能Lv +2 | [恶即斩]技能Lv +2 | [雷鸣千军破]技能Lv +2,DNF文件知识库\参考资料\标准格式样板\equipment\character\swordman\weapon\hsword\101030734.equ
玉衡巨剑,equipment,1,90,108000,54,0,weapon,,"swordman, creator mage",否,,DNF文件知识库\参考资料\标准格式样板\equipment\character\swordman\weapon\hsword\101030735.equ
粗钝的玉衡巨剑,equipment,0,90,72000,0,0,weapon,,"swordman, creator mage",否,,DNF文件知识库\参考资料\标准格式样板\equipment\character\swordman\weapon\hsword\101030736.equ
圣物 : 兰达尔的玉衡巨剑,equipment,3,90,169200,61,0,weapon,,"swordman, creator mage",是,鬼剑士(男) Lv75 ~ 85全部 技能 Lv +1 (仅限主动技能， 副本内生效)  | 鬼剑士(女) Lv1 ~ 85全部 技能 Lv +1 (仅限主动技能)  |   | 根据所携带的圣物道具数量， 将会产生如下效果。  | 力量 + 296 | 智力 + 296 | 体力 + 148 | 精神 + 148,DNF文件知识库\参考资料\标准格式样板\equipment\character\swordman\weapon\hsword\101030737.equ
复苏之风巨剑,equipment,3,90,0,61,0,weapon,,"swordman, creator mage",否,,DNF文件知识库\参考资料\标准格式样板\equipment\character\swordman\weapon\hsword\101030739.equ
圣耀救赎巨剑,equipment,4,90,192000,68,0,weapon,,"swordman, creator mage",是,技能攻击力 +40%% |   |     [↑↓+宠物技能]输入时， 可释放“第七使徒 : 火焰吞噬者安徒恩”的魔能。 |     释放20秒后， 对敌人造成强烈的魔能爆炸伤害。,DNF文件知识库\参考资料\标准格式样板\equipment\character\swordman\weapon\hsword\101030741.equ
灼炎圣耀救赎巨剑,equipment,4,90,18450,114,0,weapon,,"swordman, creator mage",是,物理、 魔法和独立攻击力 +55%% |   |     进入地下城中， 每47秒便可释放“第七使徒； 火焰吞噬者安徒恩”的魔能。 |     释放结束时， 最后还对敌人造成魔能爆炸伤害。,DNF文件知识库\参考资料\标准格式样板\equipment\character\swordman\weapon\hsword\101030742.equ
苍穹幕落巨剑,equipment,4,95,2000000,78,0,weapon,,"swordman, creator mage",是,技能攻击力 +45%% |   | 发动透彻之力 |   - 最终伤害 +30%% |   | 属性强化超过150时， 赋予自身对应的属性攻击。,DNF文件知识库\参考资料\标准格式样板\equipment\character\swordman\weapon\hsword\101030803.equ
破旧的布莱修勒巨剑,equipment,0,95,76000,0,0,weapon,,"swordman, creator mage",否,,DNF文件知识库\参考资料\标准格式样板\equipment\character\swordman\weapon\hsword\101030804.equ
布莱修勒巨剑,equipment,1,95,114000,57,0,weapon,,"swordman, creator mage",否,,DNF文件知识库\参考资料\标准格式样板\equipment\character\swordman\weapon\hsword\101030805.equ
密制布莱修勒巨剑,equipment,2,95,155200,60,0,weapon,,"swordman, creator mage",是,[裂刃天冲]技能Lv +1 | [极 · 驭剑术 (幻剑阵)]技能Lv +1 | [唤魔 : 逆天之普诺]技能Lv +1 | [汲血魔剑]技能Lv +1,DNF文件知识库\参考资料\标准格式样板\equipment\character\swordman\weapon\hsword\101030806.equ
圣物 : 雷霆之神的布莱修勒巨剑,equipment,3,95,178200,103,0,weapon,,"swordman, creator mage",是,鬼剑士(男) Lv75 ~ 85全部 技能 Lv +1 (仅限主动技能， 副本内生效)  | 鬼剑士(女) Lv1 ~ 85全部 技能 Lv +1 (仅限主动技能)  |   | 根据所携带的圣物道具数量， 将会产生如下效果。  | 力量 + 340 | 智力 + 340 | 体力 + 170 | 精神 + 170,DNF文件知识库\参考资料\标准格式样板\equipment\character\swordman\weapon\hsword\101030807.equ
誓约之缚巨剑,equipment,4,95,180000,68,0,weapon,,"swordman, creator mage",是,攻击时， 附加24%%的伤害。,DNF文件知识库\参考资料\标准格式样板\equipment\character\swordman\weapon\hsword\101030808.equ
深渊之鳞巨剑 : [暴走],equipment,4,90,180000,68,0,weapon,,swordman,是,[暴走]力量增加率 +12%%,DNF文件知识库\参考资料\标准格式样板\equipment\character\swordman\weapon\hsword\101030820.equ
胜 · 深渊之鳞巨剑 : [人剑合一],equipment,4,90,180000,68,0,weapon,,creator mage,是,[人剑合一]技能Lv +1 | [人剑合一]暴击伤害增加量 +9%%,DNF文件知识库\参考资料\标准格式样板\equipment\character\swordman\weapon\hsword\101030821.equ
深渊之鳞巨剑 : [人剑合一],equipment,4,90,180000,68,0,weapon,,creator mage,是,[人剑合一]技能Lv +1 | [人剑合一]暴击伤害增加量 +6%%,DNF文件知识库\参考资料\标准格式样板\equipment\character\swordman\weapon\hsword\101030822.equ
胜 · 深渊之鳞巨剑 : [唤魔 : 狂暴],equipment,4,90,180000,68,0,weapon,,creator mage,是,[唤魔 : 狂暴]技能Lv +1 | [唤魔 : 狂暴]基本攻击力和技能攻击力增加率 +13%%,DNF文件知识库\参考资料\标准格式样板\equipment\character\swordman\weapon\hsword\101030823.equ
深渊之鳞巨剑 : [唤魔 : 狂暴],equipment,4,90,180000,68,0,weapon,,creator mage,是,[唤魔 : 狂暴]技能Lv +1 | [唤魔 : 狂暴]基本攻击力和技能攻击力增加率 +9%%,DNF文件知识库\参考资料\标准格式样板\equipment\character\swordman\weapon\hsword\101030824.equ
胜 · 深渊之鳞巨剑 : [暴走],equipment,4,90,180000,68,0,weapon,,swordman,是,[暴走]力量增加率 +17%%,DNF文件知识库\参考资料\标准格式样板\equipment\character\swordman\weapon\hsword\101030833.equ
天道无为巨剑,equipment,4,95,202000,71,0,weapon,,"swordman, creator mage",是,力量、 智力 +15%% | 体力、 精神 +15%% |   | 属性强化超过150时， 赋予自身对应的属性攻击。 | 攻击时， 附加30%%的伤害。 | 攻击时， 额外增加40%%的伤害增加量。,DNF文件知识库\参考资料\标准格式样板\equipment\character\swordman\weapon\hsword\101030878.equ
夜语黑瞳巨剑,equipment,4,95,202000,78,0,weapon,,"swordman, creator mage",是,技能攻击力 +50%% | 最终伤害 +35%% |   | 属性强化超过200时， 赋予自身对应的属性攻击。,DNF文件知识库\参考资料\标准格式样板\equipment\character\swordman\weapon\hsword\201030803.equ
界 · 夜语黑瞳巨剑,equipment,4,95,202000,78,0,weapon,,"swordman, creator mage",是,技能攻击力 +60%% | 最终伤害 +45%% |   | 属性强化超过250时， 赋予自身对应的属性攻击。,DNF文件知识库\参考资料\标准格式样板\equipment\character\swordman\weapon\hsword\301030803.equ
"dnf索德罗斯圣剑
【大佬定制】",equipment,4,95,1000000,250,0,weapon,,"swordman, creator mage",是,"所有技能攻击力+100%% |    攻击时,以 10%%几率朝前方3方向施展落雷 |    攻击时，使300px 范围内的敌人进入感电状态。 |    对感电状态下敌人的伤害增加80%% |    攻击时，有1%%几率使自身增加150点力量、智力、体力和精神，增加15%%攻击、施放和移动速度，效果持续30秒。（冷却30秒）",DNF文件知识库\参考资料\标准格式样板\equipment\character\swordman\weapon\hsword\820162130.equ
"dnf天龙破城剑
【大佬定制】",equipment,4,95,1000000,250,0,weapon,,"swordman, creator mage",是,"所有技能攻击力+100%% |    攻击时,以 10%%几率朝前方3方向施展落雷 |    攻击时，使300px 范围内的敌人进入感电状态。 |    对感电状态下敌人的伤害增加80%% |    攻击时，有1%%几率使自身增加150点力量、智力、体力和精神，增加15%%攻击、施放和移动速度，效果持续30秒。（冷却30秒）",DNF文件知识库\参考资料\标准格式样板\equipment\character\swordman\weapon\hsword\820162131.equ
"dnf兄弟誓约之剑
【大佬定制】",equipment,4,95,1000000,250,0,weapon,,"swordman, creator mage",是,"所有技能攻击力+100%% |    攻击时,以 10%%的机率施展火焰龙息（冷却5秒） |    攻击时，使300px 范围内的敌人进入灼伤状态。 |    对灼伤状态下敌人的伤害增加80%% |    攻击时，有1%%几率使自身增加150点力量、智力、体力和精神，增加15%%攻击、施放和移动速度，效果持续30秒。（冷却30秒）",DNF文件知识库\参考资料\标准格式样板\equipment\character\swordman\weapon\hsword\820163207.equ
"dnf破天之闪龙剑
【大佬定制】",equipment,4,95,1000000,250,0,weapon,,"swordman, creator mage",是,"所有技能攻击力+100%% |    攻击时,以 10%%的机率施展冰霜攻击 |    攻击时，5%%几率使300px 范围内的敌人进入冰冻状态2秒（冷却6秒）。 |    攻击时，使300px 范围内的敌人进入减速状态。 |    对减速状态下敌人的伤害增加80%% |    攻击时，有1%%几率使自身增加150点力量、智力、体力和精神，增加15%%攻击、施放和移动速度，效果持续30秒。（冷却30秒）",DNF文件知识库\参考资料\标准格式样板\equipment\character\swordman\weapon\hsword\820163208.equ
"dnf绝世好剑
【大佬定制】",equipment,4,95,1000000,250,0,weapon,,"swordman, creator mage",是,"所有技能攻击力+100%% |    攻击时,以 10%%的机率施展火焰龙息（冷却5秒） |    攻击时，使300px 范围内的敌人进入灼伤状态。 |    对灼伤状态下敌人的伤害增加80%% |    攻击时，有1%%几率使自身增加150点力量、智力、体力和精神，增加15%%攻击、施放和移动速度，效果持续30秒。（冷却30秒）",DNF文件知识库\参考资料\标准格式样板\equipment\character\swordman\weapon\hsword\820163210.equ
"dnf凯莉之剑
【大佬定制】",equipment,4,95,1000000,250,0,weapon,,"swordman, creator mage",是,"所有技能攻击力+100%% |    攻击时,以 10%%几率朝前方3方向施展落雷 |    攻击时，使300px 范围内的敌人进入感电状态。 |    对感电状态下敌人的伤害增加80%% |    攻击时，有1%%几率使自身增加150点力量、智力、体力和精神，增加15%%攻击、施放和移动速度，效果持续30秒。（冷却30秒）",DNF文件知识库\参考资料\标准格式样板\equipment\character\swordman\weapon\hsword\820163211.equ
"dnf魔神血剑
【大佬定制】",equipment,4,95,1000000,250,0,weapon,,"swordman, creator mage",是,"所有技能攻击力+100%% |    攻击时,以 10%%的机率施展火焰龙息（冷却5秒） |    攻击时，使300px 范围内的敌人进入灼伤状态。 |    对灼伤状态下敌人的伤害增加80%% |    攻击时，有1%%几率使自身增加150点力量、智力、体力和精神，增加15%%攻击、施放和移动速度，效果持续30秒。（冷却30秒）",DNF文件知识库\参考资料\标准格式样板\equipment\character\swordman\weapon\hsword\820163212.equ
"dnf钻石星辰剑
【大佬定制】",equipment,4,95,1000000,250,0,weapon,,"swordman, creator mage",是,"所有技能攻击力+100%% |    攻击时,以 10%%的机率施展冰霜攻击 |    攻击时，5%%几率使300px 范围内的敌人进入冰冻状态2秒（冷却6秒）。 |    攻击时，使300px 范围内的敌人进入减速状态。 |    对减速状态下敌人的伤害增加80%% |    攻击时，有1%%几率使自身增加150点力量、智力、体力和精神，增加15%%攻击、施放和移动速度，效果持续30秒。（冷却30秒）",DNF文件知识库\参考资料\标准格式样板\equipment\character\swordman\weapon\hsword\820163223.equ
"dnf魔剑-地狱烈焰
【大佬定制】",equipment,4,95,1000000,250,0,weapon,,"swordman, creator mage",是,"所有技能攻击力+100%% |    攻击时,以 10%%的机率施展火焰龙息（冷却5秒） |    攻击时，使300px 范围内的敌人进入灼伤状态。 |    对灼伤状态下敌人的伤害增加80%% |    攻击时，有1%%几率使自身增加150点力量、智力、体力和精神，增加15%%攻击、施放和移动速度，效果持续30秒。（冷却30秒）",DNF文件知识库\参考资料\标准格式样板\equipment\character\swordman\weapon\hsword\820163224.equ
"dnf虚无战剑
【大佬定制】",equipment,4,95,1000000,250,0,weapon,,"swordman, creator mage",是,"所有技能攻击力+100%% |    攻击时,以 10%%对300px 范围内的敌人发动天照 |    攻击时，使300px 范围内的敌人进入诅咒状态。 |    对诅咒状态下敌人的伤害增加80%% |    攻击时，有1%%几率使自身增加150点力量、智力、体力和精神，增加15%%攻击、施放和移动速度，效果持续30秒。（冷却30秒）",DNF文件知识库\参考资料\标准格式样板\equipment\character\swordman\weapon\hsword\820163225.equ
"dnf鲜血之怒-魔剑
【大佬定制】",equipment,4,95,1000000,250,0,weapon,,"swordman, creator mage",是,"所有技能攻击力+100%% |    攻击时,以 10%%的机率施展火焰龙息（冷却5秒） |    攻击时，使300px 范围内的敌人进入灼伤状态。 |    对灼伤状态下敌人的伤害增加80%% |    攻击时，有1%%几率使自身增加150点力量、智力、体力和精神，增加15%%攻击、施放和移动速度，效果持续30秒。（冷却30秒）",DNF文件知识库\参考资料\标准格式样板\equipment\character\swordman\weapon\hsword\820163231.equ
"dnf鲜血之怒-破城剑
【大佬定制】",equipment,4,95,1000000,250,0,weapon,,"swordman, creator mage",是,"所有技能攻击力+100%% |    攻击时,以 10%%的机率施展火焰龙息（冷却5秒） |    攻击时，使300px 范围内的敌人进入灼伤状态。 |    对灼伤状态下敌人的伤害增加80%% |    攻击时，有1%%几率使自身增加150点力量、智力、体力和精神，增加15%%攻击、施放和移动速度，效果持续30秒。（冷却30秒）",DNF文件知识库\参考资料\标准格式样板\equipment\character\swordman\weapon\hsword\820163232.equ
"dnf暗黑守护者之剑
【大佬定制】",equipment,4,95,1000000,250,0,weapon,,"swordman, creator mage",是,"所有技能攻击力+100%% |    攻击时,以 10%%对300px 范围内的敌人发动天照 |    攻击时，使300px 范围内的敌人进入诅咒状态。 |    对诅咒状态下敌人的伤害增加80%% |    攻击时，有1%%几率使自身增加150点力量、智力、体力和精神，增加15%%攻击、施放和移动速度，效果持续30秒。（冷却30秒）",DNF文件知识库\参考资料\标准格式样板\equipment\character\swordman\weapon\hsword\820163234.equ
"dnf雷神之怒-魔剑
【大佬定制】",equipment,4,95,1000000,250,0,weapon,,"swordman, creator mage",是,"所有技能攻击力+100%% |    攻击时,以 10%%几率朝前方3方向施展落雷 |    攻击时，使300px 范围内的敌人进入感电状态。 |    对感电状态下敌人的伤害增加80%% |    攻击时，有1%%几率使自身增加150点力量、智力、体力和精神，增加15%%攻击、施放和移动速度，效果持续30秒。（冷却30秒）",DNF文件知识库\参考资料\标准格式样板\equipment\character\swordman\weapon\hsword\820163235.equ
战刃长剑,equipment,1,55,68400,35,0,weapon,,"swordman, creator mage",否,,DNF文件知识库\参考资料\标准格式样板\equipment\character\swordman\weapon\hsword\battle_swd.equ
旧式战刃长剑,equipment,0,55,45600,0,0,weapon,,"swordman, creator mage",否,,DNF文件知识库\参考资料\标准格式样板\equipment\character\swordman\weapon\hsword\battle_swd_out.equ
地狱拓荒者 - 巨剑,equipment,4,90,192000,68,0,weapon,,"swordman, creator mage",是,技能攻击力 +39%% |     攻击时， 附加10%%的伤害。 |     攻击时， 有50%%的几率使Lv85的技能Lv +1， 效果持续100秒。 |     赋予自身属性强化值最高的属性攻击。,DNF文件知识库\参考资料\标准格式样板\equipment\character\swordman\weapon\hsword\chn_401030049.equ
真 · 武动之魂巨剑,equipment,4,90,0,50,50,weapon,,"swordman, creator mage",否,攻击时， 附加15%%的伤害。 (在决斗场无效),DNF文件知识库\参考资料\标准格式样板\equipment\character\swordman\weapon\hsword\chn_growth_100330539.equ
武动之魂巨剑,equipment,4,1,0,10,10,weapon,,"swordman, creator mage",否,攻击时， 附加8%%的伤害。 |   |     随着角色的成长而成长， 最高可成长到Lv86。,DNF文件知识库\参考资料\标准格式样板\equipment\character\swordman\weapon\hsword\chn_growth_200330539.equ
骑士护剑,equipment,2,35,800000,24,0,weapon,,"swordman, creator mage",否,攻击时， 有1%%的几率使敌人进入眩晕状态。,DNF文件知识库\参考资料\标准格式样板\equipment\character\swordman\weapon\hsword\defender_baron.equ
武士护剑,equipment,2,25,300000,18,0,weapon,,"swordman, creator mage",否,攻击时， 有2%%的几率使敌人进入减速状态。,DNF文件知识库\参考资料\标准格式样板\equipment\character\swordman\weapon\hsword\defender_knight.equ
传承 : 恐惧精灵之雕纹巨剑,equipment,2,55,94400,48,0,weapon,,"swordman, creator mage",否,,DNF文件知识库\参考资料\标准格式样板\equipment\character\swordman\weapon\hsword\lgcy_agitto_elrill.equ
传承 : 玄月精灵之雕纹巨剑,equipment,2,45,75200,40,0,weapon,,"swordman, creator mage",是,,DNF文件知识库\参考资料\标准格式样板\equipment\character\swordman\weapon\hsword\lgcy_agitto_nitras.equ
传承 : 毒狱天使的战刃巨剑,equipment,2,60,99200,49,0,weapon,,"swordman, creator mage",否,,DNF文件知识库\参考资料\标准格式样板\equipment\character\swordman\weapon\hsword\lgcy_battle_oreas.equ
传承 : 水魔碧灵之双刃巨剑,equipment,2,15,27200,22,0,weapon,,"swordman, creator mage",否,,DNF文件知识库\参考资料\标准格式样板\equipment\character\swordman\weapon\hsword\lgcy_claymore_kelpie.equ
传承 : 飓风精灵之骑士长剑,equipment,2,40,67200,37,0,weapon,,"swordman, creator mage",否,,DNF文件知识库\参考资料\标准格式样板\equipment\character\swordman\weapon\hsword\lgcy_crusader_meivan.equ
传承 : 月影天使之波刃长剑,equipment,2,25,43200,28,0,weapon,,"swordman, creator mage",否,,DNF文件知识库\参考资料\标准格式样板\equipment\character\swordman\weapon\hsword\lgcy_flamberge_nanai.equ
传承 : 救赎天使之宽刃长剑,equipment,2,35,59200,34,0,weapon,,"swordman, creator mage",否,,DNF文件知识库\参考资料\标准格式样板\equipment\character\swordman\weapon\hsword\lgcy_hiblade_kalize.equ
传承 : 神秘的水魔碧灵之双刃巨剑,equipment,2,20,35200,25,0,weapon,,"swordman, creator mage",否,,DNF文件知识库\参考资料\标准格式样板\equipment\character\swordman\weapon\hsword\lgcy_mclaymore_kelpie.equ
传承 : 神秘的银湖水仙之重剑,equipment,2,10,19200,19,0,weapon,,"swordman, creator mage",否,,DNF文件知识库\参考资料\标准格式样板\equipment\character\swordman\weapon\hsword\lgcy_msquares_asrai.equ
传承 : 银湖水仙之重剑,equipment,2,5,11200,16,0,weapon,,"swordman, creator mage",否,,DNF文件知识库\参考资料\标准格式样板\equipment\character\swordman\weapon\hsword\lgcy_squares_asrai.equ
传承 : 圣光精灵的维尔特巨剑,equipment,2,65,107200,52,0,weapon,,"swordman, creator mage",否,,DNF文件知识库\参考资料\标准格式样板\equipment\character\swordman\weapon\hsword\lgcy_valde_eliaden.equ
传承 : 雪魂冰魄之韩瑞德长剑,equipment,2,30,51200,31,0,weapon,,"swordman, creator mage",否,,DNF文件知识库\参考资料\标准格式样板\equipment\character\swordman\weapon\hsword\lgcy_zweihander_haras.equ
普通巨剑,equipment,1,6,7200,4,0,weapon,,"swordman, creator mage",否,,DNF文件知识库\参考资料\标准格式样板\equipment\character\swordman\weapon\hsword\lswd.equ
青铜巨剑,equipment,2,10,19200,9,0,weapon,,"swordman, creator mage",否,,DNF文件知识库\参考资料\标准格式样板\equipment\character\swordman\weapon\hsword\lswd_2221102.equ
精铸巨剑,equipment,2,15,27200,12,0,weapon,,"swordman, creator mage",否,,DNF文件知识库\参考资料\标准格式样板\equipment\character\swordman\weapon\hsword\lswd_2221103.equ
精炼的巨剑,equipment,2,20,35200,15,0,weapon,,"swordman, creator mage",否,,DNF文件知识库\参考资料\标准格式样板\equipment\character\swordman\weapon\hsword\lswd_2221104.equ
惊风剑,equipment,2,25,43200,18,0,weapon,,"swordman, creator mage",否,,DNF文件知识库\参考资料\标准格式样板\equipment\character\swordman\weapon\hsword\lswd_2221105.equ
紫影惊风剑,equipment,2,30,51200,21,0,weapon,,"swordman, creator mage",否,,DNF文件知识库\参考资料\标准格式样板\equipment\character\swordman\weapon\hsword\lswd_2221106.equ
银羽惊风剑,equipment,2,35,59200,24,0,weapon,,"swordman, creator mage",否,,DNF文件知识库\参考资料\标准格式样板\equipment\character\swordman\weapon\hsword\lswd_2221107.equ
银河骑士长剑,equipment,2,40,67200,27,0,weapon,,"swordman, creator mage",否,,DNF文件知识库\参考资料\标准格式样板\equipment\character\swordman\weapon\hsword\lswd_2221108.equ
紫玉雕纹剑,equipment,2,45,75200,30,0,weapon,,"swordman, creator mage",否,,DNF文件知识库\参考资料\标准格式样板\equipment\character\swordman\weapon\hsword\lswd_2221109.equ
神邢者巨剑,equipment,2,50,86400,35,0,weapon,,"swordman, creator mage",否,,DNF文件知识库\参考资料\标准格式样板\equipment\character\swordman\weapon\hsword\lswd_2221110.equ
星旋巨剑,equipment,2,55,106200,38,0,weapon,,"swordman, creator mage",否,,DNF文件知识库\参考资料\标准格式样板\equipment\character\swordman\weapon\hsword\lswd_2221111.equ
破魔巨剑,equipment,2,60,111600,39,0,weapon,,"swordman, creator mage",否,,DNF文件知识库\参考资料\标准格式样板\equipment\character\swordman\weapon\hsword\lswd_2221112.equ
雷光蛇舞剑,equipment,2,65,120600,42,0,weapon,,"swordman, creator mage",否,,DNF文件知识库\参考资料\标准格式样板\equipment\character\swordman\weapon\hsword\lswd_2221113.equ
狮鹫巨剑,equipment,2,70,129600,45,0,weapon,,"swordman, creator mage",否,,DNF文件知识库\参考资料\标准格式样板\equipment\character\swordman\weapon\hsword\lswd_2221114.equ
范哲利斯的咆哮巨剑,equipment,3,50,97200,37,0,weapon,,"swordman, creator mage",否,攻击速度 +2%% |     被攻击时， 有5%%的几率召唤出破坏王修顿。 (在决斗场中无效) |     HP降到50%%以下时， 增加50点力量和5%%的物理暴击率。,DNF文件知识库\参考资料\标准格式样板\equipment\character\swordman\weapon\hsword\lswd_27346.equ
卡露亚的教导 - 照胆 (活动),equipment,3,50,0,26,0,weapon,,"swordman, creator mage",是,[毁灭之巨剑精通]技能Lv +1 |   | 攻击速度 +2%% |      无法进行分解、 封装和合成。,DNF文件知识库\参考资料\标准格式样板\equipment\character\swordman\weapon\hsword\lswd_27348.equ
高科技骑士长剑,equipment,3,40,0,16,16,weapon,,"swordman, creator mage",是,[穿云破空剑]技能Lv +2 | [蛇腹剑 : 灭]技能Lv +1 | [毁灭之巨剑精通]技能Lv +2 |   | 攻击速度 +2%% |      无法进行分解、 封装和合成。,DNF文件知识库\参考资料\标准格式样板\equipment\character\swordman\weapon\hsword\lswd_27349.equ
正气之剑,equipment,4,55,0,42,0,weapon,,"swordman, creator mage",是,[暴走]冷却时间 -5秒 | [嗜血]冷却时间 -5秒 | 施放[嗜血]时， 可以使所有敌人进入出血状态。 | 攻击速度 +4%%,DNF文件知识库\参考资料\标准格式样板\equipment\character\swordman\weapon\hsword\lswd_27351.equ
战争英雄之无双巨剑,equipment,3,65,124200,46,0,weapon,,"swordman, creator mage",否,每增加1名队员， 可以增加15点的力量和智力。 (若无其他队员时， 则只增加15点力量和智力) |     队伍中有1名队员死亡时， 武器会变红并增加自身30%%的攻击力， 效果持续10秒。 (解除装备后效果消失) |     HP降到10%%以下时， 消耗1个灵魂晶石， 可恢复10%%的HP。 (冷却时间为60秒； 在决斗场中无效),DNF文件知识库\参考资料\标准格式样板\equipment\character\swordman\weapon\hsword\lswd_27352.equ
黯淡的红宝石巨剑,equipment,0,70,56000,0,0,weapon,,"swordman, creator mage",否,,DNF文件知识库\参考资料\标准格式样板\equipment\character\swordman\weapon\hsword\lswd_27357.equ
红宝石巨剑,equipment,1,70,84000,42,0,weapon,,"swordman, creator mage",否,,DNF文件知识库\参考资料\标准格式样板\equipment\character\swordman\weapon\hsword\lswd_27358.equ
破穹巨剑,equipment,2,70,129600,45,0,weapon,,"swordman, creator mage",是,[穿云破空剑]技能Lv +1 | [蛇腹剑 : 灭]技能Lv +1,DNF文件知识库\参考资料\标准格式样板\equipment\character\swordman\weapon\hsword\lswd_27359.equ
罗兰守卫[网咖],equipment,3,10,21600,12,0,weapon,,"swordman, creator mage",是,[毁灭之巨剑精通]技能Lv +1 |   | 攻击速度 +1%% | 不可强化、增幅、提炼、解体、送礼、仓库储存,DNF文件知识库\参考资料\标准格式样板\equipment\character\swordman\weapon\hsword\lswd_27360.equ
范戴克之剑[网咖],equipment,3,20,43200,19,0,weapon,,"swordman, creator mage",是,[毁灭之巨剑精通]技能Lv +2 |   | 不能强化、增幅、提炼、解体、送礼、储存仓库,DNF文件知识库\参考资料\标准格式样板\equipment\character\swordman\weapon\hsword\lswd_27361.equ
卡赞的诅咒[网咖],equipment,3,30,61200,25,0,weapon,,"swordman, creator mage",是,攻击时以 3%% 的机率让敌人呈现出血状态 | 自己出血状态时攻击力增加50%%  | 不可强化、增幅、提炼、解体、送礼、仓库储存,DNF文件知识库\参考资料\标准格式样板\equipment\character\swordman\weapon\hsword\lswd_27362.equ
阿甘左的大刀[网咖],equipment,3,40,79200,31,0,weapon,,"swordman, creator mage",是,[毁灭之巨剑精通]技能Lv +2 |   | 攻击速度 +2%% | 不可强化、增幅、提炼、解体、送礼、仓库储存,DNF文件知识库\参考资料\标准格式样板\equipment\character\swordman\weapon\hsword\lswd_27363.equ
高乐亚的教诲 - 果断[网咖],equipment,3,50,100800,38,0,weapon,,"swordman, creator mage",是,[毁灭之巨剑精通]技能Lv +1 |   | 攻击速度 +2%% | 不可强化、增幅、提炼、解体、送礼、仓库储存,DNF文件知识库\参考资料\标准格式样板\equipment\character\swordman\weapon\hsword\lswd_27364.equ
净化的恶魔奴役[网咖],equipment,3,65,124200,66,0,weapon,,"swordman, creator mage",是,物理攻击力增加20  | 不可强化、增幅、提炼、解体、送礼、仓库储存,DNF文件知识库\参考资料\标准格式样板\equipment\character\swordman\weapon\hsword\lswd_27366.equ
魔之密语巨剑,equipment,4,70,135000,50,0,weapon,,"swordman, creator mage",否,攻击速度 +3%% |     攻击时， 附加8000点伤害。 (在决斗场中无效) |     攻击时， 有10%%的几率出现冥炎之卡洛。 (在决斗场中无效),DNF文件知识库\参考资料\标准格式样板\equipment\character\swordman\weapon\hsword\lswd_27367.equ
净化之恶魔的奴隶,equipment,3,65,124200,66,0,weapon,,"swordman, creator mage",是,[魔剑控制]技能Lv +1 | [魔剑奥义]技能Lv +2 |   | 物理攻击力 +20,DNF文件知识库\参考资料\标准格式样板\equipment\character\swordman\weapon\hsword\lswd_27592.equ
恶魔的奴隶,equipment,4,65,126000,77,0,weapon,,"swordman, creator mage",是,[魔剑控制]技能Lv +2 |   | 物理攻击力 +30 | [暴走]持续时间 +10秒,DNF文件知识库\参考资料\标准格式样板\equipment\character\swordman\weapon\hsword\lswd_27593.equ
泰坦的战刃巨剑,equipment,3,65,124200,46,0,weapon,,"swordman, creator mage",是,[唤魔 : 狂暴]技能Lv +1,DNF文件知识库\参考资料\标准格式样板\equipment\character\swordman\weapon\hsword\lswd_27595.equ
神之豁免巨剑,equipment,5,0,107200,53,0,weapon,,swordman,否,,DNF文件知识库\参考资料\标准格式样板\equipment\character\swordman\weapon\hsword\lswd_27596.equ
简易巨剑,equipment,0,1,800,1,0,weapon,,"swordman, creator mage",否,,DNF文件知识库\参考资料\标准格式样板\equipment\character\swordman\weapon\hsword\lswd_27597.equ
萨乌塔的血饮巨剑,equipment,3,10,25200,13,0,weapon,,"swordman, creator mage",是,[招架]技能Lv +1 |   | 前冲攻击时， 附加10%%的伤害。,DNF文件知识库\参考资料\标准格式样板\equipment\character\swordman\weapon\hsword\lswd_27598.equ
残忍之弑巨剑 : [拔刀斩],equipment,5,0,0,45,0,weapon,,swordman,是,[拔刀斩]冷却时间 -14%% | [拔刀斩]MP消耗量 -14%%,DNF文件知识库\参考资料\标准格式样板\equipment\character\swordman\weapon\hsword\lswd_2choro1.equ
疾风之影巨剑 : [崩山击],equipment,5,0,0,45,0,weapon,,swordman,是,[崩山击]跳跃距离 +14%%,DNF文件知识库\参考资料\标准格式样板\equipment\character\swordman\weapon\hsword\lswd_2choro10.equ
精 · 加持的神之怒击巨剑 : [怒气爆发],equipment,5,70,0,61,0,weapon,,swordman,是,[怒气爆发]攻击力 +18%% | 攻击速度 +2%%,DNF文件知识库\参考资料\标准格式样板\equipment\character\swordman\weapon\hsword\lswd_2choro100.equ
精 · 加持的残忍之弑巨剑 : [嗜魂封魔斩],equipment,5,70,0,61,0,weapon,,swordman,是,[嗜魂封魔斩]冷却时间 -18%% | [嗜魂封魔斩]MP消耗量 -18%% | 攻击速度 +2%%,DNF文件知识库\参考资料\标准格式样板\equipment\character\swordman\weapon\hsword\lswd_2choro101.equ
精 · 加持的秘技之境巨剑 : [崩山裂地斩],equipment,5,70,0,61,0,weapon,,swordman,是,[崩山裂地斩]多段攻击 +2 | [崩山裂地斩]攻击力 -3%% | 攻击速度 +2%%,DNF文件知识库\参考资料\标准格式样板\equipment\character\swordman\weapon\hsword\lswd_2choro102.equ
精 · 加持的神之怒击巨剑 : [嗜魂封魔斩],equipment,5,70,0,61,0,weapon,,swordman,是,[嗜魂封魔斩]攻击力 +18%% | 攻击速度 +2%%,DNF文件知识库\参考资料\标准格式样板\equipment\character\swordman\weapon\hsword\lswd_2choro103.equ
精 · 加持的疾风之影巨剑 : [崩山裂地斩],equipment,5,70,0,61,0,weapon,,swordman,是,[崩山裂地斩]冷却时间 -9%% | [崩山裂地斩]MP消耗量 -9%% | [崩山裂地斩]攻击力 +9%% | 攻击速度 +2%%,DNF文件知识库\参考资料\标准格式样板\equipment\character\swordman\weapon\hsword\lswd_2choro104.equ
精 · Mr.根之源巨剑,equipment,5,70,0,61,0,weapon,,swordman,否,攻击速度 +2%%,DNF文件知识库\参考资料\标准格式样板\equipment\character\swordman\weapon\hsword\lswd_2choro105.equ
精 · 秘技传授者巨剑,equipment,5,70,0,61,0,weapon,,swordman,否,攻击速度 +2%%,DNF文件知识库\参考资料\标准格式样板\equipment\character\swordman\weapon\hsword\lswd_2choro106.equ
精 · 苍鹰之眸巨剑,equipment,5,70,0,61,0,weapon,,swordman,否,攻击速度 +2%%,DNF文件知识库\参考资料\标准格式样板\equipment\character\swordman\weapon\hsword\lswd_2choro107.equ
精 · 无限猛袭巨剑,equipment,5,70,0,61,0,weapon,,swordman,否,攻击速度 +2%%,DNF文件知识库\参考资料\标准格式样板\equipment\character\swordman\weapon\hsword\lswd_2choro108.equ
精 · 血之泛滥巨剑,equipment,5,70,0,61,0,weapon,,swordman,否,攻击速度 +2%%,DNF文件知识库\参考资料\标准格式样板\equipment\character\swordman\weapon\hsword\lswd_2choro109.equ
苍穹之啸巨剑 : [崩山击],equipment,5,0,0,45,0,weapon,,swordman,是,[崩山击]冲击波范围 +10%%,DNF文件知识库\参考资料\标准格式样板\equipment\character\swordman\weapon\hsword\lswd_2choro11.equ
精 · 终极鲁莽巨剑,equipment,5,70,0,61,0,weapon,,swordman,否,攻击速度 +2%%,DNF文件知识库\参考资料\标准格式样板\equipment\character\swordman\weapon\hsword\lswd_2choro110.equ
精 · 永生之谋杀巨剑,equipment,5,70,0,61,0,weapon,,swordman,否,攻击速度 +2%%,DNF文件知识库\参考资料\标准格式样板\equipment\character\swordman\weapon\hsword\lswd_2choro111.equ
精 · 加持的秘技之境巨剑 : [嗜魂封魔斩],equipment,5,70,0,61,0,weapon,,swordman,是,[嗜魂封魔斩]达到最高攻击力需吸附的敌人数 -2 | 攻击速度 +2%%,DNF文件知识库\参考资料\标准格式样板\equipment\character\swordman\weapon\hsword\lswd_2choro112.equ
嗜血之殇巨剑 : [血之狂暴],equipment,5,0,0,45,0,weapon,,swordman,是,[血之狂暴]杀死出血状态的敌人时， 自身HP恢复值 +10%%,DNF文件知识库\参考资料\标准格式样板\equipment\character\swordman\weapon\hsword\lswd_2choro12.equ
血之反噬巨剑 : [血之狂暴],equipment,5,0,0,45,0,weapon,,swordman,是,[血之狂暴]出血几率 +17%%,DNF文件知识库\参考资料\标准格式样板\equipment\character\swordman\weapon\hsword\lswd_2choro13.equ
残忍之弑巨剑 : [崩山裂地斩],equipment,5,0,0,45,0,weapon,,swordman,是,[崩山裂地斩]冷却时间 -14%% | [崩山裂地斩]MP消耗量 -14%%,DNF文件知识库\参考资料\标准格式样板\equipment\character\swordman\weapon\hsword\lswd_2choro14.equ
疾风之影巨剑 : [崩山裂地斩],equipment,5,0,0,45,0,weapon,,swordman,是,[崩山裂地斩]冷却时间 -7%% | [崩山裂地斩]MP消耗量 -7%% | [崩山裂地斩]攻击力 +7%%,DNF文件知识库\参考资料\标准格式样板\equipment\character\swordman\weapon\hsword\lswd_2choro15.equ
神之怒击巨剑 : [崩山裂地斩],equipment,5,0,0,45,0,weapon,,swordman,是,[崩山裂地斩]攻击力 +14%%,DNF文件知识库\参考资料\标准格式样板\equipment\character\swordman\weapon\hsword\lswd_2choro16.equ
加持的残忍之弑巨剑 : [拔刀斩],equipment,5,0,0,45,0,weapon,,swordman,是,[拔刀斩]冷却时间 -18%% | [拔刀斩]MP消耗量 -18%%,DNF文件知识库\参考资料\标准格式样板\equipment\character\swordman\weapon\hsword\lswd_2choro17.equ
加持的神之怒击巨剑 : [拔刀斩],equipment,5,0,0,45,0,weapon,,swordman,是,[拔刀斩]攻击力 +18%%,DNF文件知识库\参考资料\标准格式样板\equipment\character\swordman\weapon\hsword\lswd_2choro18.equ
加持的残忍之弑巨剑 : [破军升龙击],equipment,5,0,0,45,0,weapon,,swordman,是,[破军升龙击]冷却时间 -18%% | [破军升龙击]MP消耗量 -18%%,DNF文件知识库\参考资料\标准格式样板\equipment\character\swordman\weapon\hsword\lswd_2choro19.equ
神之怒击巨剑 : [拔刀斩],equipment,5,0,0,45,0,weapon,,swordman,是,[拔刀斩]攻击力 +14%%,DNF文件知识库\参考资料\标准格式样板\equipment\character\swordman\weapon\hsword\lswd_2choro2.equ
加持的疾风之影巨剑 : [破军升龙击],equipment,5,0,0,45,0,weapon,,swordman,是,[破军升龙击]突袭距离 +18%%,DNF文件知识库\参考资料\标准格式样板\equipment\character\swordman\weapon\hsword\lswd_2choro20.equ
加持的残忍之弑巨剑 : [猛龙断空斩],equipment,5,0,0,45,0,weapon,,swordman,是,[猛龙断空斩]冷却时间 -18%% | [猛龙断空斩]MP消耗量 -18%%,DNF文件知识库\参考资料\标准格式样板\equipment\character\swordman\weapon\hsword\lswd_2choro21.equ
加持的神之怒击巨剑 : [猛龙断空斩],equipment,5,0,0,45,0,weapon,,swordman,是,[猛龙断空斩]攻击力 +18%%,DNF文件知识库\参考资料\标准格式样板\equipment\character\swordman\weapon\hsword\lswd_2choro22.equ
加持的残忍之弑巨剑 : [幻影剑舞],equipment,5,0,0,45,0,weapon,,swordman,是,[幻影剑舞]冷却时间 -18%% | [幻影剑舞]MP消耗量 -18%%,DNF文件知识库\参考资料\标准格式样板\equipment\character\swordman\weapon\hsword\lswd_2choro23.equ
加持的神之怒击巨剑 : [幻影剑舞],equipment,5,0,0,45,0,weapon,,swordman,是,[幻影剑舞]攻击力 +18%% | [钝器精通]下[幻影剑舞]的冲击波攻击力 +18%%,DNF文件知识库\参考资料\标准格式样板\equipment\character\swordman\weapon\hsword\lswd_2choro24.equ
加持的残忍之弑巨剑 : [崩山击],equipment,5,0,0,45,0,weapon,,swordman,是,[崩山击]冷却时间 -18%% | [崩山击]MP消耗量 -18%%,DNF文件知识库\参考资料\标准格式样板\equipment\character\swordman\weapon\hsword\lswd_2choro25.equ
加持的疾风之影巨剑 : [崩山击],equipment,5,0,0,45,0,weapon,,swordman,是,[崩山击]跳跃距离 +18%%,DNF文件知识库\参考资料\标准格式样板\equipment\character\swordman\weapon\hsword\lswd_2choro26.equ
加持的苍穹之啸巨剑 : [崩山击],equipment,5,0,0,45,0,weapon,,swordman,是,[崩山击]冲击波范围 +12%%,DNF文件知识库\参考资料\标准格式样板\equipment\character\swordman\weapon\hsword\lswd_2choro27.equ
加持的嗜血之殇巨剑 : [血之狂暴],equipment,5,0,0,45,0,weapon,,swordman,是,[血之狂暴]杀死出血状态的敌人时， 自身HP恢复值 +12%%,DNF文件知识库\参考资料\标准格式样板\equipment\character\swordman\weapon\hsword\lswd_2choro28.equ
加持的血之反噬巨剑 : [血之狂暴],equipment,5,0,0,45,0,weapon,,swordman,是,[血之狂暴]出血几率 +22%%,DNF文件知识库\参考资料\标准格式样板\equipment\character\swordman\weapon\hsword\lswd_2choro29.equ
残忍之弑巨剑 : [破军升龙击],equipment,5,0,0,45,0,weapon,,swordman,是,[破军升龙击]冷却时间 -14%% | [破军升龙击]MP消耗量 -14%%,DNF文件知识库\参考资料\标准格式样板\equipment\character\swordman\weapon\hsword\lswd_2choro3.equ
加持的残忍之弑巨剑 : [崩山裂地斩],equipment,5,0,0,45,0,weapon,,swordman,是,[崩山裂地斩]冷却时间 -18%% | [崩山裂地斩]MP消耗量 -18%%,DNF文件知识库\参考资料\标准格式样板\equipment\character\swordman\weapon\hsword\lswd_2choro30.equ
加持的疾风之影巨剑 : [崩山裂地斩],equipment,5,0,0,45,0,weapon,,swordman,是,[崩山裂地斩]冷却时间 -9%% | [崩山裂地斩]MP消耗量 -9%% | [崩山裂地斩]攻击力 +9%%,DNF文件知识库\参考资料\标准格式样板\equipment\character\swordman\weapon\hsword\lswd_2choro31.equ
加持的神之怒击巨剑 : [崩山裂地斩],equipment,5,0,0,45,0,weapon,,swordman,是,[崩山裂地斩]攻击力 +18%%,DNF文件知识库\参考资料\标准格式样板\equipment\character\swordman\weapon\hsword\lswd_2choro32.equ
神之怒击巨剑 : [崩山击],equipment,5,0,0,45,0,weapon,,swordman,是,[崩山击]攻击力 +14%%,DNF文件知识库\参考资料\标准格式样板\equipment\character\swordman\weapon\hsword\lswd_2choro33.equ
残忍之弑巨剑 : [怒气爆发],equipment,5,0,0,45,0,weapon,,swordman,是,[怒气爆发]冷却时间 -14%% | [怒气爆发]MP消耗量 -14%%,DNF文件知识库\参考资料\标准格式样板\equipment\character\swordman\weapon\hsword\lswd_2choro34.equ
时光之袭巨剑 : [怒气爆发],equipment,5,0,0,45,0,weapon,,swordman,是,[怒气爆发]攻击次数 +2 | [怒气爆发]攻击力 -5%%,DNF文件知识库\参考资料\标准格式样板\equipment\character\swordman\weapon\hsword\lswd_2choro35.equ
神之怒击巨剑 : [怒气爆发],equipment,5,0,0,45,0,weapon,,swordman,是,[怒气爆发]攻击力 +14%%,DNF文件知识库\参考资料\标准格式样板\equipment\character\swordman\weapon\hsword\lswd_2choro36.equ
残忍之弑巨剑 : [嗜魂封魔斩],equipment,5,0,0,45,0,weapon,,swordman,是,[嗜魂封魔斩]冷却时间 -14%% | [嗜魂封魔斩]MP消耗量 -14%%,DNF文件知识库\参考资料\标准格式样板\equipment\character\swordman\weapon\hsword\lswd_2choro37.equ
秘技之境巨剑 : [崩山裂地斩],equipment,5,0,0,45,0,weapon,,swordman,是,[崩山裂地斩]多段攻击 +2 | [崩山裂地斩]攻击力 -4%%,DNF文件知识库\参考资料\标准格式样板\equipment\character\swordman\weapon\hsword\lswd_2choro38.equ
神之怒击巨剑 : [嗜魂封魔斩],equipment,5,0,0,45,0,weapon,,swordman,是,[嗜魂封魔斩]攻击力 +14%%,DNF文件知识库\参考资料\标准格式样板\equipment\character\swordman\weapon\hsword\lswd_2choro39.equ
疾风之影巨剑 : [破军升龙击],equipment,5,0,0,45,0,weapon,,swordman,是,[破军升龙击]突袭距离 +14%%,DNF文件知识库\参考资料\标准格式样板\equipment\character\swordman\weapon\hsword\lswd_2choro4.equ
加持的神之怒击巨剑 : [崩山击],equipment,5,0,0,45,0,weapon,,swordman,是,[崩山击]攻击力 +18%%,DNF文件知识库\参考资料\标准格式样板\equipment\character\swordman\weapon\hsword\lswd_2choro40.equ
加持的残忍之弑巨剑 : [怒气爆发],equipment,5,0,0,45,0,weapon,,swordman,是,[怒气爆发]冷却时间 -18%% | [怒气爆发]MP消耗量 -18%%,DNF文件知识库\参考资料\标准格式样板\equipment\character\swordman\weapon\hsword\lswd_2choro41.equ
加持的时光之袭巨剑 : [怒气爆发],equipment,5,0,0,45,0,weapon,,swordman,是,[怒气爆发]攻击次数 +2 | [怒气爆发]攻击力 -4%%,DNF文件知识库\参考资料\标准格式样板\equipment\character\swordman\weapon\hsword\lswd_2choro42.equ
加持的神之怒击巨剑 : [怒气爆发],equipment,5,0,0,45,0,weapon,,swordman,是,[怒气爆发]攻击力 +18%%,DNF文件知识库\参考资料\标准格式样板\equipment\character\swordman\weapon\hsword\lswd_2choro43.equ
加持的残忍之弑巨剑 : [嗜魂封魔斩],equipment,5,0,0,45,0,weapon,,swordman,是,[嗜魂封魔斩]冷却时间 -18%% | [嗜魂封魔斩]MP消耗量 -18%%,DNF文件知识库\参考资料\标准格式样板\equipment\character\swordman\weapon\hsword\lswd_2choro44.equ
加持的秘技之境巨剑 : [崩山裂地斩],equipment,5,0,0,45,0,weapon,,swordman,是,[崩山裂地斩]多段攻击次数 +2 | [崩山裂地斩]攻击力 -3%%,DNF文件知识库\参考资料\标准格式样板\equipment\character\swordman\weapon\hsword\lswd_2choro45.equ
加持的神之怒击巨剑 : [嗜魂封魔斩],equipment,5,0,0,45,0,weapon,,swordman,是,[嗜魂封魔斩]攻击力 +18%%,DNF文件知识库\参考资料\标准格式样板\equipment\character\swordman\weapon\hsword\lswd_2choro46.equ
时光之袭巨剑 : [崩山裂地斩],equipment,5,0,0,45,0,weapon,,swordman,是,[崩山裂地斩]冷却时间 -7%% | [崩山裂地斩]MP消耗量 -7%% | [崩山裂地斩]攻击力 +7%%,DNF文件知识库\参考资料\标准格式样板\equipment\character\swordman\weapon\hsword\lswd_2choro47.equ
加持的时光之袭巨剑 : [崩山裂地斩],equipment,5,0,0,45,0,weapon,,swordman,是,[崩山裂地斩]冷却时间 -9%% | [崩山裂地斩]MP消耗量 -9%% | [崩山裂地斩]攻击力 +9%%,DNF文件知识库\参考资料\标准格式样板\equipment\character\swordman\weapon\hsword\lswd_2choro48.equ
Mr.根之源巨剑,equipment,5,0,0,45,0,weapon,,swordman,否,,DNF文件知识库\参考资料\标准格式样板\equipment\character\swordman\weapon\hsword\lswd_2choro49.equ
残忍之弑巨剑 : [猛龙断空斩],equipment,5,0,0,45,0,weapon,,swordman,是,[猛龙断空斩]冷却时间 -14%% | [猛龙断空斩]MP消耗量 -14%%,DNF文件知识库\参考资料\标准格式样板\equipment\character\swordman\weapon\hsword\lswd_2choro5.equ
秘技传授者巨剑,equipment,5,0,0,45,0,weapon,,swordman,否,,DNF文件知识库\参考资料\标准格式样板\equipment\character\swordman\weapon\hsword\lswd_2choro50.equ
苍鹰之眸巨剑,equipment,5,0,0,45,0,weapon,,swordman,否,,DNF文件知识库\参考资料\标准格式样板\equipment\character\swordman\weapon\hsword\lswd_2choro51.equ
无限猛袭巨剑,equipment,5,0,0,45,0,weapon,,swordman,否,,DNF文件知识库\参考资料\标准格式样板\equipment\character\swordman\weapon\hsword\lswd_2choro52.equ
血之泛滥巨剑,equipment,5,0,0,45,0,weapon,,swordman,否,,DNF文件知识库\参考资料\标准格式样板\equipment\character\swordman\weapon\hsword\lswd_2choro53.equ
终极鲁莽巨剑,equipment,5,0,0,45,0,weapon,,swordman,否,,DNF文件知识库\参考资料\标准格式样板\equipment\character\swordman\weapon\hsword\lswd_2choro54.equ
永生之谋杀巨剑,equipment,5,0,0,45,0,weapon,,swordman,否,,DNF文件知识库\参考资料\标准格式样板\equipment\character\swordman\weapon\hsword\lswd_2choro55.equ
加持的秘技之境巨剑 : [嗜魂封魔斩],equipment,5,0,0,45,0,weapon,,swordman,是,[嗜魂封魔斩]达到最高攻击力需吸附的敌人数 -2,DNF文件知识库\参考资料\标准格式样板\equipment\character\swordman\weapon\hsword\lswd_2choro56.equ
精 · 加持的残忍之弑巨剑 : [拔刀斩],equipment,5,70,0,61,0,weapon,,swordman,是,[拔刀斩]冷却时间 -18%% | [拔刀斩]MP消耗量 -18%% | 攻击速度 +2%%,DNF文件知识库\参考资料\标准格式样板\equipment\character\swordman\weapon\hsword\lswd_2choro57.equ
精 · 加持的神之怒击巨剑 : [拔刀斩],equipment,5,70,0,61,0,weapon,,swordman,是,[拔刀斩]攻击力 +18%% | 攻击速度 +2%%,DNF文件知识库\参考资料\标准格式样板\equipment\character\swordman\weapon\hsword\lswd_2choro58.equ
精 · 加持的残忍之弑巨剑 : [破军升龙击],equipment,5,70,0,61,0,weapon,,swordman,是,[破军升龙击]冷却时间 -18%% | [破军升龙击]MP消耗量 -18%% | 攻击速度 +2%%,DNF文件知识库\参考资料\标准格式样板\equipment\character\swordman\weapon\hsword\lswd_2choro59.equ
神之怒击巨剑 : [猛龙断空斩],equipment,5,0,0,45,0,weapon,,swordman,是,[猛龙断空斩]攻击力 +14%%,DNF文件知识库\参考资料\标准格式样板\equipment\character\swordman\weapon\hsword\lswd_2choro6.equ
精 · 加持的疾风之影巨剑 : [破军升龙击],equipment,5,70,0,61,0,weapon,,swordman,是,[破军升龙击]突袭距离 +18%% | 攻击速度 +2%%,DNF文件知识库\参考资料\标准格式样板\equipment\character\swordman\weapon\hsword\lswd_2choro60.equ
精 · 加持的残忍之弑巨剑 : [猛龙断空斩],equipment,5,70,0,61,0,weapon,,swordman,是,[猛龙断空斩]冷却时间 -18%% | [猛龙断空斩]MP消耗量 -18%% | 攻击速度 +2%%,DNF文件知识库\参考资料\标准格式样板\equipment\character\swordman\weapon\hsword\lswd_2choro61.equ
精 · 加持的神之怒击巨剑 : [猛龙断空斩],equipment,5,70,0,61,0,weapon,,swordman,是,[猛龙断空斩]攻击力 +18%% | 攻击速度 +2%%,DNF文件知识库\参考资料\标准格式样板\equipment\character\swordman\weapon\hsword\lswd_2choro62.equ
精 · 加持的残忍之弑巨剑 : [幻影剑舞],equipment,5,70,0,61,0,weapon,,swordman,是,[幻影剑舞]冷却时间 -18%% | [幻影剑舞]MP消耗量 -18%% | 攻击速度 +2%%,DNF文件知识库\参考资料\标准格式样板\equipment\character\swordman\weapon\hsword\lswd_2choro63.equ
精 · 加持的神之怒击巨剑 : [幻影剑舞],equipment,5,70,0,61,0,weapon,,swordman,是,[幻影剑舞]攻击力 +18%% | [钝器精通]下[幻影剑舞]的冲击波攻击力 +18%% | 攻击速度 +2%%,DNF文件知识库\参考资料\标准格式样板\equipment\character\swordman\weapon\hsword\lswd_2choro64.equ
精 · 加持的残忍之弑巨剑 : [崩山击],equipment,5,70,0,61,0,weapon,,swordman,是,[崩山击]冷却时间 -18%% | [崩山击]MP消耗量 -18%% | 攻击速度 +2%%,DNF文件知识库\参考资料\标准格式样板\equipment\character\swordman\weapon\hsword\lswd_2choro65.equ
精 · 加持的疾风之影巨剑 : [崩山击],equipment,5,70,0,61,0,weapon,,swordman,是,[崩山击]跳跃距离 +18%% | 攻击速度 +2%%,DNF文件知识库\参考资料\标准格式样板\equipment\character\swordman\weapon\hsword\lswd_2choro66.equ
精 · 加持的苍穹之啸巨剑 : [崩山击],equipment,5,70,0,61,0,weapon,,swordman,是,[崩山击]冲击波范围 +12%% | 攻击速度 +2%%,DNF文件知识库\参考资料\标准格式样板\equipment\character\swordman\weapon\hsword\lswd_2choro67.equ
精 · 加持的嗜血之殇巨剑 : [血之狂暴],equipment,5,70,0,61,0,weapon,,swordman,是,[血之狂暴]杀死出血状态的敌人时， 自身HP恢复率 +12%% | 攻击速度 +2%%,DNF文件知识库\参考资料\标准格式样板\equipment\character\swordman\weapon\hsword\lswd_2choro68.equ
精 · 加持的血之反噬巨剑 : [血之狂暴],equipment,5,70,0,61,0,weapon,,swordman,是,[血之狂暴]出血几率 +22%% | 攻击速度 +2%%,DNF文件知识库\参考资料\标准格式样板\equipment\character\swordman\weapon\hsword\lswd_2choro69.equ
残忍之弑巨剑 : [幻影剑舞],equipment,5,0,0,45,0,weapon,,swordman,是,[幻影剑舞]冷却时间 -14%% | [幻影剑舞]MP消耗量 -14%%,DNF文件知识库\参考资料\标准格式样板\equipment\character\swordman\weapon\hsword\lswd_2choro7.equ
精 · 加持的残忍之弑巨剑 : [崩山裂地斩],equipment,5,70,0,61,0,weapon,,swordman,是,[崩山裂地斩]冷却时间 -18%% | [崩山裂地斩]MP消耗量 -18%% | 攻击速度 +2%%,DNF文件知识库\参考资料\标准格式样板\equipment\character\swordman\weapon\hsword\lswd_2choro70.equ
精 · 加持的疾风之影巨剑 : [崩山裂地斩],equipment,5,70,0,61,0,weapon,,swordman,是,[崩山裂地斩]冷却时间 -9%% | [崩山裂地斩]MP消耗量 -9%% | [崩山裂地斩]攻击力 +9%% | 攻击速度 +2%%,DNF文件知识库\参考资料\标准格式样板\equipment\character\swordman\weapon\hsword\lswd_2choro71.equ
精 · 加持的神之怒击巨剑 : [崩山裂地斩],equipment,5,70,0,61,0,weapon,,swordman,是,[崩山裂地斩]攻击力 +18%% | 攻击速度 +2%%,DNF文件知识库\参考资料\标准格式样板\equipment\character\swordman\weapon\hsword\lswd_2choro72.equ
精 · 加持的神之怒击巨剑 : [崩山击],equipment,5,70,0,61,0,weapon,,swordman,是,[崩山击]攻击力 +18%% | 攻击速度 +2%%,DNF文件知识库\参考资料\标准格式样板\equipment\character\swordman\weapon\hsword\lswd_2choro73.equ
精 · 加持的残忍之弑巨剑 : [怒气爆发],equipment,5,70,0,61,0,weapon,,swordman,是,[怒气爆发]冷却时间 -18%% | [怒气爆发]MP消耗量 -18%% | 攻击速度 +2%%,DNF文件知识库\参考资料\标准格式样板\equipment\character\swordman\weapon\hsword\lswd_2choro74.equ
精 · 加持的时光之袭巨剑 : [怒气爆发],equipment,5,70,0,61,0,weapon,,swordman,是,[怒气爆发]攻击次数 +2 | [怒气爆发]攻击力 -4%% | 攻击速度 +2%%,DNF文件知识库\参考资料\标准格式样板\equipment\character\swordman\weapon\hsword\lswd_2choro75.equ
精 · 加持的神之怒击巨剑 : [怒气爆发],equipment,5,70,0,61,0,weapon,,swordman,是,[怒气爆发]攻击力 +18%% | 攻击速度 +2%%,DNF文件知识库\参考资料\标准格式样板\equipment\character\swordman\weapon\hsword\lswd_2choro76.equ
精 · 加持的残忍之弑巨剑 : [嗜魂封魔斩],equipment,5,70,0,61,0,weapon,,swordman,是,[嗜魂封魔斩]冷却时间 -18%% | [嗜魂封魔斩]MP消耗量 -18%% | 攻击速度 +2%%,DNF文件知识库\参考资料\标准格式样板\equipment\character\swordman\weapon\hsword\lswd_2choro77.equ
精 · 加持的秘技之境巨剑 : [崩山裂地斩],equipment,5,70,0,61,0,weapon,,swordman,是,[崩山裂地斩]多段攻击次数 +2 | [崩山裂地斩]攻击力 -3%% | 攻击速度 +2%%,DNF文件知识库\参考资料\标准格式样板\equipment\character\swordman\weapon\hsword\lswd_2choro78.equ
精 · 加持的神之怒击巨剑 : [嗜魂封魔斩],equipment,5,70,0,61,0,weapon,,swordman,是,[嗜魂封魔斩]攻击力 +18%% | 攻击速度 +2%%,DNF文件知识库\参考资料\标准格式样板\equipment\character\swordman\weapon\hsword\lswd_2choro79.equ
神之怒击巨剑 : [幻影剑舞],equipment,5,0,0,45,0,weapon,,swordman,是,[幻影剑舞]攻击力 +14%% | [钝器精通]下[幻影剑舞]的冲击波攻击力 +14%%,DNF文件知识库\参考资料\标准格式样板\equipment\character\swordman\weapon\hsword\lswd_2choro8.equ
精 · 加持的疾风之影巨剑 : [崩山裂地斩],equipment,5,70,0,61,0,weapon,,swordman,是,[崩山裂地斩]冷却时间 -9%% | [崩山裂地斩]MP消耗量 -9%% | [崩山裂地斩]攻击力 +9%% | 攻击速度 +2%%,DNF文件知识库\参考资料\标准格式样板\equipment\character\swordman\weapon\hsword\lswd_2choro80.equ
精 · 加持的残忍之弑巨剑 : [拔刀斩],equipment,5,70,0,61,0,weapon,,swordman,是,[拔刀斩]冷却时间 -18%% | [拔刀斩]MP消耗量 -18%% | 攻击速度 +2%%,DNF文件知识库\参考资料\标准格式样板\equipment\character\swordman\weapon\hsword\lswd_2choro81.equ
精 · 加持的神之怒击巨剑 : [拔刀斩],equipment,5,70,0,61,0,weapon,,swordman,是,[拔刀斩]攻击力 +18%% | 攻击速度 +2%%,DNF文件知识库\参考资料\标准格式样板\equipment\character\swordman\weapon\hsword\lswd_2choro82.equ
精 · 加持的残忍之弑巨剑 : [破军升龙击],equipment,5,70,0,61,0,weapon,,swordman,是,[破军升龙击]冷却时间 -18%% | [破军升龙击]MP消耗量 -18%% | 攻击速度 +2%%,DNF文件知识库\参考资料\标准格式样板\equipment\character\swordman\weapon\hsword\lswd_2choro83.equ
精 · 加持的疾风之影巨剑 : [破军升龙击],equipment,5,70,0,61,0,weapon,,swordman,是,[破军升龙击]突袭距离 +18%% | 攻击速度 +2%%,DNF文件知识库\参考资料\标准格式样板\equipment\character\swordman\weapon\hsword\lswd_2choro84.equ
精 · 加持的残忍之弑巨剑 : [猛龙断空斩],equipment,5,70,0,61,0,weapon,,swordman,是,[猛龙断空斩]冷却时间 -18%% | [猛龙断空斩]MP消耗量 -18%% | 攻击速度 +2%%,DNF文件知识库\参考资料\标准格式样板\equipment\character\swordman\weapon\hsword\lswd_2choro85.equ
精 · 加持的神之怒击巨剑 : [猛龙断空斩],equipment,5,70,0,61,0,weapon,,swordman,是,[猛龙断空斩]攻击力 +18%% | 攻击速度 +2%%,DNF文件知识库\参考资料\标准格式样板\equipment\character\swordman\weapon\hsword\lswd_2choro86.equ
精 · 加持的残忍之弑巨剑 : [幻影剑舞],equipment,5,70,0,61,0,weapon,,swordman,是,[幻影剑舞]冷却时间 -18%% | [幻影剑舞]MP消耗量 -18%% | 攻击速度 +2%%,DNF文件知识库\参考资料\标准格式样板\equipment\character\swordman\weapon\hsword\lswd_2choro87.equ
精 · 加持的神之怒击巨剑 : [幻影剑舞],equipment,5,70,0,61,0,weapon,,swordman,是,[幻影剑舞]攻击力 +18%% | [钝器精通]下[幻影剑舞]的冲击波攻击力 +18%% | 攻击速度 +2%%,DNF文件知识库\参考资料\标准格式样板\equipment\character\swordman\weapon\hsword\lswd_2choro88.equ
精 · 加持的残忍之弑巨剑 : [崩山击],equipment,5,70,0,61,0,weapon,,swordman,是,[崩山击]冷却时间 -18%% | [崩山击]MP消耗量 -18%% | 攻击速度 +2%%,DNF文件知识库\参考资料\标准格式样板\equipment\character\swordman\weapon\hsword\lswd_2choro89.equ
残忍之弑巨剑 : [崩山击],equipment,5,0,0,45,0,weapon,,swordman,是,[崩山击]冷却时间 -14%% | [崩山击]MP消耗量 -14%%,DNF文件知识库\参考资料\标准格式样板\equipment\character\swordman\weapon\hsword\lswd_2choro9.equ
精 · 加持的疾风之影巨剑 : [崩山击],equipment,5,70,0,61,0,weapon,,swordman,是,[崩山击]跳跃距离 +18%% | 攻击速度 +2%%,DNF文件知识库\参考资料\标准格式样板\equipment\character\swordman\weapon\hsword\lswd_2choro90.equ
精 · 加持的苍穹之啸巨剑 : [崩山击],equipment,5,70,0,61,0,weapon,,swordman,是,[崩山击]冲击波范围 +12%% | 攻击速度 +2%%,DNF文件知识库\参考资料\标准格式样板\equipment\character\swordman\weapon\hsword\lswd_2choro91.equ
精 · 加持的嗜血之殇巨剑 : [血之狂暴],equipment,5,70,0,61,0,weapon,,swordman,是,[血之狂暴]杀死出血状态的敌人时， 自身HP恢复值 +12%% | 攻击速度 +2%%,DNF文件知识库\参考资料\标准格式样板\equipment\character\swordman\weapon\hsword\lswd_2choro92.equ
精 · 加持的血之反噬巨剑 : [血之狂暴],equipment,5,70,0,61,0,weapon,,swordman,是,[血之狂暴]出血几率 +22%% | 攻击速度 +2%%,DNF文件知识库\参考资料\标准格式样板\equipment\character\swordman\weapon\hsword\lswd_2choro93.equ
精 · 加持的残忍之弑巨剑 : [崩山裂地斩],equipment,5,70,0,61,0,weapon,,swordman,是,[崩山裂地斩]冷却时间 -18%% | [崩山裂地斩]MP消耗量 -18%% | 攻击速度 +2%%,DNF文件知识库\参考资料\标准格式样板\equipment\character\swordman\weapon\hsword\lswd_2choro94.equ
精 · 加持的疾风之影巨剑 : [崩山裂地斩],equipment,5,70,0,61,0,weapon,,swordman,是,[崩山裂地斩]冷却时间 -9%% | [崩山裂地斩]MP消耗量 -9%% | [崩山裂地斩]攻击力 +9%% | 攻击速度 +2%%,DNF文件知识库\参考资料\标准格式样板\equipment\character\swordman\weapon\hsword\lswd_2choro95.equ
精 · 加持的神之怒击巨剑 : [崩山裂地斩],equipment,5,70,0,61,0,weapon,,swordman,是,[崩山裂地斩]攻击力 +18%% | 攻击速度 +2%%,DNF文件知识库\参考资料\标准格式样板\equipment\character\swordman\weapon\hsword\lswd_2choro96.equ
精 · 加持的神之怒击巨剑 : [崩山击],equipment,5,70,0,61,0,weapon,,swordman,是,[崩山击]攻击力 +18%% | 攻击速度 +2%%,DNF文件知识库\参考资料\标准格式样板\equipment\character\swordman\weapon\hsword\lswd_2choro97.equ
精 · 加持的残忍之弑巨剑 : [怒气爆发],equipment,5,70,0,61,0,weapon,,swordman,是,[怒气爆发]冷却时间 -18%% | [怒气爆发]MP消耗量 -18%% | 攻击速度 +2%%,DNF文件知识库\参考资料\标准格式样板\equipment\character\swordman\weapon\hsword\lswd_2choro98.equ
精 · 加持的时光之袭巨剑 : [怒气爆发],equipment,5,70,0,61,0,weapon,,swordman,是,[怒气爆发]攻击次数 +2 | [怒气爆发]攻击力 -4%% | 攻击速度 +2%%,DNF文件知识库\参考资料\标准格式样板\equipment\character\swordman\weapon\hsword\lswd_2choro99.equ
裂魂之异次元巨剑 - 剑魂,equipment,5,70,0,63,0,weapon,,swordman,否,,DNF文件知识库\参考资料\标准格式样板\equipment\character\swordman\weapon\hsword\lswd_3choro1.equ
冽风之痕巨剑,equipment,5,70,0,68,0,weapon,,swordman,否,,DNF文件知识库\参考资料\标准格式样板\equipment\character\swordman\weapon\hsword\lswd_3choro2.equ
七伤剑气巨剑,equipment,5,70,0,68,0,weapon,,swordman,否,,DNF文件知识库\参考资料\标准格式样板\equipment\character\swordman\weapon\hsword\lswd_3choro3.equ
天之剑痕巨剑,equipment,5,70,0,68,0,weapon,,swordman,否,,DNF文件知识库\参考资料\标准格式样板\equipment\character\swordman\weapon\hsword\lswd_3choro4.equ
裂魂之异次元巨剑 - 狂战士,equipment,5,70,0,63,0,weapon,,swordman,否,,DNF文件知识库\参考资料\标准格式样板\equipment\character\swordman\weapon\hsword\lswd_3choro5.equ
厄运之忆巨剑,equipment,5,70,0,68,0,weapon,,swordman,否,,DNF文件知识库\参考资料\标准格式样板\equipment\character\swordman\weapon\hsword\lswd_3choro6.equ
嗜血恶灵巨剑,equipment,5,70,0,68,0,weapon,,swordman,否,,DNF文件知识库\参考资料\标准格式样板\equipment\character\swordman\weapon\hsword\lswd_3choro7.equ
暗之血迹巨剑,equipment,5,70,0,68,0,weapon,,swordman,否,,DNF文件知识库\参考资料\标准格式样板\equipment\character\swordman\weapon\hsword\lswd_3choro8.equ
潜龙幻影巨剑,equipment,5,70,0,68,0,weapon,,swordman,否,,DNF文件知识库\参考资料\标准格式样板\equipment\character\swordman\weapon\hsword\lswd_3choro9.equ
(古老) 阿甘左的浪人长剑,equipment,3,35,66600,27,0,weapon,,"swordman, creator mage",是,[毁灭之巨剑精通]技能Lv +2,DNF文件知识库\参考资料\标准格式样板\equipment\character\swordman\weapon\hsword\lswd_aganzo.equ
(古老) 雕纹巨剑,equipment,1,38,45600,23,0,weapon,,"swordman, creator mage",否,,DNF文件知识库\参考资料\标准格式样板\equipment\character\swordman\weapon\hsword\lswd_agitto.equ
魔剑 - 阿波菲斯,equipment,3,60,117000,44,0,weapon,,"swordman, creator mage",是,[魔剑控制]技能Lv +1 | [唤魔 : 塔莫斯之袭]技能Lv +2 | [人剑合一]技能Lv +1 | [恶即斩]技能Lv +2 |   | 物理、 魔法伤害 +10%% | [血之狂暴]攻击力 +10%% | [唤魔 : 狂暴]基本攻击力增加量 +10%%,DNF文件知识库\参考资料\标准格式样板\equipment\character\swordman\weapon\hsword\lswd_apophis.equ
(古老) 蓝月龙吟剑,equipment,2,39,65600,27,0,weapon,,"swordman, creator mage",是,,DNF文件知识库\参考资料\标准格式样板\equipment\character\swordman\weapon\hsword\lswd_azuremoonlight.equ
步兵巨剑,equipment,1,10,12000,6,0,weapon,,"swordman, creator mage",否,,DNF文件知识库\参考资料\标准格式样板\equipment\character\swordman\weapon\hsword\lswd_bastard.equ
青光震兽剑,equipment,2,45,75200,30,0,weapon,,"swordman, creator mage",是,[蛇腹剑 : 灭]技能Lv +1 |   | 攻击时， 有2%%的几率使自身增加25点力量和体力， 效果持续30秒。 | 攻击速度 +1%%,DNF文件知识库\参考资料\标准格式样板\equipment\character\swordman\weapon\hsword\lswd_beastvillfiera.equ
(古老) 千年玄铁剑,equipment,2,19,33600,15,0,weapon,,"swordman, creator mage",是,,DNF文件知识库\参考资料\标准格式样板\equipment\character\swordman\weapon\hsword\lswd_blacksteel.equ
炙炎梵天剑,equipment,4,45,0,35,0,weapon,,"swordman, creator mage",否,攻击时， 有10%%的几率附加12000点伤害。,DNF文件知识库\参考资料\标准格式样板\equipment\character\swordman\weapon\hsword\lswd_blazeblade.equ
鲜血之痕巨剑,equipment,4,55,111600,42,0,weapon,,"swordman, creator mage",是,物理攻击力 +60 | 力量 +40,DNF文件知识库\参考资料\标准格式样板\equipment\character\swordman\weapon\hsword\lswd_bloodstain.equ
(古老) 双刃巨剑,equipment,1,18,21600,11,0,weapon,,"swordman, creator mage",否,,DNF文件知识库\参考资料\标准格式样板\equipment\character\swordman\weapon\hsword\lswd_clay.equ
凝血巨剑,equipment,2,65,120600,42,0,weapon,,"swordman, creator mage",是,[唤魔 : 塔莫斯之袭]技能Lv +2 | [蛇腹剑 : 缠]技能Lv +1 |   | 攻击速度 +0.5%%,DNF文件知识库\参考资料\标准格式样板\equipment\character\swordman\weapon\hsword\lswd_clottedblood.equ
破旧的维尔特巨剑,equipment,4,55,108000,17,0,weapon,,swordman,否,攻击时， 有5%%的几率出现爆炸。 | 攻击时， 有5%%的几率击退敌人。 | 对建筑型护甲敌人的攻击力 +20%%,DNF文件知识库\参考资料\标准格式样板\equipment\character\swordman\weapon\hsword\lswd_conqueror.equ
罪恶之枝,equipment,4,55,0,42,0,weapon,,"swordman, creator mage",是,[蛇腹剑 : 缠]技能Lv +5 |   | HP在50%%以上时， 可以使自身增加50点力量。 | [嗜魂之手]、 [暗魂之手]、 [蛇腹剑 : 缠]命中敌人时， 有20%%的几率使敌人进入出血状态。,DNF文件知识库\参考资料\标准格式样板\equipment\character\swordman\weapon\hsword\lswd_crime.equ
残杀者之剑,equipment,2,50,86400,38,0,weapon,,"swordman, creator mage",是,[群魔乱舞]技能Lv +1 | [穿云破空剑]技能Lv +1,DNF文件知识库\参考资料\标准格式样板\equipment\character\swordman\weapon\hsword\lswd_crumassacre.equ
(古老) 卡赞的诅咒,equipment,3,30,57600,24,0,weapon,,"swordman, creator mage",否,攻击时， 有3%%的几率使敌人进入出血状态。 | 自身处于出血状态时， 增加50%%的攻击力。,DNF文件知识库\参考资料\标准格式样板\equipment\character\swordman\weapon\hsword\lswd_cursekazan.equ
含光斩岩剑,equipment,2,45,75200,30,0,weapon,,"swordman, creator mage",是,[跃空斩]技能Lv +1 |   | 攻击时， 有2%%的几率使敌人进入石化状态。 | 武器耐久度 +15,DNF文件知识库\参考资料\标准格式样板\equipment\character\swordman\weapon\hsword\lswd_cuttingstone.equ
邪龙魔剑,equipment,4,55,111600,42,0,weapon,,"swordman, creator mage",否,使武器攻击力随角色Lv的增加而增加。 (每提升Lv1， 增加3点物攻),DNF文件知识库\参考资料\标准格式样板\equipment\character\swordman\weapon\hsword\lswd_dainslef.equ
深海之维尔特巨剑,equipment,2,65,120600,42,0,weapon,,"swordman, creator mage",否,,DNF文件知识库\参考资料\标准格式样板\equipment\character\swordman\weapon\hsword\lswd_deepseaq.equ
艾鲁佛斯巨剑,equipment,2,60,111600,39,0,weapon,,"swordman, creator mage",是,[十字剑]技能Lv +1 | [跃空斩]技能Lv +1 | [血饮狂舞]技能Lv +1,DNF文件知识库\参考资料\标准格式样板\equipment\character\swordman\weapon\hsword\lswd_efferus.equ
(古老) 精致的波刃长剑,equipment,1,23,27600,14,0,weapon,,"swordman, creator mage",否,,DNF文件知识库\参考资料\标准格式样板\equipment\character\swordman\weapon\hsword\lswd_elafam.equ
子午七星剑,equipment,4,55,111600,42,0,weapon,,"swordman, creator mage",否,攻击时， 有5%%的几率使自身增加30%%的物理攻击力， 效果持续30秒。 | 攻击时， 有2%%的几率使敌人进入破武器、 破甲状态。,DNF文件知识库\参考资料\标准格式样板\equipment\character\swordman\weapon\hsword\lswd_extremeone.equ
信仰之力骑士长剑,equipment,2,43,70400,29,0,weapon,,"swordman, creator mage",是,攻击速度 +1%%,DNF文件知识库\参考资料\标准格式样板\equipment\character\swordman\weapon\hsword\lswd_faith.equ
(古老) 波刃长剑,equipment,1,22,26400,14,0,weapon,,"swordman, creator mage",否,,DNF文件知识库\参考资料\标准格式样板\equipment\character\swordman\weapon\hsword\lswd_flam.equ
(古老) 卡露亚的教导 - 照胆,equipment,3,40,75600,30,0,weapon,,"swordman, creator mage",是,,DNF文件知识库\参考资料\标准格式样板\equipment\character\swordman\weapon\hsword\lswd_goraboldness.equ
天选之剑 - 格朗,equipment,3,55,109800,41,0,weapon,,"swordman, creator mage",否,攻击速度 +3%% | 近距离武器攻击力 +20%%,DNF文件知识库\参考资料\标准格式样板\equipment\character\swordman\weapon\hsword\lswd_gram.equ
地灵绝魂剑,equipment,4,45,90000,35,0,weapon,,"swordman, creator mage",否,攻击时， 增加等同于自身和金库重量之和80%%的伤害。 (金库中适用于上述属性的重量为， 每个栏位最高不超过6Kg),DNF文件知识库\参考资料\标准格式样板\equipment\character\swordman\weapon\hsword\lswd_gravity.equ
(古老) 精致的雕纹巨剑,equipment,1,39,46800,24,0,weapon,,"swordman, creator mage",否,,DNF文件知识库\参考资料\标准格式样板\equipment\character\swordman\weapon\hsword\lswd_hagitto.equ
狱岩石巨剑,equipment,2,50,86400,38,0,weapon,,"swordman, creator mage",是,[极 · 驭剑术 (时空斩)]技能Lv +1 | [空绝斩 : 千刃]技能Lv +1 | [花开寒影]技能Lv +1 | [末日杀戮]技能Lv +1 | [沉寂之狱]技能Lv +1 |   | 攻击速度 +1%%,DNF文件知识库\参考资料\标准格式样板\equipment\character\swordman\weapon\hsword\lswd_hellkarium.equ
高科技维尔特巨剑,equipment,2,60,111600,39,0,weapon,,"swordman, creator mage",否,,DNF文件知识库\参考资料\标准格式样板\equipment\character\swordman\weapon\hsword\lswd_hightechq.equ
远古逆袭之战刃长剑,equipment,2,55,106200,44,0,weapon,,"swordman, creator mage",是,[毁灭之巨剑精通]技能Lv +1 | [唤魔 : 塔莫斯之袭]技能Lv +1 |   | 攻击时， 有3%%的几率使自身增加30点力量， 效果持续30秒。 | 攻击速度 +1%%,DNF文件知识库\参考资料\标准格式样板\equipment\character\swordman\weapon\hsword\lswd_historybattle.equ
高科技维尔特巨剑,equipment,2,63,117000,41,0,weapon,,"swordman, creator mage",否,,DNF文件知识库\参考资料\标准格式样板\equipment\character\swordman\weapon\hsword\lswd_illusionq.equ
(古老) 改良双刃巨剑,equipment,1,19,22800,12,0,weapon,,"swordman, creator mage",否,,DNF文件知识库\参考资料\标准格式样板\equipment\character\swordman\weapon\hsword\lswd_impclay.equ
不屈之志雕纹巨剑,equipment,2,46,75200,30,0,weapon,,"swordman, creator mage",否,攻击速度 -1%%,DNF文件知识库\参考资料\标准格式样板\equipment\character\swordman\weapon\hsword\lswd_indomitable.equ
古老的夺命毒龙剑,equipment,2,40,0,27,0,weapon,,"swordman, creator mage",是,被击时， 有2%%的几率使敌人进入中毒状态。 | 无法进行强化、 增幅、 分解和赠送。,DNF文件知识库\参考资料\标准格式样板\equipment\character\swordman\weapon\hsword\lswd_jumping.equ
库兰的焰影剑,equipment,3,15,32400,15,0,weapon,,"swordman, creator mage",是,[波动斩]技能Lv +1 |   | 攻击时， 有5%%的几率附加4000点火属性伤害。,DNF文件知识库\参考资料\标准格式样板\equipment\character\swordman\weapon\hsword\lswd_kuran.equ
雷蛇剑,equipment,1,65,78000,39,0,weapon,,"swordman, creator mage",否,,DNF文件知识库\参考资料\标准格式样板\equipment\character\swordman\weapon\hsword\lswd_ladhemor.equ
古老的雷蛇剑,equipment,0,65,52000,0,0,weapon,,"swordman, creator mage",否,,DNF文件知识库\参考资料\标准格式样板\equipment\character\swordman\weapon\hsword\lswd_ladhemor_old.equ
光之巨剑,equipment,2,27,46400,20,0,weapon,,"swordman, creator mage",否,,DNF文件知识库\参考资料\标准格式样板\equipment\character\swordman\weapon\hsword\lswd_light.equ
罗兰护卫者,equipment,3,10,21600,12,0,weapon,,"swordman, creator mage",是,[暗黑斩]技能Lv +1 | [毁灭之巨剑精通]技能Lv +1 |   | 攻击速度 +1%%,DNF文件知识库\参考资料\标准格式样板\equipment\character\swordman\weapon\hsword\lswd_lonan.equ
生锈的印度古剑,equipment,0,14,11200,0,0,weapon,,"swordman, creator mage",否,,DNF文件知识库\参考资料\标准格式样板\equipment\character\swordman\weapon\hsword\lswd_lowpattisa.equ
(古老) 劣质的韩瑞德之剑,equipment,0,26,20800,0,0,weapon,,"swordman, creator mage",否,,DNF文件知识库\参考资料\标准格式样板\equipment\character\swordman\weapon\hsword\lswd_lowzwei.equ
梅迪亚的石化巨剑,equipment,2,65,120600,42,0,weapon,,"swordman, creator mage",否,攻击时， 有2%%的几率使敌人进入石化状态。,DNF文件知识库\参考资料\标准格式样板\equipment\character\swordman\weapon\hsword\lswd_medusian.equ
新式步兵巨剑,equipment,1,11,13200,7,0,weapon,,"swordman, creator mage",否,,DNF文件知识库\参考资料\标准格式样板\equipment\character\swordman\weapon\hsword\lswd_nbastard.equ
诺米尔的毁伤巨剑,equipment,2,60,111600,39,0,weapon,,"swordman, creator mage",是,[跃空斩]技能Lv +2 |   | 攻击时， 有3%%的几率附加5000点伤害。 | 攻击速度 +2%%,DNF文件知识库\参考资料\标准格式样板\equipment\character\swordman\weapon\hsword\lswd_nemir.equ
(古老) 芷云双影剑,equipment,2,26,44800,19,0,weapon,,"swordman, creator mage",是,攻击时， 有2%%的几率使敌人进入混乱状态。,DNF文件知识库\参考资料\标准格式样板\equipment\character\swordman\weapon\hsword\lswd_nopg.equ
(古老) 古老的雕纹巨剑,equipment,0,38,30400,0,0,weapon,,"swordman, creator mage",否,,DNF文件知识库\参考资料\标准格式样板\equipment\character\swordman\weapon\hsword\lswd_outagitto.equ
印度古剑,equipment,1,14,16800,9,0,weapon,,"swordman, creator mage",否,,DNF文件知识库\参考资料\标准格式样板\equipment\character\swordman\weapon\hsword\lswd_pattisa.equ
生锈的步兵巨剑,equipment,0,10,8000,0,0,weapon,,"swordman, creator mage",否,,DNF文件知识库\参考资料\标准格式样板\equipment\character\swordman\weapon\hsword\lswd_rbastard.equ
真·凝血巨剑,equipment,2,67,124200,44,0,weapon,,"swordman, creator mage",是,[唤魔 : 塔莫斯之袭]技能Lv +2 | [蛇腹剑 : 缠]技能Lv +1 | [十字剑]技能Lv +1 |   | 攻击速度 +1%%,DNF文件知识库\参考资料\标准格式样板\equipment\character\swordman\weapon\hsword\lswd_rclottedblood_jin.equ
(古老) 血莲鸣凤剑,equipment,2,33,56000,23,0,weapon,,"swordman, creator mage",是,攻击时， 有2%%的几率附加100点火属性伤害。,DNF文件知识库\参考资料\标准格式样板\equipment\character\swordman\weapon\hsword\lswd_redlotus.equ
(古老) 生锈的波刃长剑,equipment,0,22,17600,0,0,weapon,,"swordman, creator mage",否,,DNF文件知识库\参考资料\标准格式样板\equipment\character\swordman\weapon\hsword\lswd_rflam.equ
真·诺米尔的毁伤巨剑,equipment,2,62,115200,41,0,weapon,,"swordman, creator mage",是,[跃空斩]技能Lv +3 |   | 攻击时， 有3%%的几率附加8000点伤害。 | 攻击速度 +2%%,DNF文件知识库\参考资料\标准格式样板\equipment\character\swordman\weapon\hsword\lswd_rnemir_jin.equ
命运之殇宽刃长剑,equipment,2,38,62400,26,0,weapon,,"swordman, creator mage",否,对人型怪敌人的伤害 +50 | 对不死族敌人的伤害 +50,DNF文件知识库\参考资料\标准格式样板\equipment\character\swordman\weapon\hsword\lswd_sadfate.equ
碧澜寒玉剑,equipment,2,16,28800,13,0,weapon,,"swordman, creator mage",是,,DNF文件知识库\参考资料\标准格式样板\equipment\character\swordman\weapon\hsword\lswd_serast.equ
鲜血之痕巨剑,equipment,4,55,108000,17,0,weapon,,swordman,是,物品快捷栏内每存在一种武器， 都可以增加角色10%%的攻击力 | [疾影手]冷却时间 -50%%,DNF文件知识库\参考资料\标准格式样板\equipment\character\swordman\weapon\hsword\lswd_soldros.equ
精魂巨剑,equipment,2,32,54400,23,0,weapon,,"swordman, creator mage",否,对精灵族敌人的伤害 +50,DNF文件知识库\参考资料\标准格式样板\equipment\character\swordman\weapon\hsword\lswd_spirit.equ
断水巨剑,equipment,2,11,19200,9,0,weapon,,"swordman, creator mage",否,,DNF文件知识库\参考资料\标准格式样板\equipment\character\swordman\weapon\hsword\lswd_staisys.equ
锋利的巨剑,equipment,1,9,10800,6,0,weapon,,"swordman, creator mage",否,,DNF文件知识库\参考资料\标准格式样板\equipment\character\swordman\weapon\hsword\lswd_steel.equ
锋利的印度古剑,equipment,1,15,18000,9,0,weapon,,"swordman, creator mage",否,,DNF文件知识库\参考资料\标准格式样板\equipment\character\swordman\weapon\hsword\lswd_steelpattisa.equ
(古老) 钝锋的双刃巨剑,equipment,0,18,14400,0,0,weapon,,"swordman, creator mage",否,,DNF文件知识库\参考资料\标准格式样板\equipment\character\swordman\weapon\hsword\lswd_stumclay.equ
(古老) 坚韧的韩瑞德之剑,equipment,1,27,32400,17,0,weapon,,"swordman, creator mage",否,,DNF文件知识库\参考资料\标准格式样板\equipment\character\swordman\weapon\hsword\lswd_stzwei.equ
泰拉石巨剑,equipment,3,60,117000,57,0,weapon,,"swordman, creator mage",否,攻击时， 有1%%的几率使自身增加10%%的移动速度、 攻击速度和施放速度； 并减少自身10%%的装备防御力， 效果持续30秒。,DNF文件知识库\参考资料\标准格式样板\equipment\character\swordman\weapon\hsword\lswd_teraniteclay.equ
(古老) 泰拉石巨剑,equipment,3,60,117000,57,0,weapon,,"swordman, creator mage",否,攻击时， 有1%%的几率使自身增加10%%的移动速度、 攻击速度和施放速度； 并减少自身10%%的装备防御力， 效果持续30秒。,DNF文件知识库\参考资料\标准格式样板\equipment\character\swordman\weapon\hsword\lswd_teraniteclay_up.equ
磨损的巨剑,equipment,0,6,4800,0,0,weapon,,"swordman, creator mage",否,,DNF文件知识库\参考资料\标准格式样板\equipment\character\swordman\weapon\hsword\lswd_u.equ
维尔特巨剑,equipment,1,60,72000,36,0,weapon,,"swordman, creator mage",否,,DNF文件知识库\参考资料\标准格式样板\equipment\character\swordman\weapon\hsword\lswd_valde.equ
破旧的维尔特巨剑,equipment,0,60,48000,0,0,weapon,,"swordman, creator mage",否,,DNF文件知识库\参考资料\标准格式样板\equipment\character\swordman\weapon\hsword\lswd_valde_sb.equ
(古老) 残影剑,equipment,3,25,48600,21,0,weapon,,"swordman, creator mage",是,[毁灭之巨剑精通]技能Lv +2,DNF文件知识库\参考资料\标准格式样板\equipment\character\swordman\weapon\hsword\lswd_vandyck.equ
(古老) 夺命毒龙剑,equipment,2,36,60800,25,0,weapon,,"swordman, creator mage",是,攻击时， 有3%%的几率使敌人进入中毒状态。,DNF文件知识库\参考资料\标准格式样板\equipment\character\swordman\weapon\hsword\lswd_venomslayer.equ
(古老) 韩瑞德之剑,equipment,1,26,31200,16,0,weapon,,"swordman, creator mage",否,,DNF文件知识库\参考资料\标准格式样板\equipment\character\swordman\weapon\hsword\lswd_zwei.equ
裁决刃 - 国殇,equipment,3,50,100800,38,0,weapon,,"swordman, creator mage",是,[恶即斩]技能Lv +1 | [唤魔 : 蛇腹剑]技能Lv +1 | [毁灭之巨剑精通]技能Lv +1 | [魔剑控制]技能Lv +2 |   | 攻击时， 有1%%的几率出现驱散效果。,DNF文件知识库\参考资料\标准格式样板\equipment\character\swordman\weapon\hsword\magistrate.equ
凡尔赛的幻剑,equipment,2,55,106200,38,0,weapon,,"swordman, creator mage",是,[唤魔 : 塔莫斯之袭]技能Lv +1 | [十字剑]技能Lv +1 |   | 攻击时， 有3%%的几率使敌人进入混乱状态。,DNF文件知识库\参考资料\标准格式样板\equipment\character\swordman\weapon\hsword\merveilleuse.equ
冰剑 - 默里亚,equipment,4,30,66600,27,0,weapon,,"swordman, creator mage",是,[魔剑降临]技能Lv +1 |   | [冰刃 · 波动剑]小冰柱发射速度 +50%% | [冰刃 · 波动剑]小冰柱数量 +5 | [冰刃 · 波动剑]冰冻几率 +100%% | [魔剑降临]冰属性效果触发几率 +50%% | [魔剑奥义]冰冻几率 +100%% |   | 攻击时， 有10%%的几率使敌人进入冰冻状态。 | 装备时， 使300px范围内的敌人受到冰冻光环的影响。,DNF文件知识库\参考资料\标准格式样板\equipment\character\swordman\weapon\hsword\morias.equ
重剑,equipment,1,5,6000,3,0,weapon,,"swordman, creator mage",否,,DNF文件知识库\参考资料\标准格式样板\equipment\character\swordman\weapon\hsword\mswd.equ
(古老) 骑士长剑,equipment,1,34,40800,21,0,weapon,,"swordman, creator mage",否,,DNF文件知识库\参考资料\标准格式样板\equipment\character\swordman\weapon\hsword\mswd_crusader.equ
破损的重剑,equipment,0,2,1600,0,0,weapon,,"swordman, creator mage",否,,DNF文件知识库\参考资料\标准格式样板\equipment\character\swordman\weapon\hsword\mswd_damaged.equ
卫士重剑,equipment,2,6,11200,6,0,weapon,,"swordman, creator mage",是,[招架]技能Lv +1,DNF文件知识库\参考资料\标准格式样板\equipment\character\swordman\weapon\hsword\mswd_defender.equ
(古老) 钢铁骑士长剑,equipment,1,35,42000,21,0,weapon,,"swordman, creator mage",否,,DNF文件知识库\参考资料\标准格式样板\equipment\character\swordman\weapon\hsword\mswd_hcrusader.equ
(古老) 宽刃长剑,equipment,1,30,36000,18,0,weapon,,"swordman, creator mage",否,,DNF文件知识库\参考资料\标准格式样板\equipment\character\swordman\weapon\hsword\mswd_hiblade.equ
(古老) 梅丽莎的灵夕长剑,equipment,2,22,38400,17,0,weapon,,"swordman, creator mage",是,攻击时， 有2%%的几率使自身进入祝福状态。,DNF文件知识库\参考资料\标准格式样板\equipment\character\swordman\weapon\hsword\mswd_mellissa.equ
新式重剑,equipment,1,7,8400,5,0,weapon,,"swordman, creator mage",否,,DNF文件知识库\参考资料\标准格式样板\equipment\character\swordman\weapon\hsword\mswd_n.equ
(古老) 新式宽刃长剑,equipment,1,31,37200,19,0,weapon,,"swordman, creator mage",否,,DNF文件知识库\参考资料\标准格式样板\equipment\character\swordman\weapon\hsword\mswd_nhiblade.equ
(古老) 古老的骑士长剑,equipment,0,34,27200,0,0,weapon,,"swordman, creator mage",否,,DNF文件知识库\参考资料\标准格式样板\equipment\character\swordman\weapon\hsword\mswd_outcrusader.equ
(古老) 素喃秘影长剑,equipment,2,30,51200,21,0,weapon,,"swordman, creator mage",是,[毁灭之巨剑精通]技能Lv +1 |   | 攻击速度 +5%%,DNF文件知识库\参考资料\标准格式样板\equipment\character\swordman\weapon\hsword\mswd_shonan.equ
残旧的重剑,equipment,0,3,2400,0,0,weapon,,"swordman, creator mage",否,,DNF文件知识库\参考资料\标准格式样板\equipment\character\swordman\weapon\hsword\mswd_u.equ
(古老) 破旧的宽刃长剑,equipment,0,30,24000,0,0,weapon,,"swordman, creator mage",否,,DNF文件知识库\参考资料\标准格式样板\equipment\character\swordman\weapon\hsword\mswd_uhiblade.equ
阿甘左的隐龙巨剑,equipment,3,40,79200,14,0,weapon,,"swordman, creator mage",是,[毁灭之巨剑精通]技能Lv +2,DNF文件知识库\参考资料\标准格式样板\equipment\character\swordman\weapon\hsword\mt_lswd_aganzo.equ
name_27353,equipment,3,38,0,30,0,weapon,,swordman,是,[毁灭之巨剑精通]技能Lv +1,DNF文件知识库\参考资料\标准格式样板\equipment\character\swordman\weapon\hsword\n_lswd_27353.equ
name_27355,equipment,3,38,0,30,0,weapon,,swordman,是,[毁灭之巨剑精通]技能Lv +2,DNF文件知识库\参考资料\标准格式样板\equipment\character\swordman\weapon\hsword\n_lswd_27355.equ
阿甘左的浪人长剑,equipment,3,40,79200,31,0,weapon,,"swordman, creator mage",是,[毁灭之巨剑精通]技能Lv +2 | [破军旋舞斩]技能Lv +1 | [血饮狂舞]技能Lv +1 |   | 攻击速度 +2%%,DNF文件知识库\参考资料\标准格式样板\equipment\character\swordman\weapon\hsword\n_lswd_aganzo.equ
雕纹巨剑,equipment,1,45,54000,27,0,weapon,,"swordman, creator mage",否,,DNF文件知识库\参考资料\标准格式样板\equipment\character\swordman\weapon\hsword\n_lswd_agitto.equ
蓝月龙吟剑,equipment,2,40,67200,27,0,weapon,,"swordman, creator mage",是,[魔剑控制]技能Lv +1,DNF文件知识库\参考资料\标准格式样板\equipment\character\swordman\weapon\hsword\n_lswd_azuremoonlight.equ
千年玄铁剑,equipment,2,20,35200,15,0,weapon,,"swordman, creator mage",是,[连环斩]技能Lv +1,DNF文件知识库\参考资料\标准格式样板\equipment\character\swordman\weapon\hsword\n_lswd_blacksteel.equ
双刃巨剑,equipment,1,20,24000,12,0,weapon,,"swordman, creator mage",否,,DNF文件知识库\参考资料\标准格式样板\equipment\character\swordman\weapon\hsword\n_lswd_clay.equ
卡赞的诅咒,equipment,3,30,61200,25,0,weapon,,"swordman, creator mage",是,[唤魔 : 狂暴]技能Lv +2 | [蛇腹剑 : 破]技能Lv +2 |   | 攻击时， 有3%%的几率使敌人进入出血状态。 | 自身处于出血状态时， 增加50%%的攻击力。,DNF文件知识库\参考资料\标准格式样板\equipment\character\swordman\weapon\hsword\n_lswd_cursekazan.equ
古老的邪龙魔剑,equipment,4,1,10800,9,0,weapon,,"swordman, creator mage",否,使武器攻击力随角色Lv的增加而增加。 (每提升Lv1， 增加6点物攻),DNF文件知识库\参考资料\标准格式样板\equipment\character\swordman\weapon\hsword\n_lswd_dainslef.equ
古老的子午七星剑,equipment,4,40,81000,32,0,weapon,,"swordman, creator mage",否,攻击时， 有5%%的几率使自身增加30%%的物理攻击力， 效果持续30秒。 | 攻击时， 有2%%的几率使敌人进入破甲状态。,DNF文件知识库\参考资料\标准格式样板\equipment\character\swordman\weapon\hsword\n_lswd_extremeone.equ
波刃长剑,equipment,1,25,30000,15,0,weapon,,"swordman, creator mage",否,,DNF文件知识库\参考资料\标准格式样板\equipment\character\swordman\weapon\hsword\n_lswd_flam.equ
狂龙之怒,equipment,4,50,102600,39,0,weapon,,"swordman, creator mage",是,[魔剑控制]技能Lv +2 | [唤魔 : 狂暴]技能Lv +2 |   | [怒气爆发]、 [暗劲爆发]、 [血饮狂舞]攻击次数 +2,DNF文件知识库\参考资料\标准格式样板\equipment\character\swordman\weapon\hsword\n_lswd_gantandair.equ
卡露亚的教导 - 照胆,equipment,3,50,100800,38,0,weapon,,"swordman, creator mage",是,[连环斩]技能Lv +2 | [血饮狂舞]技能Lv +1 | [唤魔 : 蛇腹剑]技能Lv +1 | [毁灭之巨剑精通]技能Lv +1 |   | 攻击速度 +2%%,DNF文件知识库\参考资料\标准格式样板\equipment\character\swordman\weapon\hsword\n_lswd_goraboldness.equ
古老的地灵绝魂剑,equipment,4,40,81000,32,0,weapon,,"swordman, creator mage",否,攻击时， 增加等同于自身和金库重量之和80%%的伤害。 (金库中适用于上述属性的重量为， 每个栏位最高不超过6Kg),DNF文件知识库\参考资料\标准格式样板\equipment\character\swordman\weapon\hsword\n_lswd_gravity.equ
劣质的韩瑞德之剑,equipment,0,30,24000,0,0,weapon,,"swordman, creator mage",否,,DNF文件知识库\参考资料\标准格式样板\equipment\character\swordman\weapon\hsword\n_lswd_lowzwei.equ
芷云双影剑,equipment,2,30,51200,21,0,weapon,,"swordman, creator mage",是,[魔剑控制]技能Lv +2 | [十字剑]技能Lv +2 |   | 攻击时， 有2%%的几率使敌人进入混乱状态。,DNF文件知识库\参考资料\标准格式样板\equipment\character\swordman\weapon\hsword\n_lswd_nopg.equ
古老的雕纹巨剑,equipment,0,45,36000,0,0,weapon,,"swordman, creator mage",否,,DNF文件知识库\参考资料\标准格式样板\equipment\character\swordman\weapon\hsword\n_lswd_outagitto.equ
血莲鸣凤剑,equipment,2,35,59200,24,0,weapon,,"swordman, creator mage",是,[十字剑]技能Lv +1 |   | 攻击时， 有2%%的几率附加100点火属性伤害。,DNF文件知识库\参考资料\标准格式样板\equipment\character\swordman\weapon\hsword\n_lswd_redlotus.equ
生锈的波刃长剑,equipment,0,25,20000,0,0,weapon,,"swordman, creator mage",否,,DNF文件知识库\参考资料\标准格式样板\equipment\character\swordman\weapon\hsword\n_lswd_rflam.equ
钝锋的双刃巨剑,equipment,0,20,16000,0,0,weapon,,"swordman, creator mage",否,,DNF文件知识库\参考资料\标准格式样板\equipment\character\swordman\weapon\hsword\n_lswd_stumclay.equ
残影剑,equipment,3,20,43200,19,0,weapon,,"swordman, creator mage",是,[毁灭之巨剑精通]技能Lv +2 | [十字剑]技能Lv +2,DNF文件知识库\参考资料\标准格式样板\equipment\character\swordman\weapon\hsword\n_lswd_vandyck.equ
夺命毒龙剑,equipment,2,40,67200,27,0,weapon,,"swordman, creator mage",是,[蛇腹剑 : 缠]技能Lv +1 | [人剑合一]技能Lv +1 |   | 攻击时， 有3%%的几率使敌人进入中毒状态。,DNF文件知识库\参考资料\标准格式样板\equipment\character\swordman\weapon\hsword\n_lswd_venomslayer.equ
韩瑞德之剑,equipment,1,30,36000,18,0,weapon,,"swordman, creator mage",否,,DNF文件知识库\参考资料\标准格式样板\equipment\character\swordman\weapon\hsword\n_lswd_zwei.equ
骑士长剑,equipment,1,40,48000,24,0,weapon,,"swordman, creator mage",否,,DNF文件知识库\参考资料\标准格式样板\equipment\character\swordman\weapon\hsword\n_mswd_crusader.equ
宽刃长剑,equipment,1,35,42000,21,0,weapon,,"swordman, creator mage",否,,DNF文件知识库\参考资料\标准格式样板\equipment\character\swordman\weapon\hsword\n_mswd_hiblade.equ
梅丽莎的灵夕长剑,equipment,2,25,43200,18,0,weapon,,"swordman, creator mage",是,[跃空斩]技能Lv +1 |   | 攻击时， 有2%%的几率使自身进入祝福状态。,DNF文件知识库\参考资料\标准格式样板\equipment\character\swordman\weapon\hsword\n_mswd_mellissa.equ
古老的骑士长剑,equipment,0,40,32000,0,0,weapon,,"swordman, creator mage",否,,DNF文件知识库\参考资料\标准格式样板\equipment\character\swordman\weapon\hsword\n_mswd_outcrusader.equ
素喃秘影长剑,equipment,2,35,59200,24,0,weapon,,"swordman, creator mage",是,[毁灭之巨剑精通]技能Lv +1 |   | 攻击速度 +5%%,DNF文件知识库\参考资料\标准格式样板\equipment\character\swordman\weapon\hsword\n_mswd_shonan.equ
破旧的宽刃长剑,equipment,0,35,28000,0,0,weapon,,"swordman, creator mage",否,,DNF文件知识库\参考资料\标准格式样板\equipment\character\swordman\weapon\hsword\n_mswd_uhiblade.equ
执刑巨剑,equipment,1,50,62400,32,0,weapon,,"swordman, creator mage",否,,DNF文件知识库\参考资料\标准格式样板\equipment\character\swordman\weapon\hsword\n_sachsen.equ
破旧的执刑巨剑,equipment,0,50,41600,0,0,weapon,,"swordman, creator mage",否,,DNF文件知识库\参考资料\标准格式样板\equipment\character\swordman\weapon\hsword\n_sachsen_low.equ
古老的炙炎梵天剑,equipment,4,20,45000,20,0,weapon,,"swordman, creator mage",否,攻击时， 有2%%的几率附加3500点伤害。,DNF文件知识库\参考资料\标准格式样板\equipment\character\swordman\weapon\hsword\n_sswd_blazeblade.equ
逸龙剑 - 抉择,equipment,4,50,102600,39,0,weapon,,"swordman, creator mage",是,物品快捷栏内每存在一种武器， 都可以增加角色10%%的攻击力 | [疾影手]冷却时间 -50%%,DNF文件知识库\参考资料\标准格式样板\equipment\character\swordman\weapon\hsword\n_sswd_soldros.equ
旅行者巨剑,equipment,2,0,0,44,0,weapon,,"swordman, creator mage",否,攻击速度 +1%% |     无法进行强化、 增幅、 分解和赠送。,DNF文件知识库\参考资料\标准格式样板\equipment\character\swordman\weapon\hsword\pvp_lswd2221000.equ
赤岩巨剑,equipment,2,0,0,46,0,weapon,,"swordman, creator mage",否,攻击速度 +1%% |     无法进行强化、 增幅、 分解和赠送。,DNF文件知识库\参考资料\标准格式样板\equipment\character\swordman\weapon\hsword\pvp_lswd2221001.equ
帝国之赤岩巨剑,equipment,2,0,0,48,0,weapon,,"swordman, creator mage",否,攻击速度 +1%% |     无法进行强化、 增幅、 分解和赠送。,DNF文件知识库\参考资料\标准格式样板\equipment\character\swordman\weapon\hsword\pvp_lswd2221002.equ
(古老) 执刑巨剑,equipment,1,42,50400,26,0,weapon,,"swordman, creator mage",否,,DNF文件知识库\参考资料\标准格式样板\equipment\character\swordman\weapon\hsword\sachsen.equ
(古老) 破旧的执刑巨剑,equipment,0,42,33600,0,0,weapon,,"swordman, creator mage",否,,DNF文件知识库\参考资料\标准格式样板\equipment\character\swordman\weapon\hsword\sachsen_low.equ
赤犬布斯莱的狂舞剑,equipment,3,25,46400,22,33,weapon,,"swordman, creator mage",是,[血影之太刀精通]技能Lv +2 | [孤勇之志]技能Lv +2 |   | 攻击速度 +3%%,DNF文件知识库\参考资料\标准格式样板\equipment\character\swordman\weapon\katana\101010353.equ
炽炎炼魂太刀,equipment,4,85,144000,62,92,weapon,,"swordman, creator mage",是,[破极兵刃]武器攻击力增加率 +10%% | [鬼影步]基本攻击力和技能攻击力增加率 +10%% | [双魂共鸣]暴击伤害增加率 +10%% | [黑暗释放]基本攻击力和技能攻击力增加率 +10%% | [人剑合一]暴击伤害追加比率 +10%% | [追踪术]基本攻击力和技能攻击力增加率 +10%% |   |     暴击时， 额外增加20%%的伤害增加量。 |     装备时， 每4秒强化增加4点火属性强化。,DNF文件知识库\参考资料\标准格式样板\equipment\character\swordman\weapon\katana\101010652.equ
圣物 : 恶魔守卫的赤月刀,equipment,3,85,142400,58,87,weapon,,"swordman, creator mage",是,鬼剑士(男) Lv75 ~ 80全部 技能 Lv +1 (仅限主动技能， 副本内生效)  | 鬼剑士(女) Lv1 ~ 80全部 技能 Lv +1 (仅限主动技能)  |   | 根据所携带的圣物道具数量， 将会产生如下效果。  | 力量 + 273 | 智力 + 273 | 体力 + 138 | 精神 + 138,DNF文件知识库\参考资料\标准格式样板\equipment\character\swordman\weapon\katana\101010768.equ
加卡利娜的鬼面剑,equipment,4,90,152000,65,97,weapon,,"swordman, creator mage",否,力量和智力 +10%% |   |     暴击攻击时， 增加17%%的伤害。,DNF文件知识库\参考资料\标准格式样板\equipment\character\swordman\weapon\katana\101010855.equ
密制愤世太刀,equipment,2,90,128800,57,86,weapon,,"swordman, creator mage",是,[花舞千魂杀]技能Lv +2 | [回天璇鸣剑]技能Lv +2 | [恶即斩]技能Lv +2 | [雷鸣千军破]技能Lv +2 | [群魔乱舞]技能Lv +2 | [唤魔 : 塔莫斯之袭]技能Lv +2 | [秘术·心斩]技能Lv +2 | [夜之风]技能Lv +2,DNF文件知识库\参考资料\标准格式样板\equipment\character\swordman\weapon\katana\101010857.equ
圣物 : 兰达尔的愤世太刀,equipment,3,90,150400,61,92,weapon,,"swordman, creator mage",是,鬼剑士(男) Lv75 ~ 85全部 技能 Lv +1 (仅限主动技能， 副本内生效)  | 鬼剑士(女) Lv1 ~ 85全部 技能 Lv +1 (仅限主动技能)  |   | 根据所携带的圣物道具数量， 将会产生如下效果。  | 力量 + 296 | 智力 + 296 | 体力 + 148 | 精神 + 148,DNF文件知识库\参考资料\标准格式样板\equipment\character\swordman\weapon\katana\101010860.equ
密制新绣刀,equipment,2,95,135800,60,91,weapon,,"swordman, creator mage",是,[裂刃天冲]技能Lv +1 | [极 · 驭剑术 (幻剑阵)]技能Lv +1 | [唤魔 : 逆天之普诺]技能Lv +1 | [汲血魔剑]技能Lv +1 | [瞬影碎魂击]技能Lv +1 | [追命索魂丝]技能Lv +1,DNF文件知识库\参考资料\标准格式样板\equipment\character\swordman\weapon\katana\101010930.equ
圣物 : 天空战神的新绣刀,equipment,3,95,158400,103,105,weapon,,"swordman, creator mage",是,鬼剑士(男) Lv75 ~ 85全部 技能 Lv +1 (仅限主动技能， 副本内生效)  | 鬼剑士(女) Lv1 ~ 85全部 技能 Lv +1 (仅限主动技能)  |   | 根据所携带的圣物道具数量， 将会产生如下效果。  | 力量 + 340 | 智力 + 340 | 体力 + 170 | 精神 + 170,DNF文件知识库\参考资料\标准格式样板\equipment\character\swordman\weapon\katana\101010931.equ
九龙护魂刀,equipment,4,70,0,50,75,weapon,,"swordman, creator mage",是,[疾影斩]技能Lv +1 | [破军旋舞斩]技能Lv +1 | [瞬影三绝斩]技能Lv +1 | [冲击斩]技能Lv +1 | [回旋勾斩]技能Lv +1 | [封喉丝]技能Lv +1 |   |     施放[刀魂之卡赞]、 [侵蚀之普戾蒙]、 [冰霜之萨亚]、 [瘟疫之罗刹]、 [鬼影步]、 [冥炎之卡洛]、 [残影之凯贾]、 [邪神之怖拉修]、 [冰晶之萨亚]、 [幻鬼 : 连斩]、 [幻鬼 : 回天]、 [幻鬼 : 奈落]时， 可以使自身进入霸体状态。 (在决斗场中无效) |     施放[暗影斩]、 [冥魂珠]、 [破魂之刃]、 [邪影·波动剑]时， 可以使自身进入霸体状态。 (在决斗场中无效) |     施放[疾影斩]、 [破军旋舞斩]、 [瞬影三绝斩]、 [冲击斩]、 [回旋勾斩]、 [封喉丝]时， 可以使自身进入霸体状态。 (在决斗场中无效),DNF文件知识库\参考资料\标准格式样板\equipment\character\swordman\weapon\katana\101020023.equ
暗影刀 - 追魂,equipment,3,80,134400,55,83,weapon,,"swordman, creator mage",是,[恶即斩]技能Lv +2 | [秘术·心斩]技能Lv +2 |   | [冥炎之卡洛]冥炎剑攻击力 +30%% | [冥炎破空斩]攻击力 +30%% | [秘术·心斩]攻击力 +30%%,DNF文件知识库\参考资料\标准格式样板\equipment\character\swordman\weapon\katana\101020036.equ
炎月之魂,equipment,3,80,0,55,83,weapon,,"swordman, creator mage",是,[人剑合一]技能Lv +1 | [孤勇之志]技能Lv +3 |   | [魔剑降临]火属性攻击力 +30%% |   |     普通攻击时， 有15%%的几率出现火焰旋风。 (在决斗场中无效) |     被击时， 有20%%的几率对敌人发动陨石攻击。 (在决斗场中无效),DNF文件知识库\参考资料\标准格式样板\equipment\character\swordman\weapon\katana\101020039.equ
精 · 加持的神之怒击太刀 : [升龙剑],equipment,5,70,81849,61,77,weapon,,"swordman, creator mage",是,[升龙剑]攻击力 +18%%,DNF文件知识库\参考资料\标准格式样板\equipment\character\swordman\weapon\katana\101020075.equ
精 · 加持的残忍之弑太刀 : [升龙剑],equipment,5,70,81849,61,77,weapon,,"swordman, creator mage",是,[升龙剑]冷却时间 -18%% | [升龙剑]MP消耗量 -18%%,DNF文件知识库\参考资料\标准格式样板\equipment\character\swordman\weapon\katana\101020086.equ
精 · 加持的残忍之弑太刀 : [蛇腹剑 : 灭],equipment,5,70,81849,61,77,weapon,,"swordman, creator mage",是,[蛇腹剑 : 灭]冷却时间 -18%% | [蛇腹剑 : 灭]MP消耗量 -18%%,DNF文件知识库\参考资料\标准格式样板\equipment\character\swordman\weapon\katana\101020088.equ
精 · 加持的神之怒击太刀 : [幻剑术],equipment,5,70,81849,61,77,weapon,,"swordman, creator mage",是,[幻剑术]攻击力 +18%%,DNF文件知识库\参考资料\标准格式样板\equipment\character\swordman\weapon\katana\101020091.equ
精 · 加持的残忍之弑太刀 : [幻剑术],equipment,5,70,81849,61,77,weapon,,"swordman, creator mage",是,[幻剑术]冷却时间 -18%% | [幻剑术]MP消耗量 -18%%,DNF文件知识库\参考资料\标准格式样板\equipment\character\swordman\weapon\katana\101020092.equ
精 · 加持的神之怒击太刀 : [蛇腹剑 : 灭],equipment,5,70,81849,61,77,weapon,,"swordman, creator mage",是,[蛇腹剑 : 灭]攻击力 +18%%,DNF文件知识库\参考资料\标准格式样板\equipment\character\swordman\weapon\katana\101020097.equ
精 · 加持的疾风之影太刀 : [升龙剑],equipment,5,70,81849,61,77,weapon,,"swordman, creator mage",是,[升龙剑]突进距离 +18%%,DNF文件知识库\参考资料\标准格式样板\equipment\character\swordman\weapon\katana\101020107.equ
精 · 加持的血之反噬太刀 : [唤魔 : 蛇腹剑],equipment,5,70,81849,61,77,weapon,,"swordman, creator mage",是,[唤魔 : 蛇腹剑]出血几率 +22%%,DNF文件知识库\参考资料\标准格式样板\equipment\character\swordman\weapon\katana\101020113.equ
精 · 加持的疾风之影太刀 : [蛇腹剑 : 灭],equipment,5,70,81849,61,77,weapon,,"swordman, creator mage",是,[蛇腹剑 : 灭]攻击速度 +18%%,DNF文件知识库\参考资料\标准格式样板\equipment\character\swordman\weapon\katana\101020114.equ
精 · 加持的残忍之弑太刀 : [蛇腹剑 : 破],equipment,5,70,81849,61,77,weapon,,"swordman, creator mage",是,[蛇腹剑 : 破]冷却时间 -18%% | [蛇腹剑 : 破]MP消耗量 -18%% | 攻击速度 +2%%,DNF文件知识库\参考资料\标准格式样板\equipment\character\swordman\weapon\katana\101020116.equ
精 · 加持的神之怒击太刀 : [蛇腹剑 : 破],equipment,5,70,81849,61,77,weapon,,"swordman, creator mage",是,[蛇腹剑 : 破]攻击力 +18%% | 攻击速度+2%%,DNF文件知识库\参考资料\标准格式样板\equipment\character\swordman\weapon\katana\101020117.equ
精 · 魔剑掌控者太刀,equipment,5,70,0,47,71,weapon,,"swordman, creator mage",否,,DNF文件知识库\参考资料\标准格式样板\equipment\character\swordman\weapon\katana\101020119.equ
精 · 驭剑游侠太刀,equipment,5,70,0,47,71,weapon,,"swordman, creator mage",否,,DNF文件知识库\参考资料\标准格式样板\equipment\character\swordman\weapon\katana\101020124.equ
驭剑凌天太刀,equipment,5,70,0,47,71,weapon,,"swordman, creator mage",否,,DNF文件知识库\参考资料\标准格式样板\equipment\character\swordman\weapon\katana\101020240.equ
魔剑之源太刀,equipment,5,70,0,47,71,weapon,,"swordman, creator mage",否,,DNF文件知识库\参考资料\标准格式样板\equipment\character\swordman\weapon\katana\101020241.equ
赫格尼之剑,equipment,4,75,145800,58,88,weapon,,"swordman, creator mage",否,攻击时， 有5%%的几率使敌人进入出血状态。 |     攻击出血状态的敌人时， 增加40%%的暴击伤害。,DNF文件知识库\参考资料\标准格式样板\equipment\character\swordman\weapon\katana\101020254.equ
名刀 - 观世正宗,equipment,4,85,163800,72,107,weapon,,"swordman, creator mage",是,[人剑合一]技能Lv +2 | [追踪术]技能Lv +2 |   | 暴击伤害 +32%% |   |     攻击时， 附加8%%的伤害。,DNF文件知识库\参考资料\标准格式样板\equipment\character\swordman\weapon\katana\101020258.equ
御魂 - 七支刀,equipment,4,85,163800,105,147,weapon,,"swordman, creator mage",是,攻击速度 +10%% |   | 攻击时， 附加18%%的伤害。 |   |     施放技能时， 增加200点力量和智力， 效果持续30秒。 (冷却时间30秒； 最多重叠1次； 解除装备后效果消失) |     施放技能时， [幻影剑舞]、 [冥炎之卡洛]、 [不动明王阵]、 [崩山裂地斩]、 [冥灵断魂斩]的剩余冷却时间减少20%%。 (持续时间10秒， 冷却时间10秒) |     施放技能时， [恶即斩]、 [秘术·心斩]、 [唤魔 : 塔莫斯之袭]、 [花舞千魂杀]的剩余冷却时间减少20%%。 (持续时间10秒， 冷却时间10秒) |     施放技能时， [魔影剑舞]、 [冥炎破空斩]、 [黑暗明王阵]、 [魔狱裂魂斩]的剩余冷却时间减少20%%。 (持续时间10秒， 冷却时间10秒),DNF文件知识库\参考资料\标准格式样板\equipment\character\swordman\weapon\katana\101020259.equ
"dnf暗黑誓约剑
【大佬定制】",equipment,4,95,1000000,250,250,weapon,,"swordman, creator mage",是,"所有技能攻击力+100%% |    攻击时,以 10%%对300px 范围内的敌人发动天照 |    攻击时，使300px 范围内的敌人进入诅咒状态。 |    对诅咒状态下敌人的伤害增加80%% |    攻击时，有1%%几率使自身增加150点力量、智力、体力和精神，增加15%%攻击、施放和移动速度，效果持续30秒。（冷却30秒）",DNF文件知识库\参考资料\标准格式样板\equipment\character\swordman\weapon\katana\820162121.equ
"dnf无影剑-樱花舞
【大佬定制】",equipment,4,95,1000000,250,250,weapon,,"swordman, creator mage",是,"所有技能攻击力+100%% |    攻击时,以 10%%几率朝前方3方向施展落雷 |    攻击时，使300px 范围内的敌人进入感电状态。 |    对感电状态下敌人的伤害增加80%% |    攻击时，有1%%几率使自身增加150点力量、智力、体力和精神，增加15%%攻击、施放和移动速度，效果持续30秒。（冷却30秒）",DNF文件知识库\参考资料\标准格式样板\equipment\character\swordman\weapon\katana\820163196.equ
"dnf雷神剑
【大佬定制】",equipment,4,95,1000000,250,250,weapon,,"swordman, creator mage",是,"所有技能攻击力+100%% |    攻击时,以 10%%几率朝前方3方向施展落雷 |    攻击时，使300px 范围内的敌人进入感电状态。 |    对感电状态下敌人的伤害增加80%% |    攻击时，有1%%几率使自身增加150点力量、智力、体力和精神，增加15%%攻击、施放和移动速度，效果持续30秒。（冷却30秒）",DNF文件知识库\参考资料\标准格式样板\equipment\character\swordman\weapon\katana\820163200.equ
"dnf契约之剑
【大佬定制】",equipment,4,95,1000000,250,250,weapon,,"swordman, creator mage",是,"所有技能攻击力+100%% |    攻击时,以 10%%几率朝前方3方向施展落雷 |    攻击时，使300px 范围内的敌人进入感电状态。 |    对感电状态下敌人的伤害增加80%% |    攻击时，有1%%几率使自身增加150点力量、智力、体力和精神，增加15%%攻击、施放和移动速度，效果持续30秒。（冷却30秒）",DNF文件知识库\参考资料\标准格式样板\equipment\character\swordman\weapon\katana\820163201.equ
"dnf秘剑-燕返
【大佬定制】",equipment,4,95,1000000,250,250,weapon,,"swordman, creator mage",是,"所有技能攻击力+100%% |    攻击时,以 10%%对300px 范围内的敌人发动天照 |    攻击时，使300px 范围内的敌人进入诅咒状态。 |    对诅咒状态下敌人的伤害增加80%% |    攻击时，有1%%几率使自身增加150点力量、智力、体力和精神，增加15%%攻击、施放和移动速度，效果持续30秒。（冷却30秒）",DNF文件知识库\参考资料\标准格式样板\equipment\character\swordman\weapon\katana\820163203.equ
"dnf仙剑传说-魔剑
【大佬定制】",equipment,4,95,1000000,250,250,weapon,,"swordman, creator mage",是,"所有技能攻击力+100%% |    攻击时,以 10%%对300px 范围内的敌人发动天照 |    攻击时，使300px 范围内的敌人进入诅咒状态。 |    对诅咒状态下敌人的伤害增加80%% |    攻击时，有1%%几率使自身增加150点力量、智力、体力和精神，增加15%%攻击、施放和移动速度，效果持续30秒。（冷却30秒）",DNF文件知识库\参考资料\标准格式样板\equipment\character\swordman\weapon\katana\820163229.equ
晶体剑,equipment,0,50,0,3,5,weapon,,"swordman, creator mage",否,,DNF文件知识库\参考资料\标准格式样板\equipment\character\swordman\weapon\katana\chn_401010042.equ
武士刀,equipment,1,5,5000,3,5,weapon,,"swordman, creator mage",否,,DNF文件知识库\参考资料\标准格式样板\equipment\character\swordman\weapon\katana\kat.equ
将军剑,equipment,2,25,37800,18,27,weapon,,"swordman, creator mage",否,,DNF文件知识库\参考资料\标准格式样板\equipment\character\swordman\weapon\katana\kat_2223105.equ
阿罗那的拥抱,equipment,4,65,112000,47,71,weapon,,"swordman, creator mage",是,[穿云破空剑]技能Lv +2 | [破军旋舞斩]技能Lv +3 | [疾刃之影]技能Lv +2 | [黑夜之花]技能Lv +3 |   |     攻击时， 有2%%的几率使所有敌人进入束缚状态。 |     被攻击时， 有10%%的几率使敌人进入中毒状态。,DNF文件知识库\参考资料\标准格式样板\equipment\character\swordman\weapon\katana\kat_27742.equ
克律萨俄耳金剑,equipment,2,65,93800,42,63,weapon,,"swordman, creator mage",否,,DNF文件知识库\参考资料\标准格式样板\equipment\character\swordman\weapon\katana\kat_27743.equ
精 · 加持的残忍之弑太刀 : [冰刃·波动剑],equipment,5,70,0,61,77,weapon,,swordman,是,[冰刃·波动剑]冷却时间 -18%% | [冰刃·波动剑]MP消耗量 -18%%,DNF文件知识库\参考资料\标准格式样板\equipment\character\swordman\weapon\katana\kat_2choro103.equ
精 · 加持的秘技之境太刀 : [冰刃·波动剑],equipment,5,70,0,61,77,weapon,,swordman,是,[冰刃·波动剑]冰柱数 +2 | [冰刃·波动剑]攻击力 -1%%,DNF文件知识库\参考资料\标准格式样板\equipment\character\swordman\weapon\katana\kat_2choro104.equ
精 · 加持的神之怒击太刀 : [冰刃·波动剑],equipment,5,70,0,61,77,weapon,,swordman,是,[冰刃·波动剑]攻击力 +18%%,DNF文件知识库\参考资料\标准格式样板\equipment\character\swordman\weapon\katana\kat_2choro105.equ
精 · 加持的残忍之弑太刀 : [幻影剑舞],equipment,5,70,0,61,77,weapon,,swordman,是,[幻影剑舞]冷却时间 -18%% | [幻影剑舞]MP消耗量 -18%%,DNF文件知识库\参考资料\标准格式样板\equipment\character\swordman\weapon\katana\kat_2choro130.equ
精 · 加持的神之怒击太刀 : [幻影剑舞],equipment,5,70,0,61,77,weapon,,swordman,是,[幻影剑舞]攻击力 +18%% | [钝器精通]下[幻影剑舞]的冲击波攻击力 +18%%,DNF文件知识库\参考资料\标准格式样板\equipment\character\swordman\weapon\katana\kat_2choro131.equ
精 · 加持的残忍之弑太刀 : [冰刃·波动剑],equipment,5,70,0,61,77,weapon,,swordman,是,[冰刃·波动剑]冷却时间 -18%% | [冰刃·波动剑]MP消耗量 -18%%,DNF文件知识库\参考资料\标准格式样板\equipment\character\swordman\weapon\katana\kat_2choro140.equ
精 · 加持的秘技之境太刀 : [冰刃·波动剑],equipment,5,70,0,61,77,weapon,,swordman,是,[冰刃·波动剑]冰柱数 +2 | [冰刃·波动剑]攻击力 -1%%,DNF文件知识库\参考资料\标准格式样板\equipment\character\swordman\weapon\katana\kat_2choro141.equ
精 · 加持的神之怒击太刀 : [冰刃·波动剑],equipment,5,70,0,61,77,weapon,,swordman,是,[冰刃·波动剑]攻击力 +18%%,DNF文件知识库\参考资料\标准格式样板\equipment\character\swordman\weapon\katana\kat_2choro142.equ
残忍之弑太刀 : [冰刃·波动剑],equipment,5,0,0,45,68,weapon,,swordman,是,[冰刃·波动剑]冷却时间 -14%% | [冰刃·波动剑]MP消耗量 -14%%,DNF文件知识库\参考资料\标准格式样板\equipment\character\swordman\weapon\katana\kat_2choro17.equ
秘技之境太刀 : [冰刃·波动剑],equipment,5,0,0,45,68,weapon,,swordman,是,[冰刃·波动剑]冰柱数 +2 | [冰刃·波动剑]攻击力 -2%%,DNF文件知识库\参考资料\标准格式样板\equipment\character\swordman\weapon\katana\kat_2choro18.equ
神之怒击太刀 : [冰刃·波动剑],equipment,5,0,0,45,68,weapon,,swordman,是,[冰刃·波动剑]攻击力 +14%%,DNF文件知识库\参考资料\标准格式样板\equipment\character\swordman\weapon\katana\kat_2choro19.equ
加持的残忍之弑太刀 : [幻影剑舞],equipment,5,0,0,45,68,weapon,,swordman,是,[幻影剑舞]冷却时间 -18%% | [幻影剑舞]MP消耗量 -18%%,DNF文件知识库\参考资料\标准格式样板\equipment\character\swordman\weapon\katana\kat_2choro39.equ
加持的神之怒击太刀 : [幻影剑舞],equipment,5,0,0,45,68,weapon,,swordman,是,[幻影剑舞]攻击力 +18%% | [钝器精通]下[幻影剑舞]的冲击波攻击力 +18%%,DNF文件知识库\参考资料\标准格式样板\equipment\character\swordman\weapon\katana\kat_2choro40.equ
加持的残忍之弑太刀 : [冰刃·波动剑],equipment,5,0,0,45,68,weapon,,swordman,是,[冰刃·波动剑]冷却时间 -18%% | [冰刃·波动剑]MP消耗量 -18%%,DNF文件知识库\参考资料\标准格式样板\equipment\character\swordman\weapon\katana\kat_2choro49.equ
加持的秘技之境太刀 : [冰刃·波动剑],equipment,5,0,0,45,68,weapon,,swordman,是,[冰刃·波动剑]冰柱数 +2 | [冰刃·波动剑]攻击力 -1%%,DNF文件知识库\参考资料\标准格式样板\equipment\character\swordman\weapon\katana\kat_2choro50.equ
加持的神之怒击太刀 : [冰刃·波动剑],equipment,5,0,0,45,68,weapon,,swordman,是,[冰刃·波动剑]攻击力 +18%%,DNF文件知识库\参考资料\标准格式样板\equipment\character\swordman\weapon\katana\kat_2choro51.equ
残忍之弑太刀 : [幻影剑舞],equipment,5,0,0,45,68,weapon,,swordman,是,[幻影剑舞]冷却时间 -14%% | [幻影剑舞]MP消耗量 -14%%,DNF文件知识库\参考资料\标准格式样板\equipment\character\swordman\weapon\katana\kat_2choro7.equ
神之怒击太刀 : [幻影剑舞],equipment,5,0,0,45,68,weapon,,swordman,是,[幻影剑舞]攻击力 +14%% | [钝器精通]下[幻影剑舞]的冲击波攻击力 +14%%,DNF文件知识库\参考资料\标准格式样板\equipment\character\swordman\weapon\katana\kat_2choro8.equ
精 · 加持的残忍之弑太刀 : [幻影剑舞],equipment,5,70,0,61,77,weapon,,swordman,是,[幻影剑舞]冷却时间 -18%% | [幻影剑舞]MP消耗量 -18%%,DNF文件知识库\参考资料\标准格式样板\equipment\character\swordman\weapon\katana\kat_2choro93.equ
精 · 加持的神之怒击太刀 : [幻影剑舞],equipment,5,70,0,61,77,weapon,,swordman,是,[幻影剑舞]攻击力 +18%% | [钝器精通]下[幻影剑舞]的冲击波攻击力 +18%%,DNF文件知识库\参考资料\标准格式样板\equipment\character\swordman\weapon\katana\kat_2choro94.equ
裂魂之异次元太刀 - 剑魂,equipment,5,70,0,63,86,weapon,,swordman,否,,DNF文件知识库\参考资料\标准格式样板\equipment\character\swordman\weapon\katana\kat_3choro1.equ
七伤剑气太刀,equipment,5,70,0,68,91,weapon,,swordman,否,,DNF文件知识库\参考资料\标准格式样板\equipment\character\swordman\weapon\katana\kat_3choro3.equ
天之剑痕太刀,equipment,5,70,0,68,91,weapon,,swordman,否,,DNF文件知识库\参考资料\标准格式样板\equipment\character\swordman\weapon\katana\kat_3choro4.equ
狱岩石太刀,equipment,2,50,75600,38,54,weapon,,"swordman, creator mage",是,[极 · 驭剑术 (时空斩)]技能Lv +1 | [空绝斩 : 千刃]技能Lv +1 | [花开寒影]技能Lv +1 | [末日杀戮]技能Lv +1 | [沉寂之狱]技能Lv +1 |   | 攻击速度 +1%%,DNF文件知识库\参考资料\标准格式样板\equipment\character\swordman\weapon\katana\kat_hellkarium.equ
班图的冰毒,equipment,4,55,0,42,63,weapon,,"swordman, creator mage",是,[魔剑奥义]技能Lv +2 |   | [冰霜之萨亚]攻击时间间隔 -10%% | [魔剑降临]冰属性效果触发几率 +10%% |   |     攻击时， 有2%%的几率出现毒气柱。 (在决斗场中无效),DNF文件知识库\参考资料\标准格式样板\equipment\character\swordman\weapon\katana\kat_icepoison.equ
小太刀,equipment,1,7,7000,5,8,weapon,,"swordman, creator mage",否,,DNF文件知识库\参考资料\标准格式样板\equipment\character\swordman\weapon\katana\kat_kotachi.equ
黑刀 - 暗月,equipment,3,60,102400,43,65,weapon,,"swordman, creator mage",是,[回旋勾斩]技能Lv +2 | [刃之决意]技能Lv +2 |   | [魔剑降临]暗属性效果触发几率 +10%% | [魔剑奥义]冥炎物理攻击力 +20%% |   |     攻击时， 有2%%的几率使敌人进入诅咒状态。,DNF文件知识库\参考资料\标准格式样板\equipment\character\swordman\weapon\katana\kat_kuroichki.equ
月之光芒,equipment,4,50,0,39,59,weapon,,"swordman, creator mage",是,[疾影斩]技能Lv +5 | [双重斩]技能Lv +5 |   | [月光斩]、 [暗月斩]、 [鬼连斩]、 [双重斩]冷却时间 -1秒 | [疾影斩]冷却时间 -1.5秒 |   | 攻击速度 +1%%,DNF文件知识库\参考资料\标准格式样板\equipment\character\swordman\weapon\katana\kat_moonshine.equ
十字斩刀 - 闪,equipment,4,55,99200,42,63,weapon,,"swordman, creator mage",是,[拔刀斩]、 [猛龙断空斩]、 [噬灵鬼斩]、 [鬼影闪]、 [破灭斩]、 [瞬影斩]、 [禁魂斩]、 [共鸣 : 鬼灵斩]、 [共鸣 : 离魂一闪]、 [破军旋舞斩]、 [瞬影三绝斩]、 [冲击斩]、 [夜之风]攻击力 +40%%,DNF文件知识库\参考资料\标准格式样板\equipment\character\swordman\weapon\katana\kat_onesansan.equ
细雪之舞,equipment,2,45,65800,30,45,weapon,,"swordman, creator mage",是,[魔剑奥义]技能Lv +1 |   | 攻击时， 有2%%的几率使敌人进入冰冻状态。,DNF文件知识库\参考资料\标准格式样板\equipment\character\swordman\weapon\katana\kat_sasameyuki.equ
破碎的梦境之尘,equipment,4,60,104000,44,66,weapon,,"swordman, creator mage",是,[恶即斩]技能Lv +2 | [黑夜之花]技能Lv +2 |   |     释放[后跳斩]、 [邪光斩]、 [鬼连斩]、 [魂魄斩]、 [幻影剑舞]时， 生成西岚的剑气。  |     释放[升龙剑]、 [黑夜之花]、 [瞬影三绝斩]、 [夜之风]、 [恶即斩]时， 生成西岚的剑气。  |     释放[跃斩]、 [冥光斩]、 [魔影剑舞]时， 生成西岚的剑气。   |     释放[鬼人化]的后跳空中斩击时， 生成西岚的剑气。,DNF文件知识库\参考资料\标准格式样板\equipment\character\swordman\weapon\katana\kat_siran_dream.equ
赤凰战刀,equipment,2,45,65800,30,45,weapon,,"swordman, creator mage",是,[魔剑奥义]技能Lv +1 | [血饮狂舞]技能Lv +1 |   | 攻击时， 有4%%的几率附加1000点火属性伤害。,DNF文件知识库\参考资料\标准格式样板\equipment\character\swordman\weapon\katana\kat_wheat.equ
(古老) 西岚的妖刀,equipment,3,35,65600,29,44,weapon,,"swordman, creator mage",是,攻击时， 有2%%的几率使敌人进入眩晕状态。 | 攻击速度 +1%%,DNF文件知识库\参考资料\标准格式样板\equipment\character\swordman\weapon\katana\kat_yodosiran.equ
白丸,equipment,2,40,58800,27,41,weapon,,"swordman, creator mage",是,[魔剑降临]技能Lv +1,DNF文件知识库\参考资料\标准格式样板\equipment\character\swordman\weapon\katana\n_kat_hyackmaru.equ
神悦,equipment,2,35,51800,24,36,weapon,,"swordman, creator mage",是,[魔剑降临]技能Lv +1 |   | 被攻击时， 有10%%的几率使自身进入祝福状态。,DNF文件知识库\参考资料\标准格式样板\equipment\character\swordman\weapon\katana\n_kat_kagura.equ
古老的十字斩刀 - 闪,equipment,4,50,91200,39,59,weapon,,"swordman, creator mage",是,[噬灵鬼斩]蓄气时间 -20%%,DNF文件知识库\参考资料\标准格式样板\equipment\character\swordman\weapon\katana\n_kat_onesansan.equ
刹影的斩鬼刀,equipment,3,40,70400,31,47,weapon,,"swordman, creator mage",是,[鬼斩]、 [暗影斩]攻击范围 +30%% | [噬灵鬼斩]蓄气时间上限 -50%% | 攻击速度 +1%% | 攻击时， 有2%%的几率使敌人进入眩晕状态。,DNF文件知识库\参考资料\标准格式样板\equipment\character\swordman\weapon\katana\n_kat_sayoung.equ
西岚的妖刀,equipment,3,40,70400,31,47,weapon,,"swordman, creator mage",是,攻击时， 有2%%的几率使敌人进入眩晕状态。 | 攻击速度 +1%%,DNF文件知识库\参考资料\标准格式样板\equipment\character\swordman\weapon\katana\n_kat_yodosiran.equ
[巨龙]被腐蚀的龙鸣短剑,equipment,3,80,134400,0,55,weapon,,"swordman, creator mage",否,在[月轮山]地区和真 · 远古地下城中可以发动特殊效果。 |     攻击时， 有5%%的几率向敌人发动闪电攻击。 |     被闪电命中的敌人会进入感电状态。 |     攻击感电状态的敌人时， 附加10%%的伤害。,DNF文件知识库\参考资料\标准格式样板\equipment\character\swordman\weapon\ssword\100330577.equ
古代遗骨的青铜剑[活动],equipment,3,65,110400,0,46,weapon,,"swordman, creator mage",是,不可交换， 不可合成， 不可解体， 可强化,DNF文件知识库\参考资料\标准格式样板\equipment\character\swordman\weapon\ssword\101000001.equ
古代遗骨的青铜剑[租借活动],equipment,3,65,110400,0,46,weapon,,"swordman, creator mage",是,不可强化、增幅、提炼、解体、送礼、仓库储存 | 只能在异界地下城使用。,DNF文件知识库\参考资料\标准格式样板\equipment\character\swordman\weapon\ssword\101000002.equ
天道之修罗剑,equipment,3,70,118400,0,49,weapon,,"swordman, creator mage",是,[魔镜幻影阵]技能Lv +3 | [暗影盛宴]技能Lv +3 |   | [修罗邪光斩]攻击力增加率 +20%% | [修罗邪光斩]大小 +20%% | [修罗邪光斩]发射速度 +25%% | [冥光斩]攻击力 +20%% | [邪光斩]、 [修罗邪光斩]、 [冥光斩]多段攻击间隔 -20%% | [邪光斩]、 [冥光斩]冷却时间 -1.5秒,DNF文件知识库\参考资料\标准格式样板\equipment\character\swordman\weapon\ssword\101000003.equ
邪灵饮血剑[活动],equipment,3,50,89600,0,38,weapon,,"swordman, creator mage",是,无法进行合成和分解。,DNF文件知识库\参考资料\标准格式样板\equipment\character\swordman\weapon\ssword\101000007.equ
远古遗骸的青铜剑[活动],equipment,3,65,110400,0,46,weapon,,"swordman, creator mage",是,无法进行合成和分解。,DNF文件知识库\参考资料\标准格式样板\equipment\character\swordman\weapon\ssword\101000009.equ
四辰斩邪剑[活动],equipment,3,55,97600,0,41,weapon,,"swordman, creator mage",否,施放[鬼斩]、 [月光斩]、 [地裂·波动剑]、 [邪光斩]、 [暗影斩]、 [暗月斩]、 [暗影·波动剑]、 [冥光斩]时， 有50%%的几率发动提升Lv5的该技能。 (无法超出该技能的Lv上限) |     无法进行合成和分解。,DNF文件知识库\参考资料\标准格式样板\equipment\character\swordman\weapon\ssword\101000010.equ
极影剑,equipment,2,80,114800,0,51,weapon,,"swordman, creator mage",否,,DNF文件知识库\参考资料\标准格式样板\equipment\character\swordman\weapon\ssword\101000015.equ
御龙决,equipment,3,80,134400,0,55,weapon,,"swordman, creator mage",是,[释魂飞弹]技能Lv +1 | [魔影轰杀]技能Lv +1 |   | [冰霜之萨亚]、 [冰刃·波动剑]、 [极冰·裂波剑]的冰冻Lv +6 |     使用[释魂飞弹]或[毁灭突进]时可使敌人进入冰冻状态。 | 对冰冻状态下敌人的伤害 +7%% |     当HP低于20%以下且被击时， 可以使500px范围内的所有敌人进入冰冻状态2秒。 (在决斗场中无效),DNF文件知识库\参考资料\标准格式样板\equipment\character\swordman\weapon\ssword\101000016.equ
灼魂之魔刹短剑,equipment,3,80,0,0,55,weapon,,"swordman, creator mage",是,[人剑合一]技能Lv +1 | [魔性之短剑精通]技能Lv +2 | [五气朝元]技能Lv +1 | [汲魂之力]技能Lv +2 |   | [邪影·波动剑]气刃数量 +2 | [邪影·波动剑]气刃间隔 -10%% | 施放[流心 : 刺]、 [疾影斩]、 [暗影缠袭]时， 有30%%的几率使自身进入霸体状态， 效果持续3秒。 | 施放[爆炎 · 波动剑]、 [湮烈掌]时， 有20%%的几率不受冷却时间影响。,DNF文件知识库\参考资料\标准格式样板\equipment\character\swordman\weapon\ssword\101000019.equ
无尽之逐神短剑,equipment,3,1,110400,0,8,weapon,,"swordman, creator mage",否,攻击时敌人 4%% 附加伤害 | 成长的活动给予无限制武器（根据角色的等级最多可成长至67等级） | 不可交换， 不可合成， 不可解体,DNF文件知识库\参考资料\标准格式样板\equipment\character\swordman\weapon\ssword\101000023.equ
镇魂之封灵短剑,equipment,4,85,0,0,110,weapon,,"swordman, creator mage",是,攻击速度 +1.5%% |   |     攻击时， 附加16%%的伤害。,DNF文件知识库\参考资料\标准格式样板\equipment\character\swordman\weapon\ssword\101000027.equ
释魂之真灵短剑,equipment,4,85,0,0,129,weapon,,"swordman, creator mage",是,攻击速度 +3%% |   |     攻击时， 附加23%%的伤害。,DNF文件知识库\参考资料\标准格式样板\equipment\character\swordman\weapon\ssword\101000028.equ
紫薇星剑[活动],equipment,3,20,0,0,19,weapon,,"swordman, creator mage",是,不可解体， 不可合成,DNF文件知识库\参考资料\标准格式样板\equipment\character\swordman\weapon\ssword\101000029.equ
杰诺的灵魂之剑,equipment,4,85,144000,0,62,weapon,,"swordman, creator mage",是,[魔性之短剑精通]技能Lv +2 | [汲魂之力]技能Lv +3 | [释魂飞弹]技能Lv +3 |   | [波动爆发]冷却时间 -1秒 |   |     攻击时， 有50%%的几率附加20%%的冰属性伤害。,DNF文件知识库\参考资料\标准格式样板\equipment\character\swordman\weapon\ssword\101000030.equ
驭剑凌天短剑,equipment,5,70,0,0,47,weapon,,"swordman, creator mage",否,,DNF文件知识库\参考资料\标准格式样板\equipment\character\swordman\weapon\ssword\101000170.equ
魔剑之源短剑,equipment,5,70,0,0,47,weapon,,"swordman, creator mage",否,,DNF文件知识库\参考资料\标准格式样板\equipment\character\swordman\weapon\ssword\101000171.equ
远古幻影短剑,equipment,5,70,0,0,47,weapon,,"swordman, creator mage",否,,DNF文件知识库\参考资料\标准格式样板\equipment\character\swordman\weapon\ssword\101000172.equ
精 · 加持的残忍之弑短剑 : [恶即斩],equipment,5,70,0,0,61,weapon,,"swordman, creator mage",是,[恶即斩]斩击次数 +2,DNF文件知识库\参考资料\标准格式样板\equipment\character\swordman\weapon\ssword\101000174.equ
精 · Ms.根之源短剑,equipment,5,70,0,0,47,weapon,,"swordman, creator mage",否,,DNF文件知识库\参考资料\标准格式样板\equipment\character\swordman\weapon\ssword\101000175.equ
裂魂之异次元短剑 - 驭剑士,equipment,5,70,0,0,47,weapon,,"swordman, creator mage",否,,DNF文件知识库\参考资料\标准格式样板\equipment\character\swordman\weapon\ssword\101000176.equ
精 · 加持的神之怒击短剑 : [幻剑术],equipment,5,70,0,0,61,weapon,,"swordman, creator mage",是,[幻剑术]攻击力 +18%%,DNF文件知识库\参考资料\标准格式样板\equipment\character\swordman\weapon\ssword\101000177.equ
精 · 加持的神之怒击短剑 : [恶即斩],equipment,5,70,0,0,61,weapon,,"swordman, creator mage",是,[恶即斩]攻击力 +18%%,DNF文件知识库\参考资料\标准格式样板\equipment\character\swordman\weapon\ssword\101000178.equ
精 · 加持的神之怒击短剑 : [升龙剑],equipment,5,70,0,0,61,weapon,,"swordman, creator mage",是,[升龙剑]攻击力 +18%%,DNF文件知识库\参考资料\标准格式样板\equipment\character\swordman\weapon\ssword\101000179.equ
精 · 加持的神之怒击短剑 : [破军旋舞斩],equipment,5,70,0,0,61,weapon,,"swordman, creator mage",是,[破军旋舞斩]攻击力 +18%%,DNF文件知识库\参考资料\标准格式样板\equipment\character\swordman\weapon\ssword\101000180.equ
精 · 加持的疾风之影短剑 : [升龙剑],equipment,5,70,0,0,61,weapon,,"swordman, creator mage",是,[升龙剑]突进距离 +18%%,DNF文件知识库\参考资料\标准格式样板\equipment\character\swordman\weapon\ssword\101000181.equ
精 · 加持的残忍之弑短剑 : [幻剑术],equipment,5,70,0,0,61,weapon,,"swordman, creator mage",是,[幻剑术]冷却时间 -18%% | [幻剑术]MP消耗量 -18%%,DNF文件知识库\参考资料\标准格式样板\equipment\character\swordman\weapon\ssword\101000182.equ
精 · 加持的残忍之弑短剑 : [恶即斩],equipment,5,70,0,0,61,weapon,,"swordman, creator mage",是,[恶即斩]冷却时间 -18%% | [恶即斩]MP消耗量 -18%%,DNF文件知识库\参考资料\标准格式样板\equipment\character\swordman\weapon\ssword\101000183.equ
精 · 加持的残忍之弑短剑 : [升龙剑],equipment,5,70,0,0,61,weapon,,"swordman, creator mage",是,[升龙剑]冷却时间 -18%% | [升龙剑]MP消耗量 -18%%,DNF文件知识库\参考资料\标准格式样板\equipment\character\swordman\weapon\ssword\101000184.equ
精 · 加持的残忍之弑短剑 : [破军旋舞斩],equipment,5,70,0,0,61,weapon,,"swordman, creator mage",是,[破军旋舞斩]冷却时间 -18%% | [破军旋舞斩]MP消耗量 -18%%,DNF文件知识库\参考资料\标准格式样板\equipment\character\swordman\weapon\ssword\101000185.equ
精 · 魔剑掌控者短剑,equipment,5,70,0,0,47,weapon,,"swordman, creator mage",否,,DNF文件知识库\参考资料\标准格式样板\equipment\character\swordman\weapon\ssword\101000186.equ
精 · 驭剑游侠短剑,equipment,5,70,0,0,47,weapon,,"swordman, creator mage",否,,DNF文件知识库\参考资料\标准格式样板\equipment\character\swordman\weapon\ssword\101000187.equ
阴剑 - 莫邪,equipment,4,85,163800,0,65,weapon,,"swordman, creator mage",否,↑↓+[宠物技能键]输入时， 发动阴气的气息， 效果持续60秒。 (消耗2个蓝色小晶块) |     若队伍中存在佩戴[阳剑 - 干将]的成员， 将触发附加属性。,DNF文件知识库\参考资料\标准格式样板\equipment\character\swordman\weapon\ssword\101000200.equ
破旧的墨殇清影剑,equipment,0,75,52500,0,0,weapon,,"swordman, creator mage",否,,DNF文件知识库\参考资料\标准格式样板\equipment\character\swordman\weapon\ssword\101000225.equ
墨殇清影剑,equipment,1,75,75000,0,45,weapon,,"swordman, creator mage",否,,DNF文件知识库\参考资料\标准格式样板\equipment\character\swordman\weapon\ssword\101000226.equ
蜘蛛公主的毒影剑,equipment,3,30,54400,0,25,weapon,,"swordman, creator mage",否,攻击时， 有12%%的几率使敌人进入中毒状态。 (冷却时间3秒),DNF文件知识库\参考资料\标准格式样板\equipment\character\swordman\weapon\ssword\101000227.equ
雷饮电光剑,equipment,3,45,78400,0,34,weapon,,"swordman, creator mage",否,攻击时， 有7%%的几率召唤出落雷。 |     攻击时， 附加5%%的光属性伤害。,DNF文件知识库\参考资料\标准格式样板\equipment\character\swordman\weapon\ssword\101000282.equ
裂魂之异次元短剑 - 暗殿骑士,equipment,5,70,0,0,47,weapon,,"swordman, creator mage",否,,DNF文件知识库\参考资料\标准格式样板\equipment\character\swordman\weapon\ssword\101000312.equ
精 · 暗殿之光短剑,equipment,5,70,0,0,47,weapon,,"swordman, creator mage",否,,DNF文件知识库\参考资料\标准格式样板\equipment\character\swordman\weapon\ssword\101000313.equ
精 · 暗影千魂短剑,equipment,5,70,0,0,47,weapon,,"swordman, creator mage",否,,DNF文件知识库\参考资料\标准格式样板\equipment\character\swordman\weapon\ssword\101000314.equ
精 · 黑暗契约短剑,equipment,5,70,0,0,47,weapon,,"swordman, creator mage",否,,DNF文件知识库\参考资料\标准格式样板\equipment\character\swordman\weapon\ssword\101000315.equ
暗幕之王短剑,equipment,5,70,0,0,47,weapon,,"swordman, creator mage",否,,DNF文件知识库\参考资料\标准格式样板\equipment\character\swordman\weapon\ssword\101000316.equ
暗影谜踪短剑,equipment,5,70,0,0,47,weapon,,"swordman, creator mage",否,,DNF文件知识库\参考资料\标准格式样板\equipment\character\swordman\weapon\ssword\101000317.equ
冥域女神短剑,equipment,5,70,0,0,47,weapon,,"swordman, creator mage",否,,DNF文件知识库\参考资料\标准格式样板\equipment\character\swordman\weapon\ssword\101000318.equ
无影剑 - 艾格斯,equipment,4,75,145800,0,64,weapon,,"swordman, creator mage",是,攻击时， 附加15%%的伤害。 |     光属性攻击时， 增加25%%的暴击伤害。 |     受到光属性攻击时， 会赋予自身武器光属性， 效果持续120秒。,DNF文件知识库\参考资料\标准格式样板\equipment\character\swordman\weapon\ssword\101000320.equ
生锈的翠玉短剑,equipment,0,85,59500,0,0,weapon,,"swordman, creator mage",否,,DNF文件知识库\参考资料\标准格式样板\equipment\character\swordman\weapon\ssword\101000321.equ
翠玉短剑,equipment,1,85,85000,0,51,weapon,,"swordman, creator mage",否,,DNF文件知识库\参考资料\标准格式样板\equipment\character\swordman\weapon\ssword\101000322.equ
密制翠玉短剑,equipment,2,85,121800,0,54,weapon,,"swordman, creator mage",是,[魔镜幻影阵]技能Lv +2 | [暗影盛宴]技能Lv +2,DNF文件知识库\参考资料\标准格式样板\equipment\character\swordman\weapon\ssword\101000323.equ
荒古遗尘短剑,equipment,4,85,163800,0,65,weapon,,"swordman, creator mage",是,技能攻击力 +35%% |   |     [↑↓+宠物技能]输入时， 可释放“第七使徒 : 火焰吞噬者安徒恩”的魔能。 |     释放结束时， 对敌人造成强烈的魔能爆炸伤害。,DNF文件知识库\参考资料\标准格式样板\equipment\character\swordman\weapon\ssword\101000497.equ
虚空螳螂短剑,equipment,3,45,78400,0,34,weapon,,"swordman, creator mage",是,[暗影囚杀]技能Lv +3 | [汲魂之力]技能Lv +1,DNF文件知识库\参考资料\标准格式样板\equipment\character\swordman\weapon\ssword\101000540.equ
艾尔丁纪念馆纹章短剑,equipment,3,85,0,0,88,weapon,,"swordman, creator mage",否,,DNF文件知识库\参考资料\标准格式样板\equipment\character\swordman\weapon\ssword\101000571.equ
紫雾团团员的血舞剑,equipment,4,85,144000,0,62,weapon,,"swordman, creator mage",否,攻击时， 有5%%的几率对500px范围内的随机3个敌人召唤哈迪的血雾风暴。 |   |     对出血状态下敌人的暴击伤害 +20%%,DNF文件知识库\参考资料\标准格式样板\equipment\character\swordman\weapon\ssword\101000574.equ
杰诺的冰霜短剑,equipment,4,85,144000,0,62,weapon,,"swordman, creator mage",否,[↑↓+宠物技能]输入时， 会消耗10个蓝色小晶块， 召唤杰诺的灵魂附体， 效果持续60秒。 |     攻击冰冻状态的敌人时， 附加10%%的伤害。,DNF文件知识库\参考资料\标准格式样板\equipment\character\swordman\weapon\ssword\101000575.equ
圣物 : 神秘的银湖水仙之黑铁剑,equipment,3,10,22400,0,13,weapon,,"swordman, creator mage",否,,DNF文件知识库\参考资料\标准格式样板\equipment\character\swordman\weapon\ssword\101000597.equ
圣物 : 水魔碧灵之钢剑,equipment,3,15,30400,0,16,weapon,,"swordman, creator mage",否,,DNF文件知识库\参考资料\标准格式样板\equipment\character\swordman\weapon\ssword\101000598.equ
圣物 : 神秘的水魔碧灵之钢剑,equipment,3,20,38400,0,19,weapon,,"swordman, creator mage",否,,DNF文件知识库\参考资料\标准格式样板\equipment\character\swordman\weapon\ssword\101000599.equ
圣物 : 雪魂冰魄之青铜剑,equipment,3,25,46400,0,22,weapon,,"swordman, creator mage",否,,DNF文件知识库\参考资料\标准格式样板\equipment\character\swordman\weapon\ssword\101000600.equ
圣物 : 炽焰天使之士兵短剑,equipment,3,30,54400,0,25,weapon,,"swordman, creator mage",否,,DNF文件知识库\参考资料\标准格式样板\equipment\character\swordman\weapon\ssword\101000601.equ
圣物 : 迷踪天使之波刃骨剑,equipment,3,35,62400,0,28,weapon,,"swordman, creator mage",否,,DNF文件知识库\参考资料\标准格式样板\equipment\character\swordman\weapon\ssword\101000602.equ
圣物 : 复魂天使之钛剑,equipment,3,40,70400,0,31,weapon,,"swordman, creator mage",否,,DNF文件知识库\参考资料\标准格式样板\equipment\character\swordman\weapon\ssword\101000603.equ
圣物 : 暗影精灵之哨兵侍剑,equipment,3,45,78400,0,34,weapon,,"swordman, creator mage",否,,DNF文件知识库\参考资料\标准格式样板\equipment\character\swordman\weapon\ssword\101000604.equ
圣物 : 玄月精灵之宽刃剑,equipment,3,50,86400,0,37,weapon,,"swordman, creator mage",否,,DNF文件知识库\参考资料\标准格式样板\equipment\character\swordman\weapon\ssword\101000605.equ
圣物 : 愤怒精灵之闪特剑,equipment,3,55,94400,0,40,weapon,,"swordman, creator mage",否,,DNF文件知识库\参考资料\标准格式样板\equipment\character\swordman\weapon\ssword\101000606.equ
圣物 : 禁锢天使的突刺剑,equipment,3,60,102400,0,43,weapon,,"swordman, creator mage",否,,DNF文件知识库\参考资料\标准格式样板\equipment\character\swordman\weapon\ssword\101000607.equ
圣物 : 洛水精灵的士兵短剑,equipment,3,65,110400,0,46,weapon,,"swordman, creator mage",否,,DNF文件知识库\参考资料\标准格式样板\equipment\character\swordman\weapon\ssword\101000608.equ
圣物 : 暮冰精灵的海盗之剑,equipment,3,70,118400,0,49,weapon,,"swordman, creator mage",否,,DNF文件知识库\参考资料\标准格式样板\equipment\character\swordman\weapon\ssword\101000609.equ
圣物 : 光域魔神的血饮短剑,equipment,3,80,134400,0,55,weapon,,"swordman, creator mage",是,根据所携带的圣物道具数量， 将会产生如下效果。 | 力量 + 245 | 智力 + 245 | 体力 + 122 | 精神 + 122,DNF文件知识库\参考资料\标准格式样板\equipment\character\swordman\weapon\ssword\101000610.equ
圣物 : 恶魔守卫的能量短剑,equipment,3,85,142400,0,58,weapon,,"swordman, creator mage",是,鬼剑士(男) Lv75 ~ 80全部 技能 Lv +1 (仅限主动技能， 副本内生效)  | 鬼剑士(女) Lv1 ~ 80全部 技能 Lv +1 (仅限主动技能)  |   | 根据所携带的圣物道具数量， 将会产生如下效果。  | 力量 + 273 | 智力 + 273 | 体力 + 138 | 精神 + 138,DNF文件知识库\参考资料\标准格式样板\equipment\character\swordman\weapon\ssword\101000611.equ
泰拉 : 复苏之风短剑,equipment,4,90,0,0,65,weapon,,"swordman, creator mage",否,,DNF文件知识库\参考资料\标准格式样板\equipment\character\swordman\weapon\ssword\101000718.equ
光明净化之剑,equipment,4,90,152000,0,65,weapon,,"swordman, creator mage",是,最终伤害 +5%% |   |     攻击时， 有5%%的几率随机重置1个自身使用过的所有技能的冷却时间。,DNF文件知识库\参考资料\标准格式样板\equipment\character\swordman\weapon\ssword\101000719.equ
密制鬼舞短剑,equipment,2,90,128800,0,57,weapon,,"swordman, creator mage",是,[暗影囚杀]技能Lv +2 | [暗影盛宴]技能Lv +2,DNF文件知识库\参考资料\标准格式样板\equipment\character\swordman\weapon\ssword\101000721.equ
鬼舞短剑,equipment,1,90,90000,0,54,weapon,,"swordman, creator mage",否,,DNF文件知识库\参考资料\标准格式样板\equipment\character\swordman\weapon\ssword\101000722.equ
破旧的鬼舞短剑,equipment,0,90,63000,0,0,weapon,,"swordman, creator mage",否,,DNF文件知识库\参考资料\标准格式样板\equipment\character\swordman\weapon\ssword\101000723.equ
圣物 : 湖水精灵的鬼舞短剑,equipment,3,90,150400,0,61,weapon,,"swordman, creator mage",是,鬼剑士(男) Lv75 ~ 85全部 技能 Lv +1 (仅限主动技能， 副本内生效)  | 鬼剑士(女) Lv1 ~ 85全部 技能 Lv +1 (仅限主动技能)  |   | 根据所携带的圣物道具数量， 将会产生如下效果。  | 力量 + 296 | 智力 + 296 | 体力 + 148 | 精神 + 148,DNF文件知识库\参考资料\标准格式样板\equipment\character\swordman\weapon\ssword\101000724.equ
复苏之风短剑,equipment,3,90,0,0,61,weapon,,"swordman, creator mage",否,,DNF文件知识库\参考资料\标准格式样板\equipment\character\swordman\weapon\ssword\101000726.equ
圣耀救赎短剑,equipment,4,90,172800,0,68,weapon,,"swordman, creator mage",是,技能攻击力 +40%% |   |     [↑↓+宠物技能]输入时， 可释放“第七使徒 : 火焰吞噬者安徒恩”的魔能。 |     释放20秒后， 对敌人造成强烈的魔能爆炸伤害。,DNF文件知识库\参考资料\标准格式样板\equipment\character\swordman\weapon\ssword\101000728.equ
灼炎圣耀救赎短剑,equipment,4,90,163800,0,114,weapon,,"swordman, creator mage",是,物理、 魔法和独立攻击力 +55%% |   |     进入地下城中， 每47秒便可释放“第七使徒； 火焰吞噬者安徒恩”的魔能。 |     释放结束时， 最后还对敌人造成魔能爆炸伤害。,DNF文件知识库\参考资料\标准格式样板\equipment\character\swordman\weapon\ssword\101000729.equ
苍穹幕落短剑,equipment,4,95,2000000,0,78,weapon,,"swordman, creator mage",是,技能攻击力 +45%% |   | 发动透彻之力 |   - 最终伤害 +30%% |   | 属性强化超过150时， 赋予自身对应的属性攻击。,DNF文件知识库\参考资料\标准格式样板\equipment\character\swordman\weapon\ssword\101000783.equ
生锈的格斯泰尔短剑,equipment,0,95,66500,0,0,weapon,,"swordman, creator mage",否,,DNF文件知识库\参考资料\标准格式样板\equipment\character\swordman\weapon\ssword\101000784.equ
格斯泰尔短剑,equipment,1,95,95000,0,57,weapon,,"swordman, creator mage",否,,DNF文件知识库\参考资料\标准格式样板\equipment\character\swordman\weapon\ssword\101000785.equ
密制格斯泰尔短剑,equipment,2,95,135800,0,60,weapon,,"swordman, creator mage",是,[魔影轰杀]技能Lv +1 | [死亡献祭]技能Lv +1,DNF文件知识库\参考资料\标准格式样板\equipment\character\swordman\weapon\ssword\101000786.equ
圣物 : 雷霆之神的格斯泰尔短剑,equipment,3,95,158400,0,103,weapon,,"swordman, creator mage",是,鬼剑士(男) Lv75 ~ 85全部 技能 Lv +1 (仅限主动技能， 副本内生效)  | 鬼剑士(女) Lv1 ~ 85全部 技能 Lv +1 (仅限主动技能)  |   | 根据所携带的圣物道具数量， 将会产生如下效果。  | 力量 + 340 | 智力 + 340 | 体力 + 170 | 精神 + 170,DNF文件知识库\参考资料\标准格式样板\equipment\character\swordman\weapon\ssword\101000787.equ
誓约之缚短剑,equipment,4,95,160000,0,68,weapon,,"swordman, creator mage",是,攻击时， 附加24%%的伤害。,DNF文件知识库\参考资料\标准格式样板\equipment\character\swordman\weapon\ssword\101000788.equ
胜 · 深渊之鳞短剑 : [鬼影步],equipment,4,90,160000,0,68,weapon,,swordman,是,[鬼影步]技能攻击力增加率 +15%%,DNF文件知识库\参考资料\标准格式样板\equipment\character\swordman\weapon\ssword\101000799.equ
深渊之鳞短剑 : [鬼影步],equipment,4,90,160000,0,68,weapon,,swordman,是,[鬼影步]技能攻击力增加率 +9%%,DNF文件知识库\参考资料\标准格式样板\equipment\character\swordman\weapon\ssword\101000800.equ
胜 · 深渊之鳞短剑 : [暗影蓄能],equipment,4,90,160000,0,68,weapon,,creator mage,是,[暗影蓄能]技能Lv +1 | [暗影蓄能]技能攻击力增加率 +10%%,DNF文件知识库\参考资料\标准格式样板\equipment\character\swordman\weapon\ssword\101000801.equ
深渊之鳞短剑 : [暗影蓄能],equipment,4,90,160000,0,68,weapon,,creator mage,是,[暗影蓄能]技能Lv +1 | [暗影蓄能]技能攻击力增加率 +7%%,DNF文件知识库\参考资料\标准格式样板\equipment\character\swordman\weapon\ssword\101000802.equ
天道无为短剑,equipment,4,95,181800,0,71,weapon,,"swordman, creator mage",是,力量、 智力 +15%% | 体力、 精神 +15%% |   | 属性强化超过150时， 赋予自身对应的属性攻击。 | 攻击时， 附加30%%的伤害。 | 攻击时， 额外增加40%%的伤害增加量。,DNF文件知识库\参考资料\标准格式样板\equipment\character\swordman\weapon\ssword\101000849.equ
夜语黑瞳短剑,equipment,4,95,181800,0,78,weapon,,"swordman, creator mage",是,技能攻击力 +50%% | 最终伤害 +35%% |   | 属性强化超过200时， 赋予自身对应的属性攻击。,DNF文件知识库\参考资料\标准格式样板\equipment\character\swordman\weapon\ssword\201000783.equ
界 · 夜语黑瞳短剑,equipment,4,95,181800,0,78,weapon,,"swordman, creator mage",是,技能攻击力 +60%% | 最终伤害 +45%% |   | 属性强化超过250时， 赋予自身对应的属性攻击。,DNF文件知识库\参考资料\标准格式样板\equipment\character\swordman\weapon\ssword\301000783.equ
"dnf阿拉德警用LED短剑
【大佬定制】",equipment,4,95,1000000,0,250,weapon,,"swordman, creator mage",是,"所有技能攻击力+100%% |    攻击时,以 10%%的机率施展火焰龙息（冷却5秒） |    攻击时，使300px 范围内的敌人进入灼伤状态。 |    对灼伤状态下敌人的伤害增加80%% |    攻击时，有1%%几率使自身增加150点力量、智力、体力和精神，增加15%%攻击、施放和移动速度，效果持续30秒。（冷却30秒）",DNF文件知识库\参考资料\标准格式样板\equipment\character\swordman\weapon\ssword\820163164.equ
"dnf血影蝙蝠短剑
【大佬定制】",equipment,4,95,1000000,0,250,weapon,,"swordman, creator mage",是,"所有技能攻击力+100%% |    攻击时,以 10%%的机率施展火焰龙息（冷却5秒） |    攻击时，使300px 范围内的敌人进入灼伤状态。 |    对灼伤状态下敌人的伤害增加80%% |    攻击时，有1%%几率使自身增加150点力量、智力、体力和精神，增加15%%攻击、施放和移动速度，效果持续30秒。（冷却30秒）",DNF文件知识库\参考资料\标准格式样板\equipment\character\swordman\weapon\ssword\820163165.equ
"dnf武动之魂短剑
【大佬定制】",equipment,4,95,1000000,0,250,weapon,,"swordman, creator mage",是,"所有技能攻击力+100%% |    攻击时,以 10%%几率朝前方3方向施展落雷 |    攻击时，使300px 范围内的敌人进入感电状态。 |    对感电状态下敌人的伤害增加80%% |    攻击时，有1%%几率使自身增加150点力量、智力、体力和精神，增加15%%攻击、施放和移动速度，效果持续30秒。（冷却30秒）",DNF文件知识库\参考资料\标准格式样板\equipment\character\swordman\weapon\ssword\820163176.equ
"dnf万剑之王·西方之焰
【大佬定制】",equipment,4,95,1000000,0,250,weapon,,"swordman, creator mage",是,"所有技能攻击力+100%% |    攻击时,以 10%%几率朝前方3方向施展落雷 |    攻击时，使300px 范围内的敌人进入感电状态。 |    对感电状态下敌人的伤害增加80%% |    攻击时，有1%%几率使自身增加150点力量、智力、体力和精神，增加15%%攻击、施放和移动速度，效果持续30秒。（冷却30秒）",DNF文件知识库\参考资料\标准格式样板\equipment\character\swordman\weapon\ssword\820163185.equ
班图的左手剑,equipment,0,10,7000,0,0,weapon,,"swordman, creator mage",否,,DNF文件知识库\参考资料\标准格式样板\equipment\character\swordman\weapon\ssword\bantu_lefthand.equ
骨剑,equipment,1,6,6000,0,4,weapon,,"swordman, creator mage",否,,DNF文件知识库\参考资料\标准格式样板\equipment\character\swordman\weapon\ssword\boneswd.equ
骸麒魔剑,equipment,3,10,19200,0,12,weapon,,"swordman, creator mage",是,[跃空斩]技能Lv +2 | [索魂刺]技能Lv +2,DNF文件知识库\参考资料\标准格式样板\equipment\character\swordman\weapon\ssword\boneswd_halgi.equ
(古老) 波刃骨剑,equipment,1,30,30000,0,18,weapon,,"swordman, creator mage",否,,DNF文件知识库\参考资料\标准格式样板\equipment\character\swordman\weapon\ssword\boneswd_kris.equ
(古老) 古老的波刃骨剑,equipment,0,30,21000,0,0,weapon,,"swordman, creator mage",否,,DNF文件知识库\参考资料\标准格式样板\equipment\character\swordman\weapon\ssword\boneswd_oldkris.equ
(古老) 古老的脊骨剑,equipment,0,18,12600,0,0,weapon,,"swordman, creator mage",否,,DNF文件知识库\参考资料\标准格式样板\equipment\character\swordman\weapon\ssword\boneswd_oldtail.equ
(古老) 锋利的波刃骨剑,equipment,1,31,31000,0,19,weapon,,"swordman, creator mage",否,,DNF文件知识库\参考资料\标准格式样板\equipment\character\swordman\weapon\ssword\boneswd_pkris.equ
腐烂的骨剑,equipment,0,6,4200,0,0,weapon,,"swordman, creator mage",否,,DNF文件知识库\参考资料\标准格式样板\equipment\character\swordman\weapon\ssword\boneswd_rot.equ
锋利的骨剑,equipment,1,9,9000,0,6,weapon,,"swordman, creator mage",否,,DNF文件知识库\参考资料\标准格式样板\equipment\character\swordman\weapon\ssword\boneswd_s.equ
(古老) 萨乌塔的椎骨剑,equipment,2,26,39200,0,19,weapon,,"swordman, creator mage",是,,DNF文件知识库\参考资料\标准格式样板\equipment\character\swordman\weapon\ssword\boneswd_shauta.equ
(古老) 锋利的脊骨剑,equipment,1,19,19000,0,12,weapon,,"swordman, creator mage",否,,DNF文件知识库\参考资料\标准格式样板\equipment\character\swordman\weapon\ssword\boneswd_stail.equ
(古老) 脊骨剑,equipment,1,18,18000,0,11,weapon,,"swordman, creator mage",否,,DNF文件知识库\参考资料\标准格式样板\equipment\character\swordman\weapon\ssword\boneswd_tail.equ
牛头怪的血剑,equipment,2,15,23800,0,12,weapon,,"swordman, creator mage",否,攻击时， 有1%%的几率使敌人进入眩晕状态。,DNF文件知识库\参考资料\标准格式样板\equipment\character\swordman\weapon\ssword\boneswd_taublood.equ
魔爆剑 - 卡拉博格,equipment,2,55,82600,0,38,weapon,,"swordman, creator mage",是,[波动斩]技能Lv +1 | [暗影盛宴]技能Lv +1,DNF文件知识库\参考资料\标准格式样板\equipment\character\swordman\weapon\ssword\calabolg.equ
地狱拓荒者 - 短剑,equipment,4,90,172800,0,68,weapon,,"swordman, creator mage",是,技能攻击力 +39%% |     攻击时， 附加10%%的伤害。 |     攻击时， 有50%%的几率使Lv85的技能Lv +1， 效果持续100秒。 |     赋予自身属性强化值最高的属性攻击。,DNF文件知识库\参考资料\标准格式样板\equipment\character\swordman\weapon\ssword\chn_401000048.equ
真 · 武动之魂短剑,equipment,4,90,0,50,50,weapon,,"swordman, creator mage",否,攻击时， 附加15%%的伤害。 (在决斗场无效),DNF文件知识库\参考资料\标准格式样板\equipment\character\swordman\weapon\ssword\chn_growth_100330538.equ
武动之魂短剑,equipment,4,1,0,10,10,weapon,,"swordman, creator mage",否,攻击时， 附加8%%的伤害。 |   |     随着角色的成长而成长， 最高可成长到Lv86。,DNF文件知识库\参考资料\标准格式样板\equipment\character\swordman\weapon\ssword\chn_growth_200330538.equ
邪灵饮血剑,equipment,3,50,89600,0,38,weapon,,"swordman, creator mage",是,[暗影盛宴]技能Lv +1,DNF文件知识库\参考资料\标准格式样板\equipment\character\swordman\weapon\ssword\diabolica.equ
(古老) 哨兵侍剑,equipment,1,38,38000,0,23,weapon,,"swordman, creator mage",否,,DNF文件知识库\参考资料\标准格式样板\equipment\character\swordman\weapon\ssword\gemsswd_centinel.equ
(古老) 士兵短剑,equipment,1,26,26000,0,16,weapon,,"swordman, creator mage",否,,DNF文件知识库\参考资料\标准格式样板\equipment\character\swordman\weapon\ssword\gemsswd_gladius.equ
(古老) 劣质的钛剑,equipment,0,34,23800,0,0,weapon,,"swordman, creator mage",否,,DNF文件知识库\参考资料\标准格式样板\equipment\character\swordman\weapon\ssword\gemsswd_lowtitanium.equ
(古老) 锋利的哨兵侍剑,equipment,1,39,39000,0,24,weapon,,"swordman, creator mage",否,,DNF文件知识库\参考资料\标准格式样板\equipment\character\swordman\weapon\ssword\gemsswd_scentinel.equ
(古老) 坚韧的钛剑,equipment,1,35,35000,0,21,weapon,,"swordman, creator mage",否,,DNF文件知识库\参考资料\标准格式样板\equipment\character\swordman\weapon\ssword\gemsswd_sftitanium.equ
(古老) 锋利的士兵短剑,equipment,1,27,27000,0,17,weapon,,"swordman, creator mage",否,,DNF文件知识库\参考资料\标准格式样板\equipment\character\swordman\weapon\ssword\gemsswd_sgladius.equ
(古老) 钛剑,equipment,1,34,34000,0,21,weapon,,"swordman, creator mage",否,,DNF文件知识库\参考资料\标准格式样板\equipment\character\swordman\weapon\ssword\gemsswd_titanium.equ
(古老) 古老的哨兵侍剑,equipment,0,38,26600,0,0,weapon,,"swordman, creator mage",否,,DNF文件知识库\参考资料\标准格式样板\equipment\character\swordman\weapon\ssword\gemsswd_ucentinel.equ
(古老) 破损的士兵短剑,equipment,0,26,18200,0,0,weapon,,"swordman, creator mage",否,,DNF文件知识库\参考资料\标准格式样板\equipment\character\swordman\weapon\ssword\gemsswd_ugladius.equ
传承 : 迷踪天使之波刃骨剑,equipment,2,35,51800,0,34,weapon,,"swordman, creator mage",否,,DNF文件知识库\参考资料\标准格式样板\equipment\character\swordman\weapon\ssword\lgcy_bonekris_aladis.equ
传承 : 雪魂冰魄之青铜剑,equipment,2,25,37800,0,28,weapon,,"swordman, creator mage",否,,DNF文件知识库\参考资料\标准格式样板\equipment\character\swordman\weapon\ssword\lgcy_bronze_haras.equ
传承 : 愤怒精灵之闪特剑,equipment,2,55,82600,0,49,weapon,,"swordman, creator mage",否,,DNF文件知识库\参考资料\标准格式样板\equipment\character\swordman\weapon\ssword\lgcy_centinel_rantea.equ
传承 : 暗影精灵之哨兵侍剑,equipment,2,45,65800,0,40,weapon,,"swordman, creator mage",是,,DNF文件知识库\参考资料\标准格式样板\equipment\character\swordman\weapon\ssword\lgcy_centinel_reiden.equ
传承 : 炽焰天使之士兵短剑,equipment,2,30,44800,0,31,weapon,,"swordman, creator mage",否,,DNF文件知识库\参考资料\标准格式样板\equipment\character\swordman\weapon\ssword\lgcy_gladius_rokel.equ
传承 : 洛水精灵的士兵短剑,equipment,2,65,93800,0,52,weapon,,"swordman, creator mage",否,,DNF文件知识库\参考资料\标准格式样板\equipment\character\swordman\weapon\ssword\lgcy_handon_pileint.equ
传承 : 银湖水仙之黑铁剑,equipment,2,5,9800,0,16,weapon,,"swordman, creator mage",否,,DNF文件知识库\参考资料\标准格式样板\equipment\character\swordman\weapon\ssword\lgcy_iron_asrai.equ
传承 : 神秘的银湖水仙之黑铁剑,equipment,2,10,16800,0,19,weapon,,"swordman, creator mage",否,,DNF文件知识库\参考资料\标准格式样板\equipment\character\swordman\weapon\ssword\lgcy_miron_asrai.equ
传承 : 神秘的水魔碧灵之钢剑,equipment,2,20,30800,0,25,weapon,,"swordman, creator mage",否,,DNF文件知识库\参考资料\标准格式样板\equipment\character\swordman\weapon\ssword\lgcy_msteel_kelpie.equ
传承 : 禁锢天使的突刺剑,equipment,2,60,86800,0,49,weapon,,"swordman, creator mage",否,,DNF文件知识库\参考资料\标准格式样板\equipment\character\swordman\weapon\ssword\lgcy_pallasch_neiffin.equ
传承 : 水魔碧灵之钢剑,equipment,2,15,23800,0,22,weapon,,"swordman, creator mage",否,,DNF文件知识库\参考资料\标准格式样板\equipment\character\swordman\weapon\ssword\lgcy_steel_kelpie.equ
传承 : 复魂天使之钛剑,equipment,2,40,58800,0,37,weapon,,"swordman, creator mage",否,,DNF文件知识库\参考资料\标准格式样板\equipment\character\swordman\weapon\ssword\lgcy_titanium_lauvi.equ
达人之落日幻影,equipment,3,40,70400,0,14,weapon,,"swordman, creator mage",是,[招架]技能Lv +1 | [魔性之短剑精通]技能Lv +1 |   | 攻击时， 有2%%的几率使自身增加30点力量， 效果持续60秒。,DNF文件知识库\参考资料\标准格式样板\equipment\character\swordman\weapon\ssword\mt_sswd_uconversation.equ
波刃骨剑,equipment,1,35,35000,0,21,weapon,,"swordman, creator mage",否,,DNF文件知识库\参考资料\标准格式样板\equipment\character\swordman\weapon\ssword\n_boneswd_kris.equ
古老的波刃骨剑,equipment,0,35,24500,0,0,weapon,,"swordman, creator mage",否,,DNF文件知识库\参考资料\标准格式样板\equipment\character\swordman\weapon\ssword\n_boneswd_oldkris.equ
古老的脊骨剑,equipment,0,20,14000,0,0,weapon,,"swordman, creator mage",否,,DNF文件知识库\参考资料\标准格式样板\equipment\character\swordman\weapon\ssword\n_boneswd_oldtail.equ
萨乌塔的椎骨剑,equipment,2,30,44800,0,21,weapon,,"swordman, creator mage",是,[灵魂摄取]技能Lv +1,DNF文件知识库\参考资料\标准格式样板\equipment\character\swordman\weapon\ssword\n_boneswd_shauta.equ
脊骨剑,equipment,1,20,20000,0,12,weapon,,"swordman, creator mage",否,,DNF文件知识库\参考资料\标准格式样板\equipment\character\swordman\weapon\ssword\n_boneswd_tail.equ
哨兵侍剑,equipment,1,45,45000,0,27,weapon,,"swordman, creator mage",否,,DNF文件知识库\参考资料\标准格式样板\equipment\character\swordman\weapon\ssword\n_gemsswd_centinel.equ
士兵短剑,equipment,1,30,30000,0,18,weapon,,"swordman, creator mage",否,,DNF文件知识库\参考资料\标准格式样板\equipment\character\swordman\weapon\ssword\n_gemsswd_gladius.equ
劣质的钛剑,equipment,0,40,28000,0,0,weapon,,"swordman, creator mage",否,,DNF文件知识库\参考资料\标准格式样板\equipment\character\swordman\weapon\ssword\n_gemsswd_lowtitanium.equ
钛剑,equipment,1,40,40000,0,24,weapon,,"swordman, creator mage",否,,DNF文件知识库\参考资料\标准格式样板\equipment\character\swordman\weapon\ssword\n_gemsswd_titanium.equ
古老的哨兵侍剑,equipment,0,45,31500,0,0,weapon,,"swordman, creator mage",否,,DNF文件知识库\参考资料\标准格式样板\equipment\character\swordman\weapon\ssword\n_gemsswd_ucentinel.equ
破损的士兵短剑,equipment,0,30,21000,0,0,weapon,,"swordman, creator mage",否,,DNF文件知识库\参考资料\标准格式样板\equipment\character\swordman\weapon\ssword\n_gemsswd_ugladius.equ
疾风剑,equipment,2,20,30800,0,15,weapon,,"swordman, creator mage",否,攻击速度 +3%%,DNF文件知识库\参考资料\标准格式样板\equipment\character\swordman\weapon\ssword\n_sswd_breeze.equ
青铜剑,equipment,1,25,25000,0,15,weapon,,"swordman, creator mage",否,,DNF文件知识库\参考资料\标准格式样板\equipment\character\swordman\weapon\ssword\n_sswd_bronze.equ
无影剑 - 艾雷诺,equipment,4,50,0,0,39,weapon,,"swordman, creator mage",是,攻击时， 附加30%%的伤害。 (在决斗场中无效),DNF文件知识库\参考资料\标准格式样板\equipment\character\swordman\weapon\ssword\n_sswd_eleno.equ
生锈的青铜剑,equipment,0,25,17500,0,0,weapon,,"swordman, creator mage",否,,DNF文件知识库\参考资料\标准格式样板\equipment\character\swordman\weapon\ssword\n_sswd_fbronze.equ
卡露亚的教导 - 裂风,equipment,3,40,70400,0,31,weapon,,"swordman, creator mage",否,攻击时， 有3%%的几率使自身进入加速状态。 | 攻击速度 +5%%,DNF文件知识库\参考资料\标准格式样板\equipment\character\swordman\weapon\ssword\n_sswd_goraswift.equ
古老的碎风乱波剑,equipment,4,15,32000,0,17,weapon,,"swordman, creator mage",是,增加[三段斩]、 [滑斩]、 [连环斩]的移动速度 | Y轴移动速度 +50 | 攻击速度 +4%%,DNF文件知识库\参考资料\标准格式样板\equipment\character\swordman\weapon\ssword\n_sswd_gwavewind.equ
苍月剑,equipment,2,35,51800,0,24,weapon,,"swordman, creator mage",是,,DNF文件知识库\参考资料\标准格式样板\equipment\character\swordman\weapon\ssword\n_sswd_hoihoi.equ
古老的万剑之王 - 西方之焰,equipment,4,30,56000,0,26,weapon,,"swordman, creator mage",是,[魔性之短剑精通]技能Lv +1 |   | 物品快捷栏内的每一把短剑使角色增加5%%攻击力和0.5%%攻击速度。,DNF文件知识库\参考资料\标准格式样板\equipment\character\swordman\weapon\ssword\n_sswd_iniesta.equ
紫薇星剑,equipment,3,20,38400,0,19,weapon,,"swordman, creator mage",是,[魔性之短剑精通]技能Lv +2 | [暗黑斩]技能Lv +1 | [波动斩]技能Lv +2 | [影刃]技能Lv +2,DNF文件知识库\参考资料\标准格式样板\equipment\character\swordman\weapon\ssword\n_sswd_orchid.equ
卢克西的紫炎波刃剑,equipment,3,30,54400,0,25,weapon,,"swordman, creator mage",是,[暗黑斩]技能Lv +2 |   | 攻击时， 有2%%的几率使敌人进入出血状态。,DNF文件知识库\参考资料\标准格式样板\equipment\character\swordman\weapon\ssword\n_sswd_roxykris.equ
沙凡特的冰齿剑,equipment,4,45,80000,0,35,weapon,,"swordman, creator mage",是,[魔剑奥义]技能Lv +3 |   | [冰霜之萨亚]范围 +30px | [魔剑奥义]寒冰之枪飞行距离 +60px |   |     攻击时， 有3%%的几率出现冰冻针刺。 (在决斗场中无效),DNF文件知识库\参考资料\标准格式样板\equipment\character\swordman\weapon\ssword\n_sswd_shabanteice.equ
艾米丽的银妆刀,equipment,2,35,51800,0,24,weapon,,"swordman, creator mage",否,对不死族敌人的攻击力 +150%%,DNF文件知识库\参考资料\标准格式样板\equipment\character\swordman\weapon\ssword\n_sswd_silveremilie.equ
春阳融雪剑,equipment,2,25,37800,0,18,weapon,,"swordman, creator mage",是,[汲魂之力]技能Lv +1 |   | 攻击时， 有2%%的几率使敌人进入睡眠状态。 | 这时， 有5%%的几率使自身也进入睡眠状态并恢复100点HP。,DNF文件知识库\参考资料\标准格式样板\equipment\character\swordman\weapon\ssword\n_sswd_springfever.equ
古老的雷鸣剑 - 坎亚,equipment,4,50,91200,0,39,weapon,,"swordman, creator mage",否,攻击时， 有3%%的几率使敌人进入感电状态。 |     攻击时， 有2%%的几率出现闪电。 (在决斗场中无效),DNF文件知识库\参考资料\标准格式样板\equipment\character\swordman\weapon\ssword\n_sswd_thunderkanya.equ
落日幻影,equipment,3,40,70400,0,31,weapon,,"swordman, creator mage",是,[魔性之短剑精通]技能Lv +2 | [暗影漩涡]技能Lv +2 | [暗影缠袭]技能Lv +2 |   | 攻击时， 有2%%的几率增加45点力量， 效果持续60秒。,DNF文件知识库\参考资料\标准格式样板\equipment\character\swordman\weapon\ssword\n_sswd_uconversation.equ
震波剑,equipment,2,40,58800,0,27,weapon,,"swordman, creator mage",是,[汲魂之力]技能Lv +1 |   | 攻击时， 有2%%的几率使敌人进入眩晕状态。,DNF文件知识库\参考资料\标准格式样板\equipment\character\swordman\weapon\ssword\n_sswd_ushock.equ
丹砂剑,equipment,2,40,58800,0,27,weapon,,"swordman, creator mage",是,[暗影之矛]技能Lv +1,DNF文件知识库\参考资料\标准格式样板\equipment\character\swordman\weapon\ssword\n_sswd_vermilion.equ
宽刃剑,equipment,1,50,52000,0,32,weapon,,"swordman, creator mage",否,,DNF文件知识库\参考资料\标准格式样板\equipment\character\swordman\weapon\ssword\n_xiphos.equ
古老的宽刃剑,equipment,0,50,36400,0,0,weapon,,"swordman, creator mage",否,,DNF文件知识库\参考资料\标准格式样板\equipment\character\swordman\weapon\ssword\n_xiphos_old.equ
突刺剑,equipment,1,55,57000,0,35,weapon,,"swordman, creator mage",否,,DNF文件知识库\参考资料\标准格式样板\equipment\character\swordman\weapon\ssword\pallasch.equ
古老的突刺剑,equipment,0,55,39900,0,0,weapon,,"swordman, creator mage",否,,DNF文件知识库\参考资料\标准格式样板\equipment\character\swordman\weapon\ssword\pallasch_old.equ
旅行者短剑,equipment,2,0,0,0,44,weapon,,"swordman, creator mage",否,无法进行强化、 增幅、 分解和赠送。,DNF文件知识库\参考资料\标准格式样板\equipment\character\swordman\weapon\ssword\pvp_sswd2220000.equ
锥心短剑,equipment,2,0,0,0,46,weapon,,"swordman, creator mage",否,无法进行强化、 增幅、 分解和赠送。,DNF文件知识库\参考资料\标准格式样板\equipment\character\swordman\weapon\ssword\pvp_sswd2220001.equ
帝国之玄铁短剑,equipment,2,0,0,0,48,weapon,,"swordman, creator mage",否,无法进行强化、 增幅、 分解和赠送。,DNF文件知识库\参考资料\标准格式样板\equipment\character\swordman\weapon\ssword\pvp_sswd2220002.equ
双剑 - 百鬼乱舞,equipment,4,90,172800,0,68,weapon,,"swordman, creator mage",是,攻击时， 有25%%的几率收割敌人的灵魂。 |     攻击灵魂被收割的敌人时， 发动Buff， 效果持续100秒。 |     攻击时， 附加30%%的伤害。,DNF文件知识库\参考资料\标准格式样板\equipment\character\swordman\weapon\ssword\sswd_100ghost.equ
青铜短剑,equipment,2,10,16800,0,9,weapon,,"swordman, creator mage",否,,DNF文件知识库\参考资料\标准格式样板\equipment\character\swordman\weapon\ssword\sswd_2220102.equ
精铸短剑,equipment,2,15,23800,0,12,weapon,,"swordman, creator mage",否,,DNF文件知识库\参考资料\标准格式样板\equipment\character\swordman\weapon\ssword\sswd_2220103.equ
精炼的短剑,equipment,2,20,30800,0,15,weapon,,"swordman, creator mage",否,,DNF文件知识库\参考资料\标准格式样板\equipment\character\swordman\weapon\ssword\sswd_2220104.equ
青铜锯齿剑,equipment,2,25,37800,0,18,weapon,,"swordman, creator mage",否,,DNF文件知识库\参考资料\标准格式样板\equipment\character\swordman\weapon\ssword\sswd_2220105.equ
精炼的锯齿短剑,equipment,2,30,44800,0,21,weapon,,"swordman, creator mage",否,,DNF文件知识库\参考资料\标准格式样板\equipment\character\swordman\weapon\ssword\sswd_2220106.equ
青渊短剑,equipment,2,35,51800,0,24,weapon,,"swordman, creator mage",否,,DNF文件知识库\参考资料\标准格式样板\equipment\character\swordman\weapon\ssword\sswd_2220107.equ
邪灵护佑短剑,equipment,2,40,58800,0,27,weapon,,"swordman, creator mage",否,,DNF文件知识库\参考资料\标准格式样板\equipment\character\swordman\weapon\ssword\sswd_2220108.equ
天冥短剑,equipment,2,45,65800,0,30,weapon,,"swordman, creator mage",否,,DNF文件知识库\参考资料\标准格式样板\equipment\character\swordman\weapon\ssword\sswd_2220109.equ
青藤钢剑,equipment,2,50,75600,0,35,weapon,,"swordman, creator mage",否,,DNF文件知识库\参考资料\标准格式样板\equipment\character\swordman\weapon\ssword\sswd_2220110.equ
暗影追魂剑,equipment,2,55,82600,0,38,weapon,,"swordman, creator mage",否,,DNF文件知识库\参考资料\标准格式样板\equipment\character\swordman\weapon\ssword\sswd_2220111.equ
风波剑,equipment,2,70,100800,0,45,weapon,,"swordman, creator mage",否,,DNF文件知识库\参考资料\标准格式样板\equipment\character\swordman\weapon\ssword\sswd_2220114.equ
远古遗骸的青铜剑,equipment,3,65,110400,0,46,weapon,,"swordman, creator mage",是,[暗影盛宴]技能Lv +1 | [汲魂之力]技能Lv +2 | [释魂飞弹]技能Lv +1,DNF文件知识库\参考资料\标准格式样板\equipment\character\swordman\weapon\ssword\sswd_27141.equ
布鲁之怨灵短剑,equipment,4,65,112000,47,47,weapon,,"swordman, creator mage",否,攻击时， 有4%%的几率出现布鲁的怨灵。 (在决斗场中无效),DNF文件知识库\参考资料\标准格式样板\equipment\character\swordman\weapon\ssword\sswd_27142.equ
泰坦的突刺剑,equipment,3,65,110400,0,46,weapon,,"swordman, creator mage",是,[释魂飞弹]技能Lv +2,DNF文件知识库\参考资料\标准格式样板\equipment\character\swordman\weapon\ssword\sswd_27144.equ
神之豁免短剑,equipment,5,0,93800,0,53,weapon,,swordman,否,,DNF文件知识库\参考资料\标准格式样板\equipment\character\swordman\weapon\ssword\sswd_27145.equ
简易短剑,equipment,0,1,700,0,1,weapon,,"swordman, creator mage",否,,DNF文件知识库\参考资料\标准格式样板\equipment\character\swordman\weapon\ssword\sswd_27146.equ
寒凌冰魄剑,equipment,3,50,86400,0,42,weapon,,"swordman, creator mage",是,[魔剑奥义]技能Lv +1 |   |     攻击时， 有3%%的几率使队员的武器属性变成冰属性， 效果持续30秒。,DNF文件知识库\参考资料\标准格式样板\equipment\character\swordman\weapon\ssword\sswd_27148.equ
巴恩的飓风短剑,equipment,4,70,104000,0,44,weapon,,"swordman, creator mage",是,攻击速度 +5%% | [猛龙断空斩]斩击数上限 +2 | [瞬影斩]攻击力 +50%% | [恶即斩]斩击次数 +50%% |     攻击时， 有20%%的几率出现巴恩的飓风。 (在决斗场中无效) |     HP降到20%%以下时， [自动格挡]、 [自动招架]增加100%%的发动几率。 (在决斗场中无效),DNF文件知识库\参考资料\标准格式样板\equipment\character\swordman\weapon\ssword\sswd_27150.equ
邪灵饮血剑 (活动),equipment,3,50,0,0,26,weapon,,"swordman, creator mage",是,无法进行分解、 封装和合成。,DNF文件知识库\参考资料\标准格式样板\equipment\character\swordman\weapon\ssword\sswd_27151.equ
高科技钛剑,equipment,3,40,0,0,16,weapon,,"swordman, creator mage",否,攻击速度 +5%% |     攻击时， 有3%%的几率使自身进入加速状态。 |     无法进行分解、 封装和合成。,DNF文件知识库\参考资料\标准格式样板\equipment\character\swordman\weapon\ssword\sswd_27152.equ
冥刹鬼影剑,equipment,4,55,0,0,42,weapon,,"swordman, creator mage",是,[鬼印珠]、 [冥魂珠]、 [魅影暗魂斩]攻击范围 +20%% | [冥炎之卡洛]持续时间 +6秒 | [暗影盛宴]、 [冥炎破空斩]攻击力 +20%% | 施放[噬灵鬼斩]、 [灵魂摄取]时， 可以使自身进入霸体状态。 (在决斗场中无效),DNF文件知识库\参考资料\标准格式样板\equipment\character\swordman\weapon\ssword\sswd_27154.equ
战争英雄之无双短剑,equipment,3,65,110400,0,46,weapon,,"swordman, creator mage",否,每增加1名队员， 可以增加15点的力量和智力。 (若无其他队员时， 则只增加15点力量和智力) |     队伍中有1名队员死亡时， 武器会变红并增加自身30%%的攻击力， 效果持续10秒。 (解除装备后效果消失) |     HP降到10%%以下时， 消耗1个灵魂晶石， 可恢复10%%的HP。 (冷却时间为60秒； 在决斗场中无效),DNF文件知识库\参考资料\标准格式样板\equipment\character\swordman\weapon\ssword\sswd_27155.equ
生锈的海盗之剑,equipment,0,70,49000,0,0,weapon,,"swordman, creator mage",否,,DNF文件知识库\参考资料\标准格式样板\equipment\character\swordman\weapon\ssword\sswd_27160.equ
海盗之剑,equipment,1,70,70000,0,42,weapon,,"swordman, creator mage",否,,DNF文件知识库\参考资料\标准格式样板\equipment\character\swordman\weapon\ssword\sswd_27161.equ
龙牙短剑,equipment,2,70,100800,0,45,weapon,,"swordman, creator mage",是,[汲魂之力]技能Lv +1 | [魅影暗魂斩]技能Lv +1,DNF文件知识库\参考资料\标准格式样板\equipment\character\swordman\weapon\ssword\sswd_27162.equ
紫色之刃[网咖],equipment,3,20,38400,0,19,weapon,,"swordman, creator mage",是,不能强化、增幅、提炼、解体、送礼、储存仓库,DNF文件知识库\参考资料\标准格式样板\equipment\character\swordman\weapon\ssword\sswd_27164.equ
洛希专用克里斯[网咖],equipment,3,30,54400,0,25,weapon,,"swordman, creator mage",是,攻击时以 2%% 的机率让敌人呈现出血状态 | 不可强化、增幅、提炼、解体、送礼、仓库储存,DNF文件知识库\参考资料\标准格式样板\equipment\character\swordman\weapon\ssword\sswd_27165.equ
迪亚波卡之剑[网咖],equipment,3,50,89600,0,38,weapon,,"swordman, creator mage",是,不能强化、增幅、提炼、解体、送礼、储存仓库,DNF文件知识库\参考资料\标准格式样板\equipment\character\swordman\weapon\ssword\sswd_27167.equ
古代遗骨的青铜剑[网咖],equipment,3,65,110400,0,46,weapon,,"swordman, creator mage",是,不能强化、增幅、提炼、解体、送礼、储存仓库,DNF文件知识库\参考资料\标准格式样板\equipment\character\swordman\weapon\ssword\sswd_27169.equ
残忍之弑短剑 : [冰刃·波动剑],equipment,5,0,0,0,45,weapon,,swordman,是,[冰刃·波动剑]冷却时间 -14%% | [冰刃·波动剑]MP消耗量 -14%%,DNF文件知识库\参考资料\标准格式样板\equipment\character\swordman\weapon\ssword\sswd_2choro1.equ
禁锢之限短剑 : [鬼斩],equipment,5,0,0,0,45,weapon,,swordman,是,[鬼斩]大小 +10%%,DNF文件知识库\参考资料\标准格式样板\equipment\character\swordman\weapon\ssword\sswd_2choro10.equ
精 · 加持的时光之源短剑 : [鬼印珠],equipment,5,70,0,0,61,weapon,,swordman,是,[鬼印珠]珠子持续时间 +18%%,DNF文件知识库\参考资料\标准格式样板\equipment\character\swordman\weapon\ssword\sswd_2choro100.equ
精 · 加持的神之怒击短剑 : [鬼印珠],equipment,5,70,0,0,61,weapon,,swordman,是,[鬼印珠]攻击力 +18%%,DNF文件知识库\参考资料\标准格式样板\equipment\character\swordman\weapon\ssword\sswd_2choro101.equ
精 · 加持的残忍之弑短剑 : [邪光斩],equipment,5,70,0,0,61,weapon,,swordman,是,[邪光斩]冷却时间 -18%% | [邪光斩]MP消耗量 -18%%,DNF文件知识库\参考资料\标准格式样板\equipment\character\swordman\weapon\ssword\sswd_2choro102.equ
精 · 加持的时光之源短剑 : [不动明王阵],equipment,5,70,0,0,61,weapon,,swordman,是,[不动明王阵]旋转时间 +18%%,DNF文件知识库\参考资料\标准格式样板\equipment\character\swordman\weapon\ssword\sswd_2choro103.equ
精 · 加持的残忍之弑短剑 : [冰刃·波动剑],equipment,5,70,0,0,61,weapon,,swordman,是,[冰刃·波动剑]冷却时间 -18%% | [冰刃·波动剑]MP消耗量 -18%%,DNF文件知识库\参考资料\标准格式样板\equipment\character\swordman\weapon\ssword\sswd_2choro104.equ
精 · 加持的秘技之境短剑 : [冰刃·波动剑],equipment,5,70,0,0,61,weapon,,swordman,是,[冰刃·波动剑]冰柱数 +2 | [冰刃·波动剑]攻击力 -1%%,DNF文件知识库\参考资料\标准格式样板\equipment\character\swordman\weapon\ssword\sswd_2choro105.equ
精 · 加持的神之怒击短剑 : [冰刃·波动剑],equipment,5,70,0,0,61,weapon,,swordman,是,[冰刃·波动剑]攻击力 +18%%,DNF文件知识库\参考资料\标准格式样板\equipment\character\swordman\weapon\ssword\sswd_2choro106.equ
精 · 加持的敏捷之灵短剑 : [修罗邪光斩],equipment,5,70,0,0,61,weapon,,swordman,是,[修罗邪光斩]蓄气时间 -18%%,DNF文件知识库\参考资料\标准格式样板\equipment\character\swordman\weapon\ssword\sswd_2choro107.equ
精 · 加持的禁锢之限短剑 : [修罗邪光斩],equipment,5,70,0,0,61,weapon,,swordman,是,[修罗邪光斩]大小 +12%%,DNF文件知识库\参考资料\标准格式样板\equipment\character\swordman\weapon\ssword\sswd_2choro108.equ
精 · 加持的残忍之弑短剑 : [不动明王阵],equipment,5,70,0,0,61,weapon,,swordman,是,[不动明王阵]冷却时间 -18%% | [不动明王阵]MP消耗量 -18%%,DNF文件知识库\参考资料\标准格式样板\equipment\character\swordman\weapon\ssword\sswd_2choro109.equ
神之怒击短剑 : [鬼斩],equipment,5,0,0,0,45,weapon,,swordman,是,[鬼斩]攻击力 +14%%,DNF文件知识库\参考资料\标准格式样板\equipment\character\swordman\weapon\ssword\sswd_2choro11.equ
精 · 加持的禁锢之限短剑 : [不动明王阵],equipment,5,70,0,0,61,weapon,,swordman,是,[不动明王阵]范围 +10%%,DNF文件知识库\参考资料\标准格式样板\equipment\character\swordman\weapon\ssword\sswd_2choro110.equ
精 · 加持的神之怒击短剑 : [不动明王阵],equipment,5,70,0,0,61,weapon,,swordman,是,[不动明王阵]攻击力 +18%%,DNF文件知识库\参考资料\标准格式样板\equipment\character\swordman\weapon\ssword\sswd_2choro111.equ
精 · 加持的残忍之弑短剑 : [鬼斩],equipment,5,70,0,0,61,weapon,,swordman,是,[鬼斩]冷却时间 -18%% | [鬼斩]MP消耗量 -18%%,DNF文件知识库\参考资料\标准格式样板\equipment\character\swordman\weapon\ssword\sswd_2choro112.equ
精 · 加持的禁锢之限短剑 : [鬼斩],equipment,5,70,0,0,61,weapon,,swordman,是,[鬼斩]大小 +12%%,DNF文件知识库\参考资料\标准格式样板\equipment\character\swordman\weapon\ssword\sswd_2choro113.equ
精 · 加持的神之怒击短剑 : [鬼斩],equipment,5,70,0,0,61,weapon,,swordman,是,[鬼斩]攻击力 +18%%,DNF文件知识库\参考资料\标准格式样板\equipment\character\swordman\weapon\ssword\sswd_2choro114.equ
精 · 加持的禁锢之限短剑 : [刀魂之卡赞],equipment,5,70,0,0,61,weapon,,swordman,是,[刀魂之卡赞]范围 +10%%,DNF文件知识库\参考资料\标准格式样板\equipment\character\swordman\weapon\ssword\sswd_2choro115.equ
精 · 加持的残忍之弑短剑 : [冰霜之萨亚],equipment,5,70,0,0,61,weapon,,swordman,是,[冰霜之萨亚]冷却时间 -18%% | [冰霜之萨亚]MP消耗量 -18%%,DNF文件知识库\参考资料\标准格式样板\equipment\character\swordman\weapon\ssword\sswd_2choro116.equ
精 · 加持的禁锢之限短剑 : [冰霜之萨亚],equipment,5,70,0,0,61,weapon,,swordman,是,[冰霜之萨亚]范围 +10%%,DNF文件知识库\参考资料\标准格式样板\equipment\character\swordman\weapon\ssword\sswd_2choro117.equ
精 · 加持的残忍之弑短剑 : [鬼影闪],equipment,5,70,0,0,61,weapon,,swordman,是,[鬼影闪]冷却时间 -18%% | [鬼影闪]MP消耗量 -18%%,DNF文件知识库\参考资料\标准格式样板\equipment\character\swordman\weapon\ssword\sswd_2choro118.equ
精 · 加持的神之怒击短剑 : [鬼影闪],equipment,5,70,0,0,61,weapon,,swordman,是,[鬼影闪]攻击力 +18%%,DNF文件知识库\参考资料\标准格式样板\equipment\character\swordman\weapon\ssword\sswd_2choro119.equ
禁锢之限短剑 : [刀魂之卡赞],equipment,5,0,0,0,45,weapon,,swordman,是,[刀魂之卡赞]范围 +8%%,DNF文件知识库\参考资料\标准格式样板\equipment\character\swordman\weapon\ssword\sswd_2choro12.equ
精 · 加持的残忍之弑短剑 : [拔刀斩],equipment,5,70,0,0,61,weapon,,swordman,是,[拔刀斩]冷却时间 -18%% | [拔刀斩]MP消耗量 -18%%,DNF文件知识库\参考资料\标准格式样板\equipment\character\swordman\weapon\ssword\sswd_2choro120.equ
精 · 加持的神之怒击短剑 : [拔刀斩],equipment,5,70,0,0,61,weapon,,swordman,是,[拔刀斩]攻击力 +18%%,DNF文件知识库\参考资料\标准格式样板\equipment\character\swordman\weapon\ssword\sswd_2choro121.equ
精 · 加持的残忍之弑短剑 : [破军升龙击],equipment,5,70,0,0,61,weapon,,swordman,是,[破军升龙击]冷却时间 -18%% | [破军升龙击]MP消耗量 -18%%,DNF文件知识库\参考资料\标准格式样板\equipment\character\swordman\weapon\ssword\sswd_2choro122.equ
精 · 加持的疾风之影短剑 : [破军升龙击],equipment,5,70,0,0,61,weapon,,swordman,是,[破军升龙击]突袭距离 +18%%,DNF文件知识库\参考资料\标准格式样板\equipment\character\swordman\weapon\ssword\sswd_2choro123.equ
精 · 加持的残忍之弑短剑 : [猛龙断空斩],equipment,5,70,0,0,61,weapon,,swordman,是,[猛龙断空斩]冷却时间 -18%% | [猛龙断空斩]MP消耗量 -18%%,DNF文件知识库\参考资料\标准格式样板\equipment\character\swordman\weapon\ssword\sswd_2choro124.equ
精 · 加持的神之怒击短剑 : [猛龙断空斩],equipment,5,70,0,0,61,weapon,,swordman,是,[猛龙断空斩]攻击力 +18%%,DNF文件知识库\参考资料\标准格式样板\equipment\character\swordman\weapon\ssword\sswd_2choro125.equ
精 · 加持的残忍之弑短剑 : [幻影剑舞],equipment,5,70,0,0,61,weapon,,swordman,是,[幻影剑舞]冷却时间 -18%% | [幻影剑舞]MP消耗量 -18%%,DNF文件知识库\参考资料\标准格式样板\equipment\character\swordman\weapon\ssword\sswd_2choro126.equ
精 · 加持的神之怒击短剑 : [幻影剑舞],equipment,5,70,0,0,61,weapon,,swordman,是,[幻影剑舞]攻击力 +18%% | [钝器精通]下[幻影剑舞]的冲击波攻击力 +18%%,DNF文件知识库\参考资料\标准格式样板\equipment\character\swordman\weapon\ssword\sswd_2choro127.equ
精 · 加持的时光之袭短剑 : [鬼印珠],equipment,5,70,0,0,61,weapon,,swordman,是,[鬼印珠]多段攻击间隔 -18%%,DNF文件知识库\参考资料\标准格式样板\equipment\character\swordman\weapon\ssword\sswd_2choro128.equ
精 · 加持的秘技之境短剑 : [鬼印珠],equipment,5,70,0,0,61,weapon,,swordman,是,[鬼印珠]多段攻击次数 +2 | [鬼印珠]攻击力 -1%%,DNF文件知识库\参考资料\标准格式样板\equipment\character\swordman\weapon\ssword\sswd_2choro129.equ
残忍之弑短剑 : [冰霜之萨亚],equipment,5,0,0,0,45,weapon,,swordman,是,[冰霜之萨亚]冷却时间 -14%% | [冰霜之萨亚]MP消耗量 -14%%,DNF文件知识库\参考资料\标准格式样板\equipment\character\swordman\weapon\ssword\sswd_2choro13.equ
精 · 加持的禁锢之限短剑 : [鬼印珠],equipment,5,70,0,0,61,weapon,,swordman,是,[鬼印珠]珠子大小 +11%%,DNF文件知识库\参考资料\标准格式样板\equipment\character\swordman\weapon\ssword\sswd_2choro130.equ
精 · 加持的时光之源短剑 : [鬼印珠],equipment,5,70,0,0,61,weapon,,swordman,是,[鬼印珠]珠子持续时间 +18%%,DNF文件知识库\参考资料\标准格式样板\equipment\character\swordman\weapon\ssword\sswd_2choro131.equ
精 · 加持的神之怒击短剑 : [鬼印珠],equipment,5,70,0,0,61,weapon,,swordman,是,[鬼印珠]攻击力 +18%%,DNF文件知识库\参考资料\标准格式样板\equipment\character\swordman\weapon\ssword\sswd_2choro132.equ
精 · 加持的残忍之弑短剑 : [邪光斩],equipment,5,70,0,0,61,weapon,,swordman,是,[邪光斩]冷却时间 -18%% | [邪光斩]MP消耗量 -18%%,DNF文件知识库\参考资料\标准格式样板\equipment\character\swordman\weapon\ssword\sswd_2choro133.equ
精 · 加持的时光之源短剑 : [不动明王阵],equipment,5,70,0,0,61,weapon,,swordman,是,[不动明王阵]旋转时间 +18%%,DNF文件知识库\参考资料\标准格式样板\equipment\character\swordman\weapon\ssword\sswd_2choro134.equ
精 · 苍鹰之眸短剑,equipment,5,70,0,0,61,weapon,,swordman,否,,DNF文件知识库\参考资料\标准格式样板\equipment\character\swordman\weapon\ssword\sswd_2choro135.equ
精 · 黑山流波短剑,equipment,5,70,0,0,61,weapon,,swordman,否,,DNF文件知识库\参考资料\标准格式样板\equipment\character\swordman\weapon\ssword\sswd_2choro136.equ
精 · 暗影之怒短剑,equipment,5,70,0,0,61,weapon,,swordman,否,,DNF文件知识库\参考资料\标准格式样板\equipment\character\swordman\weapon\ssword\sswd_2choro137.equ
精 · 削肉断骨短剑,equipment,5,70,0,0,61,weapon,,swordman,否,,DNF文件知识库\参考资料\标准格式样板\equipment\character\swordman\weapon\ssword\sswd_2choro138.equ
精 · 黑暗之刃短剑,equipment,5,70,0,0,61,weapon,,swordman,否,,DNF文件知识库\参考资料\标准格式样板\equipment\character\swordman\weapon\ssword\sswd_2choro139.equ
禁锢之限短剑 : [冰霜之萨亚],equipment,5,0,0,0,45,weapon,,swordman,是,[冰霜之萨亚]范围 +8%%,DNF文件知识库\参考资料\标准格式样板\equipment\character\swordman\weapon\ssword\sswd_2choro14.equ
精 · 冥炎之灵短剑,equipment,5,70,0,0,61,weapon,,swordman,否,,DNF文件知识库\参考资料\标准格式样板\equipment\character\swordman\weapon\ssword\sswd_2choro140.equ
精 · 幻影之怒短剑,equipment,5,70,0,0,61,weapon,,swordman,否,,DNF文件知识库\参考资料\标准格式样板\equipment\character\swordman\weapon\ssword\sswd_2choro141.equ
精 · 领域支配者短剑,equipment,5,70,0,0,61,weapon,,swordman,否,,DNF文件知识库\参考资料\标准格式样板\equipment\character\swordman\weapon\ssword\sswd_2choro142.equ
精 · 加持的疾风之影短剑 : [冰刃·波动剑],equipment,5,70,0,0,61,weapon,,swordman,是,[冰刃·波动剑]施放后的僵直时间 -18%%,DNF文件知识库\参考资料\标准格式样板\equipment\character\swordman\weapon\ssword\sswd_2choro143.equ
精 · 加持的疾风之影短剑 : [冰刃·波动剑],equipment,5,70,0,0,61,weapon,,swordman,是,[冰刃·波动剑]施放后的僵直时间 -18%%,DNF文件知识库\参考资料\标准格式样板\equipment\character\swordman\weapon\ssword\sswd_2choro144.equ
残忍之弑短剑 : [鬼影闪],equipment,5,0,0,0,45,weapon,,swordman,是,[鬼影闪]冷却时间 -14%% | [鬼影闪]MP消耗量 -14%%,DNF文件知识库\参考资料\标准格式样板\equipment\character\swordman\weapon\ssword\sswd_2choro15.equ
神之怒击短剑 : [鬼影闪],equipment,5,0,0,0,45,weapon,,swordman,是,[鬼影闪]攻击力 +14%%,DNF文件知识库\参考资料\标准格式样板\equipment\character\swordman\weapon\ssword\sswd_2choro16.equ
残忍之弑短剑 : [拔刀斩],equipment,5,0,0,0,45,weapon,,swordman,是,[拔刀斩]冷却时间 -14%% | [拔刀斩]MP消耗量 -14%%,DNF文件知识库\参考资料\标准格式样板\equipment\character\swordman\weapon\ssword\sswd_2choro17.equ
神之怒击短剑 : [拔刀斩],equipment,5,0,0,0,45,weapon,,swordman,是,[拔刀斩]攻击力 +14%%,DNF文件知识库\参考资料\标准格式样板\equipment\character\swordman\weapon\ssword\sswd_2choro18.equ
残忍之弑短剑 : [破军升龙击],equipment,5,0,0,0,45,weapon,,swordman,是,[破军升龙击]冷却时间 -14%% | [破军升龙击]MP消耗量 -14%%,DNF文件知识库\参考资料\标准格式样板\equipment\character\swordman\weapon\ssword\sswd_2choro19.equ
秘技之境短剑 : [冰刃·波动剑],equipment,5,0,0,0,45,weapon,,swordman,是,[冰刃·波动剑]冰柱数 +2 | [冰刃·波动剑]攻击力 -2%%,DNF文件知识库\参考资料\标准格式样板\equipment\character\swordman\weapon\ssword\sswd_2choro2.equ
疾风之影短剑 : [破军升龙击],equipment,5,0,0,0,45,weapon,,swordman,是,[破军升龙击]突袭距离 +14%%,DNF文件知识库\参考资料\标准格式样板\equipment\character\swordman\weapon\ssword\sswd_2choro20.equ
残忍之弑短剑 : [猛龙断空斩],equipment,5,0,0,0,45,weapon,,swordman,是,[猛龙断空斩]冷却时间 -14%% | [猛龙断空斩]MP消耗量 -14%%,DNF文件知识库\参考资料\标准格式样板\equipment\character\swordman\weapon\ssword\sswd_2choro21.equ
神之怒击短剑 : [猛龙断空斩],equipment,5,0,0,0,45,weapon,,swordman,是,[猛龙断空斩]攻击力 +14%%,DNF文件知识库\参考资料\标准格式样板\equipment\character\swordman\weapon\ssword\sswd_2choro22.equ
残忍之弑短剑 : [幻影剑舞],equipment,5,0,0,0,45,weapon,,swordman,是,[幻影剑舞]冷却时间 -14%% | [幻影剑舞]MP消耗量 -14%%,DNF文件知识库\参考资料\标准格式样板\equipment\character\swordman\weapon\ssword\sswd_2choro23.equ
神之怒击短剑 : [幻影剑舞],equipment,5,0,0,0,45,weapon,,swordman,是,[幻影剑舞]攻击力 +14%% | [钝器精通]下[幻影剑舞]的冲击波攻击力 +14%%,DNF文件知识库\参考资料\标准格式样板\equipment\character\swordman\weapon\ssword\sswd_2choro24.equ
加持的残忍之弑短剑 : [冰刃·波动剑],equipment,5,0,0,0,45,weapon,,swordman,是,[冰刃·波动剑]冷却时间 -18%% | [冰刃·波动剑]MP消耗量 -18%%,DNF文件知识库\参考资料\标准格式样板\equipment\character\swordman\weapon\ssword\sswd_2choro25.equ
加持的秘技之境短剑 : [冰刃·波动剑],equipment,5,0,0,0,45,weapon,,swordman,是,[冰刃·波动剑]冰柱数 +2 | [冰刃·波动剑]攻击力 -1%%,DNF文件知识库\参考资料\标准格式样板\equipment\character\swordman\weapon\ssword\sswd_2choro26.equ
加持的神之怒击短剑 : [冰刃·波动剑],equipment,5,0,0,0,45,weapon,,swordman,是,[冰刃·波动剑]攻击力 +18%%,DNF文件知识库\参考资料\标准格式样板\equipment\character\swordman\weapon\ssword\sswd_2choro27.equ
加持的敏捷之灵短剑 : [修罗邪光斩],equipment,5,0,0,0,45,weapon,,swordman,是,[修罗邪光斩]蓄气时间 -18%%,DNF文件知识库\参考资料\标准格式样板\equipment\character\swordman\weapon\ssword\sswd_2choro28.equ
加持的禁锢之限短剑 : [修罗邪光斩],equipment,5,0,0,0,45,weapon,,swordman,是,[修罗邪光斩]大小 +12%%,DNF文件知识库\参考资料\标准格式样板\equipment\character\swordman\weapon\ssword\sswd_2choro29.equ
神之怒击短剑 : [冰刃·波动剑],equipment,5,0,0,0,45,weapon,,swordman,是,[冰刃·波动剑]攻击力 +14%%,DNF文件知识库\参考资料\标准格式样板\equipment\character\swordman\weapon\ssword\sswd_2choro3.equ
加持的残忍之弑短剑 : [不动明王阵],equipment,5,0,0,0,45,weapon,,swordman,是,[不动明王阵]冷却时间 -18%% | [不动明王阵]MP消耗量 -18%%,DNF文件知识库\参考资料\标准格式样板\equipment\character\swordman\weapon\ssword\sswd_2choro30.equ
加持的禁锢之限短剑 : [不动明王阵],equipment,5,0,0,0,45,weapon,,swordman,是,[不动明王阵]范围 +10%%,DNF文件知识库\参考资料\标准格式样板\equipment\character\swordman\weapon\ssword\sswd_2choro31.equ
加持的神之怒击短剑 : [不动明王阵],equipment,5,0,0,0,45,weapon,,swordman,是,[不动明王阵]攻击力 +18%%,DNF文件知识库\参考资料\标准格式样板\equipment\character\swordman\weapon\ssword\sswd_2choro32.equ
加持的残忍之弑短剑 : [鬼斩],equipment,5,0,0,0,45,weapon,,swordman,是,[鬼斩]冷却时间 -18%% | [鬼斩]MP消耗量 -18%%,DNF文件知识库\参考资料\标准格式样板\equipment\character\swordman\weapon\ssword\sswd_2choro33.equ
加持的禁锢之限短剑 : [鬼斩],equipment,5,0,0,0,45,weapon,,swordman,是,[鬼斩]大小 +12%%,DNF文件知识库\参考资料\标准格式样板\equipment\character\swordman\weapon\ssword\sswd_2choro34.equ
加持的神之怒击短剑 : [鬼斩],equipment,5,0,0,0,45,weapon,,swordman,是,[鬼斩]攻击力 +18%%,DNF文件知识库\参考资料\标准格式样板\equipment\character\swordman\weapon\ssword\sswd_2choro35.equ
加持的禁锢之限短剑 : [刀魂之卡赞],equipment,5,0,0,0,45,weapon,,swordman,是,[刀魂之卡赞]范围 +10%%,DNF文件知识库\参考资料\标准格式样板\equipment\character\swordman\weapon\ssword\sswd_2choro36.equ
加持的残忍之弑短剑 : [冰霜之萨亚],equipment,5,0,0,0,45,weapon,,swordman,是,[冰霜之萨亚]冷却时间 -18%% | [冰霜之萨亚]MP消耗量 -18%%,DNF文件知识库\参考资料\标准格式样板\equipment\character\swordman\weapon\ssword\sswd_2choro37.equ
加持的禁锢之限短剑 : [冰霜之萨亚],equipment,5,0,0,0,45,weapon,,swordman,是,[冰霜之萨亚]范围 +10%%,DNF文件知识库\参考资料\标准格式样板\equipment\character\swordman\weapon\ssword\sswd_2choro38.equ
加持的残忍之弑短剑 : [鬼影闪],equipment,5,0,0,0,45,weapon,,swordman,是,[鬼影闪]冷却时间 -18%% | [鬼影闪]MP消耗量 -18%%,DNF文件知识库\参考资料\标准格式样板\equipment\character\swordman\weapon\ssword\sswd_2choro39.equ
敏捷之灵短剑 : [修罗邪光斩],equipment,5,0,0,0,45,weapon,,swordman,是,[修罗邪光斩]蓄气时间 -14%%,DNF文件知识库\参考资料\标准格式样板\equipment\character\swordman\weapon\ssword\sswd_2choro4.equ
加持的神之怒击短剑 : [鬼影闪],equipment,5,0,0,0,45,weapon,,swordman,是,[鬼影闪]攻击力 +18%%,DNF文件知识库\参考资料\标准格式样板\equipment\character\swordman\weapon\ssword\sswd_2choro40.equ
加持的残忍之弑短剑 : [拔刀斩],equipment,5,0,0,0,45,weapon,,swordman,是,[拔刀斩]冷却时间 -18%% | [拔刀斩]MP消耗量 -18%%,DNF文件知识库\参考资料\标准格式样板\equipment\character\swordman\weapon\ssword\sswd_2choro41.equ
加持的神之怒击短剑 : [拔刀斩],equipment,5,0,0,0,45,weapon,,swordman,是,[拔刀斩]攻击力 +18%%,DNF文件知识库\参考资料\标准格式样板\equipment\character\swordman\weapon\ssword\sswd_2choro42.equ
加持的残忍之弑短剑 : [破军升龙击],equipment,5,0,0,0,45,weapon,,swordman,是,[破军升龙击]冷却时间 -18%% | [破军升龙击]MP消耗量 -18%%,DNF文件知识库\参考资料\标准格式样板\equipment\character\swordman\weapon\ssword\sswd_2choro43.equ
加持的疾风之影短剑 : [破军升龙击],equipment,5,0,0,0,45,weapon,,swordman,是,[破军升龙击]突袭距离 +18%%,DNF文件知识库\参考资料\标准格式样板\equipment\character\swordman\weapon\ssword\sswd_2choro44.equ
加持的残忍之弑短剑 : [猛龙断空斩],equipment,5,0,0,0,45,weapon,,swordman,是,[猛龙断空斩]冷却时间 -18%% | [猛龙断空斩]MP消耗量 -18%%,DNF文件知识库\参考资料\标准格式样板\equipment\character\swordman\weapon\ssword\sswd_2choro45.equ
加持的神之怒击短剑 : [猛龙断空斩],equipment,5,0,0,0,45,weapon,,swordman,是,[猛龙断空斩]攻击力 +18%%,DNF文件知识库\参考资料\标准格式样板\equipment\character\swordman\weapon\ssword\sswd_2choro46.equ
加持的残忍之弑短剑 : [幻影剑舞],equipment,5,0,0,0,45,weapon,,swordman,是,[幻影剑舞]冷却时间 -18%% | [幻影剑舞]MP消耗量 -18%%,DNF文件知识库\参考资料\标准格式样板\equipment\character\swordman\weapon\ssword\sswd_2choro47.equ
加持的神之怒击短剑 : [幻影剑舞],equipment,5,0,0,0,45,weapon,,swordman,是,[幻影剑舞]攻击力 +18%% | [钝器精通]下[幻影剑舞]的冲击波攻击力 +18%%,DNF文件知识库\参考资料\标准格式样板\equipment\character\swordman\weapon\ssword\sswd_2choro48.equ
时光之袭短剑 : [鬼印珠],equipment,5,0,0,0,45,weapon,,swordman,是,[鬼印珠]多段攻击间隔 -14%%,DNF文件知识库\参考资料\标准格式样板\equipment\character\swordman\weapon\ssword\sswd_2choro49.equ
禁锢之限短剑 : [修罗邪光斩],equipment,5,0,0,0,45,weapon,,swordman,是,[修罗邪光斩]大小 +10%%,DNF文件知识库\参考资料\标准格式样板\equipment\character\swordman\weapon\ssword\sswd_2choro5.equ
秘技之境短剑 : [鬼印珠],equipment,5,0,0,0,45,weapon,,swordman,是,[鬼印珠]多段攻击次数 +2 | [鬼印珠]攻击力 -2%%,DNF文件知识库\参考资料\标准格式样板\equipment\character\swordman\weapon\ssword\sswd_2choro50.equ
禁锢之限短剑 : [鬼印珠],equipment,5,0,0,0,45,weapon,,swordman,是,[鬼印珠]珠子大小 +10%%,DNF文件知识库\参考资料\标准格式样板\equipment\character\swordman\weapon\ssword\sswd_2choro51.equ
时光之源短剑 : [鬼印珠],equipment,5,0,0,0,45,weapon,,swordman,是,[鬼印珠]珠子持续时间 +14%%,DNF文件知识库\参考资料\标准格式样板\equipment\character\swordman\weapon\ssword\sswd_2choro52.equ
神之怒击短剑 : [鬼印珠],equipment,5,0,0,0,45,weapon,,swordman,是,[鬼印珠]攻击力 +14%%,DNF文件知识库\参考资料\标准格式样板\equipment\character\swordman\weapon\ssword\sswd_2choro53.equ
残忍之弑短剑 : [邪光斩],equipment,5,0,0,0,45,weapon,,swordman,是,[邪光斩]冷却时间 -14%% | [邪光斩]MP消耗量 -14%%,DNF文件知识库\参考资料\标准格式样板\equipment\character\swordman\weapon\ssword\sswd_2choro54.equ
时光之源短剑 : [不动明王阵],equipment,5,0,0,0,45,weapon,,swordman,是,[不动明王阵]旋转时间 +14%%,DNF文件知识库\参考资料\标准格式样板\equipment\character\swordman\weapon\ssword\sswd_2choro55.equ
加持的禁锢之限短剑 : [鬼印珠],equipment,5,0,0,0,45,weapon,,swordman,是,[鬼印珠]珠子大小 +11%%,DNF文件知识库\参考资料\标准格式样板\equipment\character\swordman\weapon\ssword\sswd_2choro56.equ
加持的时光之源短剑 : [鬼印珠],equipment,5,0,0,0,45,weapon,,swordman,是,[鬼印珠]珠子持续时间 +18%%,DNF文件知识库\参考资料\标准格式样板\equipment\character\swordman\weapon\ssword\sswd_2choro57.equ
加持的神之怒击短剑 : [鬼印珠],equipment,5,0,0,0,45,weapon,,swordman,是,[鬼印珠]攻击力 +18%%,DNF文件知识库\参考资料\标准格式样板\equipment\character\swordman\weapon\ssword\sswd_2choro58.equ
加持的残忍之弑短剑 : [邪光斩],equipment,5,0,0,0,45,weapon,,swordman,是,[邪光斩]冷却时间 -18%% | [邪光斩]MP消耗量 -18%%,DNF文件知识库\参考资料\标准格式样板\equipment\character\swordman\weapon\ssword\sswd_2choro59.equ
残忍之弑短剑 : [不动明王阵],equipment,5,0,0,0,45,weapon,,swordman,是,[不动明王阵]冷却时间 -14%% | [不动明王阵]MP消耗量 -14%%,DNF文件知识库\参考资料\标准格式样板\equipment\character\swordman\weapon\ssword\sswd_2choro6.equ
加持的时光之源短剑 : [不动明王阵],equipment,5,0,0,0,45,weapon,,swordman,是,[不动明王阵]旋转时间 +18%%,DNF文件知识库\参考资料\标准格式样板\equipment\character\swordman\weapon\ssword\sswd_2choro60.equ
苍鹰之眸短剑,equipment,5,0,0,0,45,weapon,,swordman,否,,DNF文件知识库\参考资料\标准格式样板\equipment\character\swordman\weapon\ssword\sswd_2choro61.equ
黑山流波短剑,equipment,5,0,0,0,45,weapon,,swordman,否,,DNF文件知识库\参考资料\标准格式样板\equipment\character\swordman\weapon\ssword\sswd_2choro62.equ
暗影之怒短剑,equipment,5,0,0,0,45,weapon,,swordman,否,,DNF文件知识库\参考资料\标准格式样板\equipment\character\swordman\weapon\ssword\sswd_2choro63.equ
削肉断骨短剑,equipment,5,0,0,0,45,weapon,,swordman,否,,DNF文件知识库\参考资料\标准格式样板\equipment\character\swordman\weapon\ssword\sswd_2choro64.equ
黑暗之刃短剑,equipment,5,0,0,0,45,weapon,,swordman,否,,DNF文件知识库\参考资料\标准格式样板\equipment\character\swordman\weapon\ssword\sswd_2choro65.equ
冥炎之灵短剑,equipment,5,0,0,0,45,weapon,,swordman,否,,DNF文件知识库\参考资料\标准格式样板\equipment\character\swordman\weapon\ssword\sswd_2choro66.equ
幻影之怒短剑,equipment,5,0,0,0,45,weapon,,swordman,否,,DNF文件知识库\参考资料\标准格式样板\equipment\character\swordman\weapon\ssword\sswd_2choro67.equ
领域支配者短剑,equipment,5,0,0,0,45,weapon,,swordman,否,,DNF文件知识库\参考资料\标准格式样板\equipment\character\swordman\weapon\ssword\sswd_2choro68.equ
加持的时光之袭短剑 : [鬼印珠],equipment,5,0,0,0,45,weapon,,swordman,是,[鬼印珠]多段攻击间隔 -18%%,DNF文件知识库\参考资料\标准格式样板\equipment\character\swordman\weapon\ssword\sswd_2choro69.equ
禁锢之限短剑 : [不动明王阵],equipment,5,0,0,0,45,weapon,,swordman,是,[不动明王阵]范围 +8%%,DNF文件知识库\参考资料\标准格式样板\equipment\character\swordman\weapon\ssword\sswd_2choro7.equ
加持的秘技之境短剑 : [鬼印珠],equipment,5,0,0,0,45,weapon,,swordman,是,[鬼印珠]多段攻击次数 +2 | [鬼印珠]攻击力 -1%%,DNF文件知识库\参考资料\标准格式样板\equipment\character\swordman\weapon\ssword\sswd_2choro70.equ
疾风之影短剑 : [冰刃·波动剑],equipment,5,0,0,0,45,weapon,,swordman,是,[冰刃·波动剑]施放后的僵直时间 -14%%,DNF文件知识库\参考资料\标准格式样板\equipment\character\swordman\weapon\ssword\sswd_2choro71.equ
加持的疾风之影短剑 : [冰刃·波动剑],equipment,5,0,0,0,45,weapon,,swordman,是,[冰刃·波动剑]施放后的僵直时间 -18%%,DNF文件知识库\参考资料\标准格式样板\equipment\character\swordman\weapon\ssword\sswd_2choro72.equ
精 · 加持的残忍之弑短剑 : [冰刃·波动剑],equipment,5,70,0,0,61,weapon,,swordman,是,[冰刃·波动剑]冷却时间 -18%% | [冰刃·波动剑]MP消耗量 -18%%,DNF文件知识库\参考资料\标准格式样板\equipment\character\swordman\weapon\ssword\sswd_2choro73.equ
精 · 加持的秘技之境短剑 : [冰刃·波动剑],equipment,5,70,0,0,61,weapon,,swordman,是,[冰刃·波动剑]冰柱数 +2 | [冰刃·波动剑]攻击力 -1%%,DNF文件知识库\参考资料\标准格式样板\equipment\character\swordman\weapon\ssword\sswd_2choro74.equ
精 · 加持的神之怒击短剑 : [冰刃·波动剑],equipment,5,70,0,0,61,weapon,,swordman,是,[冰刃·波动剑]攻击力 +18%%,DNF文件知识库\参考资料\标准格式样板\equipment\character\swordman\weapon\ssword\sswd_2choro75.equ
精 · 加持的敏捷之灵短剑 : [修罗邪光斩],equipment,5,70,0,0,61,weapon,,swordman,是,[修罗邪光斩]蓄气时间 -18%%,DNF文件知识库\参考资料\标准格式样板\equipment\character\swordman\weapon\ssword\sswd_2choro76.equ
精 · 加持的禁锢之限短剑 : [修罗邪光斩],equipment,5,70,0,0,61,weapon,,swordman,是,[修罗邪光斩]大小 +12%%,DNF文件知识库\参考资料\标准格式样板\equipment\character\swordman\weapon\ssword\sswd_2choro77.equ
精 · 加持的残忍之弑短剑 : [不动明王阵],equipment,5,70,0,0,61,weapon,,swordman,是,[不动明王阵]冷却时间 -18%% | [不动明王阵]MP消耗量 -18%%,DNF文件知识库\参考资料\标准格式样板\equipment\character\swordman\weapon\ssword\sswd_2choro78.equ
精 · 加持的禁锢之限短剑 : [不动明王阵],equipment,5,70,0,0,61,weapon,,swordman,是,[不动明王阵]范围 +10%%,DNF文件知识库\参考资料\标准格式样板\equipment\character\swordman\weapon\ssword\sswd_2choro79.equ
神之怒击短剑 : [不动明王阵],equipment,5,0,0,0,45,weapon,,swordman,是,[不动明王阵]攻击力 +14%%,DNF文件知识库\参考资料\标准格式样板\equipment\character\swordman\weapon\ssword\sswd_2choro8.equ
精 · 加持的神之怒击短剑 : [不动明王阵],equipment,5,70,0,0,61,weapon,,swordman,是,[不动明王阵]攻击力 +18%%,DNF文件知识库\参考资料\标准格式样板\equipment\character\swordman\weapon\ssword\sswd_2choro80.equ
精 · 加持的残忍之弑短剑 : [鬼斩],equipment,5,70,0,0,61,weapon,,swordman,是,[鬼斩]冷却时间 -18%% | [鬼斩]MP消耗量 -18%%,DNF文件知识库\参考资料\标准格式样板\equipment\character\swordman\weapon\ssword\sswd_2choro81.equ
精 · 加持的禁锢之限短剑 : [鬼斩],equipment,5,70,0,0,61,weapon,,swordman,是,[鬼斩]大小 +12%%,DNF文件知识库\参考资料\标准格式样板\equipment\character\swordman\weapon\ssword\sswd_2choro82.equ
精 · 加持的神之怒击短剑 : [鬼斩],equipment,5,70,0,0,61,weapon,,swordman,是,[鬼斩]攻击力 +18%%,DNF文件知识库\参考资料\标准格式样板\equipment\character\swordman\weapon\ssword\sswd_2choro83.equ
精 · 加持的禁锢之限短剑 : [刀魂之卡赞],equipment,5,70,0,0,61,weapon,,swordman,是,[刀魂之卡赞]范围 +10%%,DNF文件知识库\参考资料\标准格式样板\equipment\character\swordman\weapon\ssword\sswd_2choro84.equ
精 · 加持的残忍之弑短剑 : [冰霜之萨亚],equipment,5,70,0,0,61,weapon,,swordman,是,[冰霜之萨亚]冷却时间 -18%% | [冰霜之萨亚]MP消耗量 -18%%,DNF文件知识库\参考资料\标准格式样板\equipment\character\swordman\weapon\ssword\sswd_2choro85.equ
精 · 加持的禁锢之限短剑 : [冰霜之萨亚],equipment,5,70,0,0,61,weapon,,swordman,是,[冰霜之萨亚]范围 +10%%,DNF文件知识库\参考资料\标准格式样板\equipment\character\swordman\weapon\ssword\sswd_2choro86.equ
精 · 加持的残忍之弑短剑 : [鬼影闪],equipment,5,70,0,0,61,weapon,,swordman,是,[鬼影闪]冷却时间 -18%% | [鬼影闪]MP消耗量 -18%%,DNF文件知识库\参考资料\标准格式样板\equipment\character\swordman\weapon\ssword\sswd_2choro87.equ
精 · 加持的神之怒击短剑 : [鬼影闪],equipment,5,70,0,0,61,weapon,,swordman,是,[鬼影闪]攻击力 +18%%,DNF文件知识库\参考资料\标准格式样板\equipment\character\swordman\weapon\ssword\sswd_2choro88.equ
精 · 加持的残忍之弑短剑 : [拔刀斩],equipment,5,70,0,0,61,weapon,,swordman,是,[拔刀斩]冷却时间 -18%% | [拔刀斩]MP消耗量 -18%%,DNF文件知识库\参考资料\标准格式样板\equipment\character\swordman\weapon\ssword\sswd_2choro89.equ
残忍之弑短剑 : [鬼斩],equipment,5,0,0,0,45,weapon,,swordman,是,[鬼斩]冷却时间 -14%% | [鬼斩]MP消耗量 -14%%,DNF文件知识库\参考资料\标准格式样板\equipment\character\swordman\weapon\ssword\sswd_2choro9.equ
精 · 加持的神之怒击短剑 : [拔刀斩],equipment,5,70,0,0,61,weapon,,swordman,是,[拔刀斩]攻击力 +18%%,DNF文件知识库\参考资料\标准格式样板\equipment\character\swordman\weapon\ssword\sswd_2choro90.equ
精 · 加持的残忍之弑短剑 : [破军升龙击],equipment,5,70,0,0,61,weapon,,swordman,是,[破军升龙击]冷却时间 -18%% | [破军升龙击]MP消耗量 -18%%,DNF文件知识库\参考资料\标准格式样板\equipment\character\swordman\weapon\ssword\sswd_2choro91.equ
精 · 加持的疾风之影短剑 : [破军升龙击],equipment,5,70,0,0,61,weapon,,swordman,是,[破军升龙击]突袭距离 +18%%,DNF文件知识库\参考资料\标准格式样板\equipment\character\swordman\weapon\ssword\sswd_2choro92.equ
精 · 加持的残忍之弑短剑 : [猛龙断空斩],equipment,5,70,0,0,61,weapon,,swordman,是,[猛龙断空斩]冷却时间 -18%% | [猛龙断空斩]MP消耗量 -18%%,DNF文件知识库\参考资料\标准格式样板\equipment\character\swordman\weapon\ssword\sswd_2choro93.equ
精 · 加持的神之怒击短剑 : [猛龙断空斩],equipment,5,70,0,0,61,weapon,,swordman,是,[猛龙断空斩]攻击力 +18%%,DNF文件知识库\参考资料\标准格式样板\equipment\character\swordman\weapon\ssword\sswd_2choro94.equ
精 · 加持的残忍之弑短剑 : [幻影剑舞],equipment,5,70,0,0,61,weapon,,swordman,是,[幻影剑舞]冷却时间 -18%% | [幻影剑舞]MP消耗量 -18%%,DNF文件知识库\参考资料\标准格式样板\equipment\character\swordman\weapon\ssword\sswd_2choro95.equ
精 · 加持的神之怒击短剑 : [幻影剑舞],equipment,5,70,0,0,61,weapon,,swordman,是,[幻影剑舞]攻击力 +18%% | [钝器精通]下[幻影剑舞]的冲击波攻击力 +18%%,DNF文件知识库\参考资料\标准格式样板\equipment\character\swordman\weapon\ssword\sswd_2choro96.equ
精 · 加持的时光之袭短剑 : [鬼印珠],equipment,5,70,0,0,61,weapon,,swordman,是,[鬼印珠]多段攻击间隔 -18%%,DNF文件知识库\参考资料\标准格式样板\equipment\character\swordman\weapon\ssword\sswd_2choro97.equ
精 · 加持的秘技之境短剑 : [鬼印珠],equipment,5,70,0,0,61,weapon,,swordman,是,[鬼印珠]多段攻击次数 +2 | [鬼印珠]攻击力 -1%%,DNF文件知识库\参考资料\标准格式样板\equipment\character\swordman\weapon\ssword\sswd_2choro98.equ
精 · 加持的禁锢之限短剑 : [鬼印珠],equipment,5,70,0,0,61,weapon,,swordman,是,[鬼印珠]珠子大小 +11%%,DNF文件知识库\参考资料\标准格式样板\equipment\character\swordman\weapon\ssword\sswd_2choro99.equ
裂魂之异次元短剑 - 鬼泣,equipment,5,70,0,0,63,weapon,,swordman,否,,DNF文件知识库\参考资料\标准格式样板\equipment\character\swordman\weapon\ssword\sswd_3choro1.equ
冽风之痕短剑,equipment,5,70,0,0,68,weapon,,swordman,否,,DNF文件知识库\参考资料\标准格式样板\equipment\character\swordman\weapon\ssword\sswd_3choro10.equ
七伤剑气短剑,equipment,5,70,0,0,68,weapon,,swordman,否,,DNF文件知识库\参考资料\标准格式样板\equipment\character\swordman\weapon\ssword\sswd_3choro11.equ
天之剑痕短剑,equipment,5,70,0,0,68,weapon,,swordman,否,,DNF文件知识库\参考资料\标准格式样板\equipment\character\swordman\weapon\ssword\sswd_3choro12.equ
潜龙幻影短剑,equipment,5,70,0,0,68,weapon,,swordman,否,,DNF文件知识库\参考资料\标准格式样板\equipment\character\swordman\weapon\ssword\sswd_3choro13.equ
遗忘者的远古短剑,equipment,5,70,0,0,68,weapon,,swordman,否,,DNF文件知识库\参考资料\标准格式样板\equipment\character\swordman\weapon\ssword\sswd_3choro2.equ
黑暗之魂短剑,equipment,5,70,0,0,68,weapon,,swordman,否,,DNF文件知识库\参考资料\标准格式样板\equipment\character\swordman\weapon\ssword\sswd_3choro3.equ
夜叉王的降神短剑,equipment,5,70,0,0,68,weapon,,swordman,否,,DNF文件知识库\参考资料\标准格式样板\equipment\character\swordman\weapon\ssword\sswd_3choro4.equ
裂魂之异次元短剑 - 阿修罗,equipment,5,70,0,0,63,weapon,,swordman,否,,DNF文件知识库\参考资料\标准格式样板\equipment\character\swordman\weapon\ssword\sswd_3choro5.equ
虚空之怒波短剑,equipment,5,70,0,0,68,weapon,,swordman,否,,DNF文件知识库\参考资料\标准格式样板\equipment\character\swordman\weapon\ssword\sswd_3choro6.equ
终结之波动短剑,equipment,5,70,0,0,68,weapon,,swordman,否,,DNF文件知识库\参考资料\标准格式样板\equipment\character\swordman\weapon\ssword\sswd_3choro7.equ
大地之裂波短剑,equipment,5,70,0,0,68,weapon,,swordman,否,,DNF文件知识库\参考资料\标准格式样板\equipment\character\swordman\weapon\ssword\sswd_3choro8.equ
裂魂之异次元短剑 - 剑魂,equipment,5,70,0,0,63,weapon,,swordman,否,,DNF文件知识库\参考资料\标准格式样板\equipment\character\swordman\weapon\ssword\sswd_3choro9.equ
祭坛执掌者之剑,equipment,2,65,93800,0,42,weapon,,"swordman, creator mage",是,[波动斩]技能Lv +2 | [暗影囚杀]技能Lv +1,DNF文件知识库\参考资料\标准格式样板\equipment\character\swordman\weapon\ssword\sswd_altarmaster.equ
奥尔顿短剑,equipment,1,65,65000,0,39,weapon,,"swordman, creator mage",否,,DNF文件知识库\参考资料\标准格式样板\equipment\character\swordman\weapon\ssword\sswd_alton.equ
破旧的奥尔顿短剑,equipment,0,65,45500,0,0,weapon,,"swordman, creator mage",否,,DNF文件知识库\参考资料\标准格式样板\equipment\character\swordman\weapon\ssword\sswd_alton_sb.equ
艾特兰的凝视短剑,equipment,2,60,86800,0,39,weapon,,"swordman, creator mage",否,攻击时， 有2%%的几率使敌人进入石化状态。,DNF文件知识库\参考资料\标准格式样板\equipment\character\swordman\weapon\ssword\sswd_atrum.equ
骑士佩剑,equipment,2,35,800000,0,24,weapon,,"swordman, creator mage",否,攻击时， 有1%%的几率使敌人进入眩晕状态。,DNF文件知识库\参考资料\标准格式样板\equipment\character\swordman\weapon\ssword\sswd_baron.equ
巴恩的短剑,equipment,4,50,91200,0,39,weapon,,"swordman, creator mage",是,[崩山击]冲击波范围 +200%% | [跃空斩]冲击波范围 +200%% | [自动格挡]几率 +50%% | [自动招架]几率 +50%%,DNF文件知识库\参考资料\标准格式样板\equipment\character\swordman\weapon\ssword\sswd_bhan.equ
(古老) 疾风剑,equipment,2,18,28000,0,14,weapon,,"swordman, creator mage",否,攻击速度 +3%%,DNF文件知识库\参考资料\标准格式样板\equipment\character\swordman\weapon\ssword\sswd_breeze.equ
(古老) 青铜剑,equipment,1,22,22000,0,14,weapon,,"swordman, creator mage",否,,DNF文件知识库\参考资料\标准格式样板\equipment\character\swordman\weapon\ssword\sswd_bronze.equ
破损的铁剑,equipment,0,1,700,0,0,weapon,,"swordman, creator mage",否,,DNF文件知识库\参考资料\标准格式样板\equipment\character\swordman\weapon\ssword\sswd_damaged.equ
深海之士兵短剑,equipment,2,65,93800,0,42,weapon,,"swordman, creator mage",否,,DNF文件知识库\参考资料\标准格式样板\equipment\character\swordman\weapon\ssword\sswd_deepseaq.equ
普通短剑,equipment,0,1,700,0,0,weapon,,"swordman, creator mage",否,,DNF文件知识库\参考资料\标准格式样板\equipment\character\swordman\weapon\ssword\sswd_default.equ
仿制短剑,equipment,0,1,700,0,0,weapon,,"swordman, creator mage",否,,DNF文件知识库\参考资料\标准格式样板\equipment\character\swordman\weapon\ssword\sswd_dummy.equ
普通短剑,equipment,4,55,96000,0,17,weapon,,swordman,否,攻击时， 附加30%%的伤害。 (在决斗场中无效),DNF文件知识库\参考资料\标准格式样板\equipment\character\swordman\weapon\ssword\sswd_eleno.equ
帝国短剑,equipment,2,9,14000,0,8,weapon,,"swordman, creator mage",是,,DNF文件知识库\参考资料\标准格式样板\equipment\character\swordman\weapon\ssword\sswd_empire.equ
诺顿的铸剑,equipment,2,15,1,0,0,weapon,,"swordman, creator mage",否,,DNF文件知识库\参考资料\标准格式样板\equipment\character\swordman\weapon\ssword\sswd_failroton.equ
信仰之力钛剑,equipment,2,43,61600,0,29,weapon,,"swordman, creator mage",是,[汲魂之力]技能Lv +1 |   | 攻击速度 +1%%,DNF文件知识库\参考资料\标准格式样板\equipment\character\swordman\weapon\ssword\sswd_faith.equ
(古老) 生锈的青铜剑,equipment,0,22,15400,0,0,weapon,,"swordman, creator mage",否,,DNF文件知识库\参考资料\标准格式样板\equipment\character\swordman\weapon\ssword\sswd_fbronze.equ
蓝冰弯月剑,equipment,2,45,65800,0,30,weapon,,"swordman, creator mage",是,攻击时， 有3%%的几率出现冰冻针刺。,DNF文件知识库\参考资料\标准格式样板\equipment\character\swordman\weapon\ssword\sswd_frostbringer.equ
(古老) 闪耀的青铜剑,equipment,1,23,23000,0,14,weapon,,"swordman, creator mage",否,,DNF文件知识库\参考资料\标准格式样板\equipment\character\swordman\weapon\ssword\sswd_gbronze.equ
(古老) 卡露亚的教导 - 裂风,equipment,3,35,65600,0,29,weapon,,"swordman, creator mage",否,攻击速度 +5%%,DNF文件知识库\参考资料\标准格式样板\equipment\character\swordman\weapon\ssword\sswd_goraswift.equ
G.S.D的古剑,equipment,1,20,20000,0,12,weapon,,"swordman, creator mage",否,,DNF文件知识库\参考资料\标准格式样板\equipment\character\swordman\weapon\ssword\sswd_gsd.equ
G.S.D的究极波动刃,equipment,4,50,91200,0,39,weapon,,"swordman, creator mage",是,[冰刃·波动剑]小冰柱持续时间 +5%% | [冰刃·波动剑]小冰柱生成数 +2%% | [冰刃·波动剑]冰冻几率 +100%% | [格挡]无冷却时间 | [招架]无冷却时间 | [自动格挡]冷却时间 +50%% | [自动格挡]发动几率 +100% | [自动格挡]持续时间 +50%% | [自动招架]冷却时间 +50%% | [自动招架]发动几率 +100% | [自动招架]持续时间 +50%% | [逆转反击]施放几率 +100%% | [暗天波动眼]冷却时间增加1万倍 | [暗天波动眼]持续时间增加1万倍 | [波动眼·天照]冷却时间 -2.5秒 | [波动剑·光翼]冷却时间 -1秒 | [波动剑·闪枪]冷却时间 -3秒,DNF文件知识库\参考资料\标准格式样板\equipment\character\swordman\weapon\ssword\sswd_gsdwave.equ
碎风乱波剑,equipment,4,45,0,0,35,weapon,,"swordman, creator mage",是,[波动斩]技能Lv +3 | [连环斩]技能Lv +3 |   | Y轴移动速度 +50%% | 攻击速度 +3%%,DNF文件知识库\参考资料\标准格式样板\equipment\character\swordman\weapon\ssword\sswd_gwavewind.equ
赫顿士兵短剑,equipment,1,60,60000,0,36,weapon,,"swordman, creator mage",否,,DNF文件知识库\参考资料\标准格式样板\equipment\character\swordman\weapon\ssword\sswd_handon.equ
破旧的赫顿士兵短剑,equipment,0,60,42000,0,0,weapon,,"swordman, creator mage",否,,DNF文件知识库\参考资料\标准格式样板\equipment\character\swordman\weapon\ssword\sswd_handon_used.equ
狱岩石短剑,equipment,2,50,75600,0,38,weapon,,"swordman, creator mage",是,[极 · 驭剑术 (时空斩)]技能Lv +1 | [空绝斩 : 千刃]技能Lv +1 | [花开寒影]技能Lv +1 | [末日杀戮]技能Lv +1 | [沉寂之狱]技能Lv +1 |   | 攻击速度 +1%%,DNF文件知识库\参考资料\标准格式样板\equipment\character\swordman\weapon\ssword\sswd_hellkarium.equ
高科技士兵短剑,equipment,2,60,86800,0,39,weapon,,"swordman, creator mage",否,,DNF文件知识库\参考资料\标准格式样板\equipment\character\swordman\weapon\ssword\sswd_hightechq.equ
远古逆袭之突刺剑,equipment,2,55,82600,0,44,weapon,,"swordman, creator mage",是,施放技能时， 有4%%的几率使自身增加30点智力， 效果持续30秒。 | 攻击速度 +1%%,DNF文件知识库\参考资料\标准格式样板\equipment\character\swordman\weapon\ssword\sswd_historybattle.equ
(古老) 苍月剑,equipment,2,29,43400,0,21,weapon,,"swordman, creator mage",是,,DNF文件知识库\参考资料\标准格式样板\equipment\character\swordman\weapon\ssword\sswd_hoihoi.equ
天神怒炎剑,equipment,2,50,75600,0,35,weapon,,"swordman, creator mage",是,[释魂狂怒]技能Lv +1 | [暗影蓄能]技能Lv +1 |   | 攻击时， 有3%%的几率出现火焰爆炸。,DNF文件知识库\参考资料\标准格式样板\equipment\character\swordman\weapon\ssword\sswd_ignition.equ
高科技士兵短剑,equipment,2,63,91000,0,41,weapon,,"swordman, creator mage",否,,DNF文件知识库\参考资料\标准格式样板\equipment\character\swordman\weapon\ssword\sswd_illusionq.equ
不屈之志哨兵侍剑,equipment,2,46,65800,0,30,weapon,,"swordman, creator mage",否,攻击速度 -1%%,DNF文件知识库\参考资料\标准格式样板\equipment\character\swordman\weapon\ssword\sswd_indomitable.equ
万剑之王 - 西方之焰,equipment,4,55,99200,0,42,weapon,,"swordman, creator mage",是,[魔性之短剑精通]技能Lv +1 |   | 物品快捷栏内的每一把短剑使角色增加5%%攻击力和0.5%%攻击速度。,DNF文件知识库\参考资料\标准格式样板\equipment\character\swordman\weapon\ssword\sswd_iniesta.equ
黑铁剑,equipment,1,5,5000,0,3,weapon,,"swordman, creator mage",否,,DNF文件知识库\参考资料\标准格式样板\equipment\character\swordman\weapon\ssword\sswd_iron.equ
古老的丹砂剑,equipment,2,40,0,0,27,weapon,,"swordman, creator mage",否,无法进行强化、 增幅、 分解和赠送。,DNF文件知识库\参考资料\标准格式样板\equipment\character\swordman\weapon\ssword\sswd_jumping.equ
武士斗剑,equipment,2,25,300000,0,18,weapon,,"swordman, creator mage",否,攻击时， 有2%%的几率使敌人进入减速状态。,DNF文件知识库\参考资料\标准格式样板\equipment\character\swordman\weapon\ssword\sswd_knight.equ
新式短剑,equipment,1,11,11000,0,7,weapon,,"swordman, creator mage",否,,DNF文件知识库\参考资料\标准格式样板\equipment\character\swordman\weapon\ssword\sswd_nshort.equ
精致的铁剑,equipment,1,7,7000,0,5,weapon,,"swordman, creator mage",否,,DNF文件知识库\参考资料\标准格式样板\equipment\character\swordman\weapon\ssword\sswd_nsteel.equ
(古老) 紫薇星剑,equipment,3,20,41600,0,20,weapon,,"swordman, creator mage",是,,DNF文件知识库\参考资料\标准格式样板\equipment\character\swordman\weapon\ssword\sswd_orchid.equ
黄金短剑,equipment,2,65,93800,0,42,weapon,,"swordman, creator mage",是,,DNF文件知识库\参考资料\标准格式样板\equipment\character\swordman\weapon\ssword\sswd_pamorkeris.equ
远古青铜剑,equipment,2,5,8400,0,6,weapon,,"swordman, creator mage",是,[波动斩]技能Lv +1,DNF文件知识库\参考资料\标准格式样板\equipment\character\swordman\weapon\ssword\sswd_rare.equ
真·波动摄魔剑,equipment,2,62,89600,0,41,weapon,,"swordman, creator mage",是,攻击速度 +1%%,DNF文件知识库\参考资料\标准格式样板\equipment\character\swordman\weapon\ssword\sswd_ratrum_jin.equ
精炼的钢剑,equipment,1,15,15000,0,9,weapon,,"swordman, creator mage",否,,DNF文件知识库\参考资料\标准格式样板\equipment\character\swordman\weapon\ssword\sswd_refsteel.equ
生锈的铁剑,equipment,0,3,2100,0,0,weapon,,"swordman, creator mage",否,,DNF文件知识库\参考资料\标准格式样板\equipment\character\swordman\weapon\ssword\sswd_riron.equ
(古老) 卢克西的紫炎波刃剑,equipment,3,25,49600,0,23,weapon,,"swordman, creator mage",否,攻击时， 有1%%的几率使敌人进入出血状态。,DNF文件知识库\参考资料\标准格式样板\equipment\character\swordman\weapon\ssword\sswd_roxykris.equ
真·黄金短剑,equipment,2,67,96600,0,44,weapon,,"swordman, creator mage",是,,DNF文件知识库\参考资料\标准格式样板\equipment\character\swordman\weapon\ssword\sswd_rpamorkeris_jin.equ
生锈的短剑,equipment,0,10,7000,0,0,weapon,,"swordman, creator mage",否,,DNF文件知识库\参考资料\标准格式样板\equipment\character\swordman\weapon\ssword\sswd_rshort.equ
命运之殇波刃骨剑,equipment,2,38,54600,0,26,weapon,,"swordman, creator mage",否,对人型怪敌人的伤害 +50 | 对不死族敌人的伤害 +50,DNF文件知识库\参考资料\标准格式样板\equipment\character\swordman\weapon\ssword\sswd_sadfate.equ
四辰斩邪剑,equipment,3,55,97600,0,41,weapon,,"swordman, creator mage",否,施放[鬼斩]、 [暗黑斩]、 [月光斩]、 [地裂·波动剑]、 [邪光斩]、 [暗影斩]、 [暗月斩]、 [暗影之矛]、 [暗影·波动剑]、 [冥光斩]、 [魅影暗魂斩]时， 有50%%的几率发动提升Lv5的该技能。 (无法超出该技能的Lv上限),DNF文件知识库\参考资料\标准格式样板\equipment\character\swordman\weapon\ssword\sswd_sajinchamsa.equ
雷鸣剑 - 坎亚,equipment,4,55,96000,0,17,weapon,,swordman,是,[冰霜之萨亚]范围 +30px |     攻击时， 有3%%的几率出现冰冻针刺。 (在决斗场中无效),DNF文件知识库\参考资料\标准格式样板\equipment\character\swordman\weapon\ssword\sswd_shabanteice.equ
戾波之尖啸,equipment,4,55,0,0,42,weapon,,"swordman, creator mage",是,[地裂·波动剑]伤害 +10%% | [冰刃·波动剑]伤害 +10%% | [爆炎·波动剑]伤害 +10%%,DNF文件知识库\参考资料\标准格式样板\equipment\character\swordman\weapon\ssword\sswd_shockwave.equ
短剑,equipment,1,10,10000,0,6,weapon,,"swordman, creator mage",否,,DNF文件知识库\参考资料\标准格式样板\equipment\character\swordman\weapon\ssword\sswd_short.equ
(古老) 艾米丽的银妆刀,equipment,2,32,47600,0,23,weapon,,"swordman, creator mage",否,对不死族敌人的攻击力 +150%%,DNF文件知识库\参考资料\标准格式样板\equipment\character\swordman\weapon\ssword\sswd_silveremilie.equ
(古老) 春阳融雪剑,equipment,2,22,33600,0,17,weapon,,"swordman, creator mage",是,攻击时， 有2%%的几率使敌人进入睡眠状态。 | 这时， 有5%%的几率使自身也进入睡眠状态并恢复100点HP。,DNF文件知识库\参考资料\标准格式样板\equipment\character\swordman\weapon\ssword\sswd_springfever.equ
圣鹰之剑,equipment,2,45,65800,0,30,weapon,,"swordman, creator mage",是,攻击时， 有2%%的几率使敌人进入混乱状态。,DNF文件知识库\参考资料\标准格式样板\equipment\character\swordman\weapon\ssword\sswd_steagle.equ
钢剑,equipment,1,14,14000,0,9,weapon,,"swordman, creator mage",否,,DNF文件知识库\参考资料\标准格式样板\equipment\character\swordman\weapon\ssword\sswd_steel.equ
泰拉石短剑,equipment,3,60,104000,0,49,weapon,,"swordman, creator mage",否,攻击时， 有1%%的几率使自身增加10%%的移动速度、 攻击速度和施放速度； 并减少自身10%%的装备防御力， 效果持续30秒。,DNF文件知识库\参考资料\标准格式样板\equipment\character\swordman\weapon\ssword\sswd_teranite.equ
(古老) 泰拉石短剑,equipment,3,60,104000,0,49,weapon,,"swordman, creator mage",否,攻击时， 有1%%的几率使自身增加10%%的移动速度、 攻击速度和施放速度； 并减少自身10%%的装备防御力， 效果持续30秒。,DNF文件知识库\参考资料\标准格式样板\equipment\character\swordman\weapon\ssword\sswd_teranite_up.equ
雷鸣剑 - 坎亚,equipment,4,55,99200,0,42,weapon,,"swordman, creator mage",否,攻击时， 有3%%的几率使敌人进入感电状态。 |     攻击时， 有3%%的几率出现闪电。 (在决斗场中无效),DNF文件知识库\参考资料\标准格式样板\equipment\character\swordman\weapon\ssword\sswd_thunderkanya.equ
(古老) 震波剑,equipment,2,38,56000,0,26,weapon,,"swordman, creator mage",是,攻击时， 有2%%的几率使敌人进入眩晕状态。,DNF文件知识库\参考资料\标准格式样板\equipment\character\swordman\weapon\ssword\sswd_ushock.equ
破旧的钢剑,equipment,0,14,9800,0,0,weapon,,"swordman, creator mage",否,,DNF文件知识库\参考资料\标准格式样板\equipment\character\swordman\weapon\ssword\sswd_usteel.equ
(古老) 丹砂剑,equipment,2,35,51800,0,24,weapon,,"swordman, creator mage",是,,DNF文件知识库\参考资料\标准格式样板\equipment\character\swordman\weapon\ssword\sswd_vermilion.equ
波动摄魔剑,equipment,2,60,86800,0,39,weapon,,"swordman, creator mage",是,攻击速度 +1%%,DNF文件知识库\参考资料\标准格式样板\equipment\character\swordman\weapon\ssword\sswd_waveattack.equ
(古老) 宽刃剑,equipment,1,42,42000,0,26,weapon,,"swordman, creator mage",否,,DNF文件知识库\参考资料\标准格式样板\equipment\character\swordman\weapon\ssword\xiphos.equ
(古老) 古老的宽刃剑,equipment,0,42,29400,0,0,weapon,,"swordman, creator mage",否,,DNF文件知识库\参考资料\标准格式样板\equipment\character\swordman\weapon\ssword\xiphos_old.equ
万剑归宗光环,equipment,0,1,0,130,130,aurora avatar,,all,是,最终伤害 +12%% |   |     穿戴后， 若要穿戴其他光环， 脱掉后需要小退一下才可以正常显示其他光环外观。,DNF文件知识库\参考资料\标准格式样板\equipment\character\swordman\avatar\aura\401590058.equ
绿色游标(男鬼剑士),equipment,0,1,0,0,0,aurora avatar,,swordman,否,,DNF文件知识库\参考资料\标准格式样板\equipment\character\swordman\avatar\aura\aura_2785023.equ
橘色游标(男鬼剑士),equipment,0,1,0,25,25,aurora avatar,,swordman,否,,DNF文件知识库\参考资料\标准格式样板\equipment\character\swordman\avatar\aura\aura_2785024.equ
仗剑万里行,equipment,0,1,0,100,100,aurora avatar,,all,是,,DNF文件知识库\参考资料\标准格式样板\equipment\character\swordman\avatar\aura\chn_401590101.equ
无形 : 奔流之势,equipment,0,1,0,150,150,aurora avatar,,all,是,最终伤害 +12%% | 技能攻击力 +10%%,DNF文件知识库\参考资料\标准格式样板\equipment\character\swordman\avatar\aura\chn_401590114.equ
龙族的威严 (男鬼剑士1),equipment,0,1,0,15,15,aurora avatar,,swordman,否,,DNF文件知识库\参考资料\标准格式样板\equipment\character\swordman\avatar\aura\chn_equ_special_avatar_swordman_aura_101590011.equ
龙族的威严 (男鬼剑士2),equipment,0,1,0,15,15,aurora avatar,,swordman,否,,DNF文件知识库\参考资料\标准格式样板\equipment\character\swordman\avatar\aura\chn_equ_special_avatar_swordman_aura_101590012.equ
龙族的威严 (男鬼剑士3),equipment,0,1,0,15,15,aurora avatar,,swordman,否,,DNF文件知识库\参考资料\标准格式样板\equipment\character\swordman\avatar\aura\chn_equ_special_avatar_swordman_aura_101590013.equ
龙族的威严 (男鬼剑士4),equipment,0,1,0,15,15,aurora avatar,,swordman,否,,DNF文件知识库\参考资料\标准格式样板\equipment\character\swordman\avatar\aura\chn_equ_special_avatar_swordman_aura_101590014.equ
妖精的加护 [彩虹剑],equipment,0,1,0,40,40,aurora avatar,,all,否,,DNF文件知识库\参考资料\标准格式样板\equipment\character\swordman\avatar\aura\chn_equ_special_avatar_swordman_aura_101590107.equ
皇室荣誉之光 1 (鬼剑士),equipment,0,1,0,0,0,aurora avatar,,swordman,否,,DNF文件知识库\参考资料\标准格式样板\equipment\character\swordman\avatar\aura\chn_equ_special_avatar_swordman_aura_2748000.equ
皇室荣誉之光 2 (鬼剑士),equipment,0,1,0,0,0,aurora avatar,,swordman,否,,DNF文件知识库\参考资料\标准格式样板\equipment\character\swordman\avatar\aura\chn_equ_special_avatar_swordman_aura_2748001.equ
皇室荣誉之光 3 (鬼剑士),equipment,0,1,0,0,0,aurora avatar,,swordman,否,,DNF文件知识库\参考资料\标准格式样板\equipment\character\swordman\avatar\aura\chn_equ_special_avatar_swordman_aura_2748002.equ
皇室荣誉之光 4 (鬼剑士),equipment,0,1,0,0,0,aurora avatar,,swordman,否,,DNF文件知识库\参考资料\标准格式样板\equipment\character\swordman\avatar\aura\chn_equ_special_avatar_swordman_aura_2748003.equ
坐骑 - 鬼剑士A,equipment,0,1,0,0,0,waist avatar,,swordman,否,,DNF文件知识库\参考资料\标准格式样板\equipment\character\swordman\avatar\belt\101531264.equ
坐骑 - 鬼剑士B,equipment,0,1,0,0,0,waist avatar,,swordman,否,,DNF文件知识库\参考资料\标准格式样板\equipment\character\swordman\avatar\belt\101531265.equ
坐骑 - 鬼剑士C,equipment,0,1,0,0,0,waist avatar,,swordman,否,,DNF文件知识库\参考资料\标准格式样板\equipment\character\swordman\avatar\belt\101531266.equ
怒海霸主红色佩剑,equipment,0,1,0,0,0,waist avatar,,swordman,否,,DNF文件知识库\参考资料\标准格式样板\equipment\character\swordman\avatar\belt\401530048.equ
怒海霸主黑色佩剑,equipment,0,1,0,0,0,waist avatar,,swordman,否,,DNF文件知识库\参考资料\标准格式样板\equipment\character\swordman\avatar\belt\401530049.equ
怒海霸主白色佩剑,equipment,0,1,0,0,0,waist avatar,,swordman,否,,DNF文件知识库\参考资料\标准格式样板\equipment\character\swordman\avatar\belt\401530050.equ
怒海霸主棕色佩剑,equipment,0,1,0,0,0,waist avatar,,swordman,否,,DNF文件知识库\参考资料\标准格式样板\equipment\character\swordman\avatar\belt\401530051.equ
剑神定风波腰带[A款],equipment,0,1,0,0,0,waist avatar,,swordman,否,,DNF文件知识库\参考资料\标准格式样板\equipment\character\swordman\avatar\belt\401530058.equ
剑神定风波腰带[B款],equipment,0,1,0,0,0,waist avatar,,swordman,否,,DNF文件知识库\参考资料\标准格式样板\equipment\character\swordman\avatar\belt\401530059.equ
剑神定风波腰带[C款],equipment,0,1,0,0,0,waist avatar,,swordman,否,,DNF文件知识库\参考资料\标准格式样板\equipment\character\swordman\avatar\belt\401530060.equ
剑神定风波腰带[D款],equipment,0,1,0,0,0,waist avatar,,swordman,否,,DNF文件知识库\参考资料\标准格式样板\equipment\character\swordman\avatar\belt\401530061.equ
瑞鼠律动红色腰饰 (鬼剑士),equipment,0,1,0,0,0,waist avatar,,swordman,否,,DNF文件知识库\参考资料\标准格式样板\equipment\character\swordman\avatar\belt\401530088.equ
瑞鼠律动蓝色腰饰 (鬼剑士),equipment,0,1,0,0,0,waist avatar,,swordman,否,,DNF文件知识库\参考资料\标准格式样板\equipment\character\swordman\avatar\belt\401530089.equ
神器克隆装扮腰部 (鬼剑士),equipment,3,1,0,0,0,waist avatar,,swordman,否,,DNF文件知识库\参考资料\标准格式样板\equipment\character\swordman\avatar\belt\401530110.equ
夜刀神斩苍长剑,equipment,0,1,0,0,0,waist avatar,,swordman,否,,DNF文件知识库\参考资料\标准格式样板\equipment\character\swordman\avatar\belt\401530130.equ
夜刀神斩冥长剑,equipment,0,1,0,0,0,waist avatar,,swordman,否,,DNF文件知识库\参考资料\标准格式样板\equipment\character\swordman\avatar\belt\401530131.equ
夜刀神斩炎长剑,equipment,0,1,0,0,0,waist avatar,,swordman,否,,DNF文件知识库\参考资料\标准格式样板\equipment\character\swordman\avatar\belt\401530132.equ
夜刀神斩梦长剑,equipment,0,1,0,0,0,waist avatar,,swordman,否,,DNF文件知识库\参考资料\标准格式样板\equipment\character\swordman\avatar\belt\401530133.equ
棕色幽灵猎人飞剑腰带,equipment,0,1,0,0,0,waist avatar,,swordman,否,,DNF文件知识库\参考资料\标准格式样板\equipment\character\swordman\avatar\belt\abelt_41585.equ
红色幽灵猎人飞剑腰带,equipment,0,1,0,0,0,waist avatar,,swordman,否,,DNF文件知识库\参考资料\标准格式样板\equipment\character\swordman\avatar\belt\abelt_41586.equ
紫色幽灵猎人飞剑腰带,equipment,0,1,0,0,0,waist avatar,,swordman,否,,DNF文件知识库\参考资料\标准格式样板\equipment\character\swordman\avatar\belt\abelt_41587.equ
蓝色幽灵猎人飞剑腰带,equipment,0,1,0,0,0,waist avatar,,swordman,否,,DNF文件知识库\参考资料\标准格式样板\equipment\character\swordman\avatar\belt\abelt_41588.equ
阿拉德儒生佩剑[A型],equipment,0,1,0,0,0,waist avatar,,swordman,否,,DNF文件知识库\参考资料\标准格式样板\equipment\character\swordman\avatar\belt\abelt_41599.equ
阿拉德儒生佩剑[B型],equipment,0,1,0,0,0,waist avatar,,swordman,否,,DNF文件知识库\参考资料\标准格式样板\equipment\character\swordman\avatar\belt\abelt_41600.equ
黑色剑斗士腰带,equipment,0,1,0,0,0,waist avatar,,swordman,否,,DNF文件知识库\参考资料\标准格式样板\equipment\character\swordman\avatar\belt\abelt_bkswordman.equ
褐色剑斗士腰带,equipment,0,1,0,0,0,waist avatar,,swordman,否,,DNF文件知识库\参考资料\标准格式样板\equipment\character\swordman\avatar\belt\abelt_brswordman.equ
沙褐色剑斗士腰带,equipment,0,1,0,0,0,waist avatar,,swordman,否,,DNF文件知识库\参考资料\标准格式样板\equipment\character\swordman\avatar\belt\abelt_sdbrswordman.equ
白色剑斗士腰带,equipment,0,1,0,0,0,waist avatar,,swordman,否,,DNF文件知识库\参考资料\标准格式样板\equipment\character\swordman\avatar\belt\abelt_wtswordman.equ
剑斗士青铜系扣腰带,equipment,0,1,0,0,0,waist avatar,,swordman,否,,DNF文件知识库\参考资料\标准格式样板\equipment\character\swordman\avatar\belt\abuckle_brswordman.equ
剑斗士黄金系扣腰带,equipment,0,1,0,0,0,waist avatar,,swordman,否,,DNF文件知识库\参考资料\标准格式样板\equipment\character\swordman\avatar\belt\abuckle_gdswordman.equ
剑斗士白银系扣腰带,equipment,0,1,0,0,0,waist avatar,,swordman,否,,DNF文件知识库\参考资料\标准格式样板\equipment\character\swordman\avatar\belt\abuckle_slswordman.equ
剑斗士钢铁系扣腰带,equipment,0,1,0,0,0,waist avatar,,swordman,否,,DNF文件知识库\参考资料\标准格式样板\equipment\character\swordman\avatar\belt\abuckle_stswordman.equ
深灰色铜制巨剑,equipment,0,1,0,0,0,waist avatar,,swordman,否,,DNF文件知识库\参考资料\标准格式样板\equipment\character\swordman\avatar\belt\agsword_dpgrbrass.equ
灰褐色铜制巨剑,equipment,0,1,0,0,0,waist avatar,,swordman,否,,DNF文件知识库\参考资料\标准格式样板\equipment\character\swordman\avatar\belt\agsword_gybrbrass.equ
浅灰色铜制巨剑,equipment,0,1,0,0,0,waist avatar,,swordman,否,,DNF文件知识库\参考资料\标准格式样板\equipment\character\swordman\avatar\belt\agsword_ltgybrass.equ
黄色铜制巨剑,equipment,0,1,0,0,0,waist avatar,,swordman,否,,DNF文件知识库\参考资料\标准格式样板\equipment\character\swordman\avatar\belt\agsword_ylbrass.equ
黑蓝色悬腰剑,equipment,0,1,0,0,0,waist avatar,,swordman,否,,DNF文件知识库\参考资料\标准格式样板\equipment\character\swordman\avatar\belt\aswd_bkblthree.equ
黑色悬腰剑,equipment,0,1,0,0,0,waist avatar,,swordman,否,,DNF文件知识库\参考资料\标准格式样板\equipment\character\swordman\avatar\belt\aswd_bkthree.equ
褐色悬腰剑,equipment,0,1,0,0,0,waist avatar,,swordman,否,,DNF文件知识库\参考资料\标准格式样板\equipment\character\swordman\avatar\belt\aswd_brthree.equ
紫罗兰色悬腰剑,equipment,0,1,0,0,0,waist avatar,,swordman,否,,DNF文件知识库\参考资料\标准格式样板\equipment\character\swordman\avatar\belt\aswd_vlthree.equ
克隆装扮腰部 (鬼剑士),equipment,0,1,0,0,0,waist avatar,,swordman,否,,DNF文件知识库\参考资料\标准格式样板\equipment\character\swordman\avatar\belt\awaist_clonesw.equ
稀有克隆装扮腰部 (鬼剑士),equipment,2,1,0,0,0,waist avatar,,swordman,否,,DNF文件知识库\参考资料\标准格式样板\equipment\character\swordman\avatar\belt\awaist_rareclonesw.equ
黄金克隆装扮腰部 (鬼剑士),equipment,4,1,0,0,0,waist avatar,,swordman,否,,DNF文件知识库\参考资料\标准格式样板\equipment\character\swordman\avatar\belt\awaist_rareclonesw_new.equ
小王子的佩剑,equipment,0,1,0,0,0,waist avatar,,swordman,否,,DNF文件知识库\参考资料\标准格式样板\equipment\character\swordman\avatar\belt\aweapon_arrogantprince.equ
极诣·剑影幻锋腰带[款式1],equipment,0,1,0,0,0,waist avatar,,swordman,否,,DNF文件知识库\参考资料\标准格式样板\equipment\character\swordman\avatar\belt\chn_2023_202330074.equ
极诣·剑影幻夜腰带[款式2],equipment,0,1,0,0,0,waist avatar,,swordman,否,,DNF文件知识库\参考资料\标准格式样板\equipment\character\swordman\avatar\belt\chn_2023_202330075.equ
极诣·剑影幻魂腰带[款式3],equipment,0,1,0,0,0,waist avatar,,swordman,否,,DNF文件知识库\参考资料\标准格式样板\equipment\character\swordman\avatar\belt\chn_2023_202330076.equ
极诣·剑影幻鸣腰带[款式4],equipment,0,1,0,0,0,waist avatar,,swordman,否,,DNF文件知识库\参考资料\标准格式样板\equipment\character\swordman\avatar\belt\chn_2023_202330077.equ
极诣·剑影幻舞腰带[银色款],equipment,0,1,0,0,0,waist avatar,,swordman,否,,DNF文件知识库\参考资料\标准格式样板\equipment\character\swordman\avatar\belt\chn_2023_202330078.equ
极诣·剑影幻剑腰带[金色款],equipment,0,1,0,0,0,waist avatar,,swordman,否,,DNF文件知识库\参考资料\标准格式样板\equipment\character\swordman\avatar\belt\chn_2023_202330079.equ
极诣·剑魂剑意腰饰[款式1],equipment,0,1,0,0,0,waist avatar,,swordman,否,,DNF文件知识库\参考资料\标准格式样板\equipment\character\swordman\avatar\belt\chn_2023_242330074.equ
极诣·剑魂剑气腰饰[款式2],equipment,0,1,0,0,0,waist avatar,,swordman,否,,DNF文件知识库\参考资料\标准格式样板\equipment\character\swordman\avatar\belt\chn_2023_242330075.equ
极诣·剑魂剑心腰饰[款式3],equipment,0,1,0,0,0,waist avatar,,swordman,否,,DNF文件知识库\参考资料\标准格式样板\equipment\character\swordman\avatar\belt\chn_2023_242330076.equ
极诣·剑魂剑胆腰饰[款式4],equipment,0,1,0,0,0,waist avatar,,swordman,否,,DNF文件知识库\参考资料\标准格式样板\equipment\character\swordman\avatar\belt\chn_2023_242330077.equ
极诣·剑魂剑诗腰饰[银色款],equipment,0,1,0,0,0,waist avatar,,swordman,否,,DNF文件知识库\参考资料\标准格式样板\equipment\character\swordman\avatar\belt\chn_2023_242330078.equ
极诣·剑魂剑星腰饰[金色款],equipment,0,1,0,0,0,waist avatar,,swordman,否,,DNF文件知识库\参考资料\标准格式样板\equipment\character\swordman\avatar\belt\chn_2023_242330079.equ
剑圣黄色腰带,equipment,0,1,0,0,0,waist avatar,,swordman,否,,DNF文件知识库\参考资料\标准格式样板\equipment\character\swordman\avatar\belt\chn_equ_1st_awakening_avatar_swordman_belt_101530653.equ
剑圣红色腰带,equipment,0,1,0,0,0,waist avatar,,swordman,否,,DNF文件知识库\参考资料\标准格式样板\equipment\character\swordman\avatar\belt\chn_equ_1st_awakening_avatar_swordman_belt_101530654.equ
剑圣金色腰带,equipment,0,1,0,0,0,waist avatar,,swordman,否,,DNF文件知识库\参考资料\标准格式样板\equipment\character\swordman\avatar\belt\chn_equ_1st_awakening_avatar_swordman_belt_101530655.equ
剑圣浅紫腰带,equipment,0,1,0,0,0,waist avatar,,swordman,否,,DNF文件知识库\参考资料\标准格式样板\equipment\character\swordman\avatar\belt\chn_equ_1st_awakening_avatar_swordman_belt_101530656.equ
黄色小熊公仔 (鬼剑),equipment,0,1,0,0,0,waist avatar,,swordman,否,,DNF文件知识库\参考资料\标准格式样板\equipment\character\swordman\avatar\belt\chn_equ_avatar_swordman_belt_2680111.equ
褐色小熊公仔 (鬼剑),equipment,0,1,0,0,0,waist avatar,,swordman,否,,DNF文件知识库\参考资料\标准格式样板\equipment\character\swordman\avatar\belt\chn_equ_avatar_swordman_belt_2680112.equ
白色小熊公仔 (鬼剑),equipment,0,1,0,0,0,waist avatar,,swordman,否,,DNF文件知识库\参考资料\标准格式样板\equipment\character\swordman\avatar\belt\chn_equ_avatar_swordman_belt_2680113.equ
黑色小熊公仔 (鬼剑),equipment,0,1,0,0,0,waist avatar,,swordman,否,,DNF文件知识库\参考资料\标准格式样板\equipment\character\swordman\avatar\belt\chn_equ_avatar_swordman_belt_2680114.equ
青绿色横纹剑士汗巾,equipment,0,1,0,0,0,waist avatar,,swordman,否,,DNF文件知识库\参考资料\标准格式样板\equipment\character\swordman\avatar\belt\chn_equ_avatar_swordman_belt_2684764.equ
紫色横纹剑士汗巾,equipment,0,1,0,0,0,waist avatar,,swordman,否,,DNF文件知识库\参考资料\标准格式样板\equipment\character\swordman\avatar\belt\chn_equ_avatar_swordman_belt_2684765.equ
灰色横纹剑士汗巾,equipment,0,1,0,0,0,waist avatar,,swordman,否,,DNF文件知识库\参考资料\标准格式样板\equipment\character\swordman\avatar\belt\chn_equ_avatar_swordman_belt_2684766.equ
红色横纹剑士汗巾,equipment,0,1,0,0,0,waist avatar,,swordman,否,,DNF文件知识库\参考资料\标准格式样板\equipment\character\swordman\avatar\belt\chn_equ_avatar_swordman_belt_2684767.equ
丹青回龙夕照长剑,equipment,2,1,0,0,0,waist avatar,,swordman,否,,DNF文件知识库\参考资料\标准格式样板\equipment\character\swordman\avatar\belt\chn_equ_rare_avatar_swordman_belt_101530518.equ
流金回龙夕照长剑,equipment,2,1,0,0,0,waist avatar,,swordman,否,,DNF文件知识库\参考资料\标准格式样板\equipment\character\swordman\avatar\belt\chn_equ_rare_avatar_swordman_belt_101530519.equ
混沌青龙之血佩剑,equipment,0,1,0,0,0,waist avatar,,swordman,否,,DNF文件知识库\参考资料\标准格式样板\equipment\character\swordman\avatar\belt\chn_equ_special_avatar_swordman_belt_101530500.equ
流光青龙之血佩剑,equipment,0,1,0,0,0,waist avatar,,swordman,否,,DNF文件知识库\参考资料\标准格式样板\equipment\character\swordman\avatar\belt\chn_equ_special_avatar_swordman_belt_101530501.equ
银色圣剑骑士腰甲,equipment,0,1,0,0,0,waist avatar,,swordman,否,,DNF文件知识库\参考资料\标准格式样板\equipment\character\swordman\avatar\belt\chn_equ_special_avatar_swordman_belt_101530578.equ
金色圣剑骑士腰甲,equipment,0,1,0,0,0,waist avatar,,swordman,否,,DNF文件知识库\参考资料\标准格式样板\equipment\character\swordman\avatar\belt\chn_equ_special_avatar_swordman_belt_101530579.equ
蓝色圣剑骑士腰甲,equipment,0,1,0,0,0,waist avatar,,swordman,否,,DNF文件知识库\参考资料\标准格式样板\equipment\character\swordman\avatar\belt\chn_equ_special_avatar_swordman_belt_101530580.equ
黑色圣剑骑士腰甲,equipment,0,1,0,0,0,waist avatar,,swordman,否,,DNF文件知识库\参考资料\标准格式样板\equipment\character\swordman\avatar\belt\chn_equ_special_avatar_swordman_belt_101530581.equ
海军风情白色剑鞘,equipment,0,1,0,0,0,waist avatar,,swordman,否,,DNF文件知识库\参考资料\标准格式样板\equipment\character\swordman\avatar\belt\chn_equ_special_avatar_swordman_belt_101530603.equ
海军风情黑色剑鞘,equipment,0,1,0,0,0,waist avatar,,swordman,否,,DNF文件知识库\参考资料\标准格式样板\equipment\character\swordman\avatar\belt\chn_equ_special_avatar_swordman_belt_101530604.equ
海军风情红色剑鞘,equipment,0,1,0,0,0,waist avatar,,swordman,否,,DNF文件知识库\参考资料\标准格式样板\equipment\character\swordman\avatar\belt\chn_equ_special_avatar_swordman_belt_101530605.equ
海军风情绿色剑鞘,equipment,0,1,0,0,0,waist avatar,,swordman,否,,DNF文件知识库\参考资料\标准格式样板\equipment\character\swordman\avatar\belt\chn_equ_special_avatar_swordman_belt_101530606.equ
剑客的红色勇猛腰甲,equipment,0,1,0,0,0,waist avatar,,swordman,否,,DNF文件知识库\参考资料\标准格式样板\equipment\character\swordman\avatar\belt\chn_equ_special_avatar_swordman_belt_2684800.equ
剑客的黑色勇猛腰甲,equipment,0,1,0,0,0,waist avatar,,swordman,否,,DNF文件知识库\参考资料\标准格式样板\equipment\character\swordman\avatar\belt\chn_equ_special_avatar_swordman_belt_2684801.equ
剑客的蓝色勇猛腰甲,equipment,0,1,0,0,0,waist avatar,,swordman,否,,DNF文件知识库\参考资料\标准格式样板\equipment\character\swordman\avatar\belt\chn_equ_special_avatar_swordman_belt_2684802.equ
剑客的紫色勇猛腰甲,equipment,0,1,0,0,0,waist avatar,,swordman,否,,DNF文件知识库\参考资料\标准格式样板\equipment\character\swordman\avatar\belt\chn_equ_special_avatar_swordman_belt_2684803.equ
褐色猎鹰风暴腰带,equipment,0,1,0,0,0,waist avatar,,swordman,否,,DNF文件知识库\参考资料\标准格式样板\equipment\character\swordman\avatar\belt\chn_equ_special_avatar_swordman_belt_2684817.equ
黑色猎鹰风暴腰带,equipment,0,1,0,0,0,waist avatar,,swordman,否,,DNF文件知识库\参考资料\标准格式样板\equipment\character\swordman\avatar\belt\chn_equ_special_avatar_swordman_belt_2684818.equ
蓝色猎鹰风暴腰带,equipment,0,1,0,0,0,waist avatar,,swordman,否,,DNF文件知识库\参考资料\标准格式样板\equipment\character\swordman\avatar\belt\chn_equ_special_avatar_swordman_belt_2684819.equ
紫色猎鹰风暴腰带,equipment,0,1,0,0,0,waist avatar,,swordman,否,,DNF文件知识库\参考资料\标准格式样板\equipment\character\swordman\avatar\belt\chn_equ_special_avatar_swordman_belt_2684820.equ
邪龙斯皮兹的紫色佩剑,equipment,0,1,0,0,0,waist avatar,,swordman,否,,DNF文件知识库\参考资料\标准格式样板\equipment\character\swordman\avatar\belt\chn_equ_special_avatar_swordman_belt_2684833.equ
邪龙斯皮兹的红色佩剑,equipment,0,1,0,0,0,waist avatar,,swordman,否,,DNF文件知识库\参考资料\标准格式样板\equipment\character\swordman\avatar\belt\chn_equ_special_avatar_swordman_belt_2684834.equ
黑色鬼影骑士佩剑,equipment,0,1,0,0,0,waist avatar,,swordman,否,,DNF文件知识库\参考资料\标准格式样板\equipment\character\swordman\avatar\belt\chn_equ_special_avatar_swordman_belt_2684873.equ
棕色鬼影骑士佩剑,equipment,0,1,0,0,0,waist avatar,,swordman,否,,DNF文件知识库\参考资料\标准格式样板\equipment\character\swordman\avatar\belt\chn_equ_special_avatar_swordman_belt_2684874.equ
蓝色鬼影骑士佩剑,equipment,0,1,0,0,0,waist avatar,,swordman,否,,DNF文件知识库\参考资料\标准格式样板\equipment\character\swordman\avatar\belt\chn_equ_special_avatar_swordman_belt_2684875.equ
青色鬼影骑士佩剑,equipment,0,1,0,0,0,waist avatar,,swordman,否,,DNF文件知识库\参考资料\标准格式样板\equipment\character\swordman\avatar\belt\chn_equ_special_avatar_swordman_belt_2684876.equ
莱因哈鲁特的龙剑雷德,equipment,0,1,0,0,0,waist avatar,,swordman,否,,DNF文件知识库\参考资料\标准格式样板\equipment\character\swordman\avatar\belt\chn_equ_special_avatar_swordman_belt_401530019.equ
银色追魂剑客腰带,equipment,0,1,0,0,0,waist avatar,,swordman,否,,DNF文件知识库\参考资料\标准格式样板\equipment\character\swordman\avatar\belt\chn_equ_upper_avatar_swordman_belt_101530486.equ
金色追魂剑客腰带,equipment,0,1,0,0,0,waist avatar,,swordman,否,,DNF文件知识库\参考资料\标准格式样板\equipment\character\swordman\avatar\belt\chn_equ_upper_avatar_swordman_belt_101530487.equ
黑色追魂剑客腰带,equipment,0,1,0,0,0,waist avatar,,swordman,否,,DNF文件知识库\参考资料\标准格式样板\equipment\character\swordman\avatar\belt\chn_equ_upper_avatar_swordman_belt_101530488.equ
蓝色追魂剑客腰带,equipment,0,1,0,0,0,waist avatar,,swordman,否,,DNF文件知识库\参考资料\标准格式样板\equipment\character\swordman\avatar\belt\chn_equ_upper_avatar_swordman_belt_101530489.equ
透明礼服腰带(男鬼剑士),equipment,0,1,0,0,0,waist avatar,,swordman,否,,DNF文件知识库\参考资料\标准格式样板\equipment\character\swordman\avatar\belt\chn_equ_upper_avatar_swordman_belt_101530499.equ
青面兽的红色饰剑腰甲,equipment,0,1,0,0,0,waist avatar,,swordman,否,,DNF文件知识库\参考资料\标准格式样板\equipment\character\swordman\avatar\belt\chn_equ_upper_avatar_swordman_belt_2684772.equ
青面兽的黑色饰剑腰甲,equipment,0,1,0,0,0,waist avatar,,swordman,否,,DNF文件知识库\参考资料\标准格式样板\equipment\character\swordman\avatar\belt\chn_equ_upper_avatar_swordman_belt_2684773.equ
青面兽的金色饰剑腰甲,equipment,0,1,0,0,0,waist avatar,,swordman,否,,DNF文件知识库\参考资料\标准格式样板\equipment\character\swordman\avatar\belt\chn_equ_upper_avatar_swordman_belt_2684774.equ
青面兽的紫色饰剑腰甲,equipment,0,1,0,0,0,waist avatar,,swordman,否,,DNF文件知识库\参考资料\标准格式样板\equipment\character\swordman\avatar\belt\chn_equ_upper_avatar_swordman_belt_2684775.equ
绿色西部奇侠佩剑,equipment,0,1,0,0,0,waist avatar,,swordman,否,,DNF文件知识库\参考资料\标准格式样板\equipment\character\swordman\avatar\belt\chn_equ_upper_avatar_swordman_belt_2684877.equ
红色西部奇侠佩剑,equipment,0,1,0,0,0,waist avatar,,swordman,否,,DNF文件知识库\参考资料\标准格式样板\equipment\character\swordman\avatar\belt\chn_equ_upper_avatar_swordman_belt_2684878.equ
金色西部奇侠佩剑,equipment,0,1,0,0,0,waist avatar,,swordman,否,,DNF文件知识库\参考资料\标准格式样板\equipment\character\swordman\avatar\belt\chn_equ_upper_avatar_swordman_belt_2684879.equ
蓝色西部奇侠佩剑,equipment,0,1,0,0,0,waist avatar,,swordman,否,,DNF文件知识库\参考资料\标准格式样板\equipment\character\swordman\avatar\belt\chn_equ_upper_avatar_swordman_belt_2684880.equ
黑蓝色悬腰剑 (Event),equipment,0,1,21000,0,0,waist avatar,,swordman,否,,DNF文件知识库\参考资料\标准格式样板\equipment\character\swordman\avatar\belt\goldaswd_bkblthree.equ
黑色悬腰剑 (Event),equipment,0,1,21000,0,0,waist avatar,,swordman,否,,DNF文件知识库\参考资料\标准格式样板\equipment\character\swordman\avatar\belt\goldaswd_bkthree.equ
褐色悬腰剑 (Event),equipment,0,1,21000,0,0,waist avatar,,swordman,否,,DNF文件知识库\参考资料\标准格式样板\equipment\character\swordman\avatar\belt\goldaswd_brthree.equ
紫罗兰色悬腰剑 (Event),equipment,0,1,21000,0,0,waist avatar,,swordman,否,,DNF文件知识库\参考资料\标准格式样板\equipment\character\swordman\avatar\belt\goldaswd_vlthree.equ
11周年欢庆熊猫 [男鬼剑士],equipment,0,1,0,0,0,hat avatar,,swordman,否,,DNF文件知识库\参考资料\标准格式样板\equipment\character\swordman\avatar\cap\401550099.equ
土罐帽子 [男鬼剑士],equipment,0,1,0,0,0,hat avatar,,swordman,否,,DNF文件知识库\参考资料\标准格式样板\equipment\character\swordman\avatar\cap\401550121.equ
剑神定风波头饰[A款],equipment,0,1,0,0,0,hat avatar,,swordman,否,,DNF文件知识库\参考资料\标准格式样板\equipment\character\swordman\avatar\cap\401550132.equ
剑神定风波头饰[B款],equipment,0,1,0,0,0,hat avatar,,swordman,否,,DNF文件知识库\参考资料\标准格式样板\equipment\character\swordman\avatar\cap\401550133.equ
剑神定风波头饰[C款],equipment,0,1,0,0,0,hat avatar,,swordman,否,,DNF文件知识库\参考资料\标准格式样板\equipment\character\swordman\avatar\cap\401550134.equ
剑神定风波头饰[D款],equipment,0,1,0,0,0,hat avatar,,swordman,否,,DNF文件知识库\参考资料\标准格式样板\equipment\character\swordman\avatar\cap\401550135.equ
瑞鼠律动红色帽子 (鬼剑士),equipment,0,1,0,0,0,hat avatar,,swordman,否,,DNF文件知识库\参考资料\标准格式样板\equipment\character\swordman\avatar\cap\401550169.equ
瑞鼠律动蓝色帽子 (鬼剑士),equipment,0,1,0,0,0,hat avatar,,swordman,否,,DNF文件知识库\参考资料\标准格式样板\equipment\character\swordman\avatar\cap\401550170.equ
白羊座卡莉尔的帽子(鬼剑士(男)/黑暗武士),equipment,0,1,0,0,0,hat avatar,,swordman,否,,DNF文件知识库\参考资料\标准格式样板\equipment\character\swordman\avatar\cap\401550181.equ
神器克隆装扮帽子 (鬼剑士),equipment,3,1,0,0,0,hat avatar,,swordman,否,,DNF文件知识库\参考资料\标准格式样板\equipment\character\swordman\avatar\cap\401550201.equ
酷萌冷兔头套 (男鬼剑士),equipment,0,1,0,0,0,hat avatar,,swordman,否,,DNF文件知识库\参考资料\标准格式样板\equipment\character\swordman\avatar\cap\808097.equ
万圣节捣蛋大王头套 (男鬼剑士),equipment,0,1,0,15,15,hat avatar,,swordman,否,,DNF文件知识库\参考资料\标准格式样板\equipment\character\swordman\avatar\cap\900008.equ
克隆装扮帽子 (鬼剑士),equipment,0,1,0,0,0,hat avatar,,swordman,否,,DNF文件知识库\参考资料\标准格式样板\equipment\character\swordman\avatar\cap\acap_clonesw.equ
稀有克隆装扮帽子 (鬼剑士),equipment,2,1,0,0,0,hat avatar,,swordman,否,,DNF文件知识库\参考资料\标准格式样板\equipment\character\swordman\avatar\cap\acap_rareclonesw.equ
黄金克隆装扮帽子 (鬼剑士),equipment,4,1,0,0,0,hat avatar,,swordman,否,,DNF文件知识库\参考资料\标准格式样板\equipment\character\swordman\avatar\cap\acap_rareclonesw_new.equ
黄金罐子帽子-男鬼剑士,equipment,0,1,0,0,0,hat avatar,,swordman,否,,DNF文件知识库\参考资料\标准格式样板\equipment\character\swordman\avatar\cap\ahat_39178.equ
闪亮的罐子帽子-男鬼剑士,equipment,0,1,0,0,0,hat avatar,,swordman,否,,DNF文件知识库\参考资料\标准格式样板\equipment\character\swordman\avatar\cap\ahat_39179.equ
华丽的罐子帽子-男鬼剑士,equipment,0,1,0,0,0,hat avatar,,swordman,否,,DNF文件知识库\参考资料\标准格式样板\equipment\character\swordman\avatar\cap\ahat_39180.equ
火罐的头盔(鬼剑士),equipment,0,11,0,0,0,hat avatar,,swordman,否,,DNF文件知识库\参考资料\标准格式样板\equipment\character\swordman\avatar\cap\ahat_39181.equ
土罐的头盔(鬼剑士),equipment,0,1,0,0,0,hat avatar,,swordman,否,,DNF文件知识库\参考资料\标准格式样板\equipment\character\swordman\avatar\cap\ahat_39182.equ
木罐的头盔(鬼剑士),equipment,0,21,0,0,0,hat avatar,,swordman,否,,DNF文件知识库\参考资料\标准格式样板\equipment\character\swordman\avatar\cap\ahat_39183.equ
水罐的头盔 (鬼剑士),equipment,0,31,0,0,0,hat avatar,,swordman,否,,DNF文件知识库\参考资料\标准格式样板\equipment\character\swordman\avatar\cap\ahat_39184.equ
金罐的头盔 (鬼剑士),equipment,0,41,0,0,0,hat avatar,,swordman,否,,DNF文件知识库\参考资料\标准格式样板\equipment\character\swordman\avatar\cap\ahat_39185.equ
童话剑士的红色飞行帽,equipment,0,1,0,0,15,hat avatar,,swordman,否,,DNF文件知识库\参考资料\标准格式样板\equipment\character\swordman\avatar\cap\ahat_39218.equ
童话剑士的黑色飞行帽,equipment,0,1,0,0,15,hat avatar,,swordman,否,,DNF文件知识库\参考资料\标准格式样板\equipment\character\swordman\avatar\cap\ahat_39219.equ
蓝色夏日酷感鸭舌帽,equipment,0,1,0,0,0,hat avatar,,swordman,否,,DNF文件知识库\参考资料\标准格式样板\equipment\character\swordman\avatar\cap\ahat_39273.equ
黑色夏日酷感鸭舌帽,equipment,0,1,0,0,0,hat avatar,,swordman,否,,DNF文件知识库\参考资料\标准格式样板\equipment\character\swordman\avatar\cap\ahat_39274.equ
棕色夏日酷感遮阳帽,equipment,0,1,0,0,0,hat avatar,,swordman,否,,DNF文件知识库\参考资料\标准格式样板\equipment\character\swordman\avatar\cap\ahat_39275.equ
白色夏日酷感遮阳帽,equipment,0,1,0,0,0,hat avatar,,swordman,否,,DNF文件知识库\参考资料\标准格式样板\equipment\character\swordman\avatar\cap\ahat_39276.equ
稀有克隆装扮帽子 (鬼剑士),equipment,0,1,0,0,0,hat avatar,,swordman,否,,DNF文件知识库\参考资料\标准格式样板\equipment\character\swordman\avatar\cap\ahat_42601.equ
克隆装扮头部 (鬼剑士),equipment,0,1,0,0,0,hat avatar,,swordman,否,,DNF文件知识库\参考资料\标准格式样板\equipment\character\swordman\avatar\cap\ahat_42602.equ
鬼剑士基本帽,equipment,0,0,0,0,0,hat avatar,,swordman,否,,DNF文件知识库\参考资料\标准格式样板\equipment\character\swordman\avatar\cap\ahat_default.equ
剑斗士青铜头盔,equipment,0,1,0,0,0,hat avatar,,swordman,否,,DNF文件知识库\参考资料\标准格式样板\equipment\character\swordman\avatar\cap\ahelm_bzswordman.equ
剑斗士黄金头盔,equipment,0,1,0,0,0,hat avatar,,swordman,否,,DNF文件知识库\参考资料\标准格式样板\equipment\character\swordman\avatar\cap\ahelm_gdswordman.equ
剑斗士白银头盔,equipment,0,1,0,0,0,hat avatar,,swordman,否,,DNF文件知识库\参考资料\标准格式样板\equipment\character\swordman\avatar\cap\ahelm_slswordman.equ
剑斗士钢铁头盔,equipment,0,1,0,0,0,hat avatar,,swordman,否,,DNF文件知识库\参考资料\标准格式样板\equipment\character\swordman\avatar\cap\ahelm_stswordman.equ
翡翠色鬼剑杰克南瓜头,equipment,0,1,0,0,0,hat avatar,,swordman,否,,DNF文件知识库\参考资料\标准格式样板\equipment\character\swordman\avatar\cap\apumpkin_emhalloweensw2007.equ
金质的万圣节南瓜头饰 (鬼剑士),equipment,0,45,0,0,0,hat avatar,,swordman,否,,DNF文件知识库\参考资料\标准格式样板\equipment\character\swordman\avatar\cap\apumpkin_gdhalloweensm.equ
金黄色鬼剑杰克南瓜头,equipment,0,1,0,0,0,hat avatar,,swordman,否,,DNF文件知识库\参考资料\标准格式样板\equipment\character\swordman\avatar\cap\apumpkin_gdhalloweensw2007.equ
亮橙色鬼剑杰克南瓜头,equipment,0,1,0,30,30,hat avatar,,swordman,否,,DNF文件知识库\参考资料\标准格式样板\equipment\character\swordman\avatar\cap\apumpkin_prbhalloweensw2007.equ
青涩的万圣节南瓜头饰 (鬼剑士),equipment,0,0,0,0,0,hat avatar,,swordman,否,,DNF文件知识库\参考资料\标准格式样板\equipment\character\swordman\avatar\cap\apumpkin_rarehalloweensm.equ
金黄的万圣节南瓜头饰 (鬼剑士),equipment,0,1,0,0,0,hat avatar,,swordman,否,,DNF文件知识库\参考资料\标准格式样板\equipment\character\swordman\avatar\cap\apumpkin_wellhalloweensm.equ
杏色吉祥猪面具 (鬼剑士),equipment,0,1,0,0,0,hat avatar,,swordman,否,,DNF文件知识库\参考资料\标准格式样板\equipment\character\swordman\avatar\cap\asmask_apfortunepig.equ
金色吉祥猪面具 (鬼剑士),equipment,0,1,0,0,0,hat avatar,,swordman,否,,DNF文件知识库\参考资料\标准格式样板\equipment\character\swordman\avatar\cap\asmask_gdfortunepig.equ
粉红色吉祥猪面具 (鬼剑士),equipment,0,1,0,0,0,hat avatar,,swordman,否,,DNF文件知识库\参考资料\标准格式样板\equipment\character\swordman\avatar\cap\asmask_pkfortunepig.equ
极诣·剑影幻夜假面[款式1],equipment,0,1,0,0,0,hat avatar,,swordman,否,,DNF文件知识库\参考资料\标准格式样板\equipment\character\swordman\avatar\cap\chn_2023_202350148.equ
极诣·剑影幻夜假面[款式2],equipment,0,1,0,0,0,hat avatar,,swordman,否,,DNF文件知识库\参考资料\标准格式样板\equipment\character\swordman\avatar\cap\chn_2023_202350149.equ
极诣·剑影幻魂假面[款式3],equipment,0,1,0,0,0,hat avatar,,swordman,否,,DNF文件知识库\参考资料\标准格式样板\equipment\character\swordman\avatar\cap\chn_2023_202350150.equ
极诣·剑影幻鸣假面[款式4],equipment,0,1,0,0,0,hat avatar,,swordman,否,,DNF文件知识库\参考资料\标准格式样板\equipment\character\swordman\avatar\cap\chn_2023_202350151.equ
极诣·剑影幻舞假面[银色款],equipment,0,1,0,0,0,hat avatar,,swordman,否,,DNF文件知识库\参考资料\标准格式样板\equipment\character\swordman\avatar\cap\chn_2023_202350152.equ
极诣·剑影幻剑假面[金色款],equipment,0,1,0,0,0,hat avatar,,swordman,否,,DNF文件知识库\参考资料\标准格式样板\equipment\character\swordman\avatar\cap\chn_2023_202350153.equ
极诣·剑魂剑意斗笠[款式1],equipment,0,1,0,0,0,hat avatar,,swordman,否,,DNF文件知识库\参考资料\标准格式样板\equipment\character\swordman\avatar\cap\chn_2023_242350148.equ
极诣·剑魂剑气斗笠[款式2],equipment,0,1,0,0,0,hat avatar,,swordman,否,,DNF文件知识库\参考资料\标准格式样板\equipment\character\swordman\avatar\cap\chn_2023_242350149.equ
极诣·剑魂剑心斗笠[款式3],equipment,0,1,0,0,0,hat avatar,,swordman,否,,DNF文件知识库\参考资料\标准格式样板\equipment\character\swordman\avatar\cap\chn_2023_242350150.equ
极诣·剑魂剑胆斗笠[款式4],equipment,0,1,0,0,0,hat avatar,,swordman,否,,DNF文件知识库\参考资料\标准格式样板\equipment\character\swordman\avatar\cap\chn_2023_242350151.equ
极诣·剑魂剑诗斗笠[银色款],equipment,0,1,0,0,0,hat avatar,,swordman,否,,DNF文件知识库\参考资料\标准格式样板\equipment\character\swordman\avatar\cap\chn_2023_242350152.equ
极诣·剑魂剑星斗笠[金色款],equipment,0,1,0,0,0,hat avatar,,swordman,否,,DNF文件知识库\参考资料\标准格式样板\equipment\character\swordman\avatar\cap\chn_2023_242350153.equ
剑圣蓝色护额,equipment,0,1,0,0,0,hat avatar,,swordman,否,,DNF文件知识库\参考资料\标准格式样板\equipment\character\swordman\avatar\cap\chn_equ_1st_awakening_avatar_swordman_cap_401550048.equ
剑圣红色护额,equipment,0,1,0,0,0,hat avatar,,swordman,否,,DNF文件知识库\参考资料\标准格式样板\equipment\character\swordman\avatar\cap\chn_equ_1st_awakening_avatar_swordman_cap_401550049.equ
剑圣黑色护额,equipment,0,1,0,0,0,hat avatar,,swordman,否,,DNF文件知识库\参考资料\标准格式样板\equipment\character\swordman\avatar\cap\chn_equ_1st_awakening_avatar_swordman_cap_401550050.equ
剑圣墨青护额,equipment,0,1,0,0,0,hat avatar,,swordman,否,,DNF文件知识库\参考资料\标准格式样板\equipment\character\swordman\avatar\cap\chn_equ_1st_awakening_avatar_swordman_cap_401550051.equ
黄色熊耳发卡 (鬼剑),equipment,0,1,0,0,0,hat avatar,,swordman,否,,DNF文件知识库\参考资料\标准格式样板\equipment\character\swordman\avatar\cap\chn_equ_avatar_swordman_cap_2680087.equ
褐色熊耳发卡 (鬼剑),equipment,0,1,0,0,0,hat avatar,,swordman,否,,DNF文件知识库\参考资料\标准格式样板\equipment\character\swordman\avatar\cap\chn_equ_avatar_swordman_cap_2680088.equ
白色熊耳发卡 (鬼剑),equipment,0,1,0,0,0,hat avatar,,swordman,否,,DNF文件知识库\参考资料\标准格式样板\equipment\character\swordman\avatar\cap\chn_equ_avatar_swordman_cap_2680089.equ
黑色熊耳发卡 (鬼剑),equipment,0,1,0,0,0,hat avatar,,swordman,否,,DNF文件知识库\参考资料\标准格式样板\equipment\character\swordman\avatar\cap\chn_equ_avatar_swordman_cap_2680090.equ
蓝色剑术学院头带,equipment,0,1,0,0,0,hat avatar,,swordman,否,,DNF文件知识库\参考资料\标准格式样板\equipment\character\swordman\avatar\cap\chn_equ_avatar_swordman_cap_2684029.equ
深蓝剑术学院头带,equipment,0,1,0,0,0,hat avatar,,swordman,否,,DNF文件知识库\参考资料\标准格式样板\equipment\character\swordman\avatar\cap\chn_equ_avatar_swordman_cap_2684030.equ
红色剑术学院头带,equipment,0,1,0,0,0,hat avatar,,swordman,否,,DNF文件知识库\参考资料\标准格式样板\equipment\character\swordman\avatar\cap\chn_equ_avatar_swordman_cap_2684031.equ
黑色剑术学院头带,equipment,0,1,0,0,0,hat avatar,,swordman,否,,DNF文件知识库\参考资料\标准格式样板\equipment\character\swordman\avatar\cap\chn_equ_avatar_swordman_cap_2684032.equ
鬼剑士的嫩苗发夹,equipment,0,1,0,0,0,hat avatar,,swordman,否,,DNF文件知识库\参考资料\标准格式样板\equipment\character\swordman\avatar\cap\chn_equ_special_avatar_swordman_cap_101550642.equ
金色圣剑骑士王冠,equipment,0,1,0,0,0,hat avatar,,swordman,否,,DNF文件知识库\参考资料\标准格式样板\equipment\character\swordman\avatar\cap\chn_equ_special_avatar_swordman_cap_101550660.equ
黄色圣剑骑士王冠,equipment,0,1,0,0,0,hat avatar,,swordman,否,,DNF文件知识库\参考资料\标准格式样板\equipment\character\swordman\avatar\cap\chn_equ_special_avatar_swordman_cap_101550661.equ
银色圣剑骑士王冠,equipment,0,1,0,0,0,hat avatar,,swordman,否,,DNF文件知识库\参考资料\标准格式样板\equipment\character\swordman\avatar\cap\chn_equ_special_avatar_swordman_cap_101550662.equ
黑色圣剑骑士王冠,equipment,0,1,0,0,0,hat avatar,,swordman,否,,DNF文件知识库\参考资料\标准格式样板\equipment\character\swordman\avatar\cap\chn_equ_special_avatar_swordman_cap_101550663.equ
鬼剑士的像素帽子,equipment,0,1,0,15,15,hat avatar,,swordman,否,,DNF文件知识库\参考资料\标准格式样板\equipment\character\swordman\avatar\cap\chn_equ_special_avatar_swordman_cap_101550679.equ
闪瞎眼的秃头[男鬼剑士],equipment,0,1,0,0,0,hat avatar,,swordman,否,,DNF文件知识库\参考资料\标准格式样板\equipment\character\swordman\avatar\cap\chn_equ_special_avatar_swordman_cap_101550690.equ
表情像素头（鬼剑士）,equipment,3,1,0,0,0,hat avatar,,swordman,否,,DNF文件知识库\参考资料\标准格式样板\equipment\character\swordman\avatar\cap\chn_equ_special_avatar_swordman_cap_2021122117.equ
剑客的金色勇猛头盔,equipment,0,1,0,0,0,hat avatar,,swordman,否,,DNF文件知识库\参考资料\标准格式样板\equipment\character\swordman\avatar\cap\chn_equ_special_avatar_swordman_cap_2684020.equ
剑客的红色勇猛头盔,equipment,0,1,0,0,0,hat avatar,,swordman,否,,DNF文件知识库\参考资料\标准格式样板\equipment\character\swordman\avatar\cap\chn_equ_special_avatar_swordman_cap_2684021.equ
剑客的蓝色勇猛头盔,equipment,0,1,0,0,0,hat avatar,,swordman,否,,DNF文件知识库\参考资料\标准格式样板\equipment\character\swordman\avatar\cap\chn_equ_special_avatar_swordman_cap_2684022.equ
剑客的白色勇猛头盔,equipment,0,1,0,0,0,hat avatar,,swordman,否,,DNF文件知识库\参考资料\标准格式样板\equipment\character\swordman\avatar\cap\chn_equ_special_avatar_swordman_cap_2684023.equ
黑色猎鹰风暴军帽,equipment,0,1,0,0,0,hat avatar,,swordman,否,,DNF文件知识库\参考资料\标准格式样板\equipment\character\swordman\avatar\cap\chn_equ_special_avatar_swordman_cap_2684038.equ
红色猎鹰风暴军帽,equipment,0,1,0,0,0,hat avatar,,swordman,否,,DNF文件知识库\参考资料\标准格式样板\equipment\character\swordman\avatar\cap\chn_equ_special_avatar_swordman_cap_2684039.equ
白色猎鹰风暴军帽,equipment,0,1,0,0,0,hat avatar,,swordman,否,,DNF文件知识库\参考资料\标准格式样板\equipment\character\swordman\avatar\cap\chn_equ_special_avatar_swordman_cap_2684040.equ
蓝色猎鹰风暴军帽,equipment,0,1,0,0,0,hat avatar,,swordman,否,,DNF文件知识库\参考资料\标准格式样板\equipment\character\swordman\avatar\cap\chn_equ_special_avatar_swordman_cap_2684041.equ
黑色鬼影骑士礼帽,equipment,0,1,0,0,0,hat avatar,,swordman,否,,DNF文件知识库\参考资料\标准格式样板\equipment\character\swordman\avatar\cap\chn_equ_special_avatar_swordman_cap_2684106.equ
红色鬼影骑士礼帽,equipment,0,1,0,0,0,hat avatar,,swordman,否,,DNF文件知识库\参考资料\标准格式样板\equipment\character\swordman\avatar\cap\chn_equ_special_avatar_swordman_cap_2684107.equ
蓝色鬼影骑士礼帽,equipment,0,1,0,0,0,hat avatar,,swordman,否,,DNF文件知识库\参考资料\标准格式样板\equipment\character\swordman\avatar\cap\chn_equ_special_avatar_swordman_cap_2684108.equ
青色鬼影骑士礼帽,equipment,0,1,0,0,0,hat avatar,,swordman,否,,DNF文件知识库\参考资料\标准格式样板\equipment\character\swordman\avatar\cap\chn_equ_special_avatar_swordman_cap_2684109.equ
鱼人头套装扮 (鬼剑士),equipment,0,1,0,0,0,hat avatar,,swordman,否,,DNF文件知识库\参考资料\标准格式样板\equipment\character\swordman\avatar\cap\chn_equ_special_avatar_swordman_cap_401550003.equ
剑神的像素帽子,equipment,0,1,0,0,0,hat avatar,,swordman,否,,DNF文件知识库\参考资料\标准格式样板\equipment\character\swordman\avatar\cap\chn_equ_special_avatar_swordman_cap_401550077.equ
黑色追魂剑客护额,equipment,0,1,0,0,0,hat avatar,,swordman,否,,DNF文件知识库\参考资料\标准格式样板\equipment\character\swordman\avatar\cap\chn_equ_upper_avatar_swordman_cap_101550543.equ
棕色追魂剑客护额,equipment,0,1,0,0,0,hat avatar,,swordman,否,,DNF文件知识库\参考资料\标准格式样板\equipment\character\swordman\avatar\cap\chn_equ_upper_avatar_swordman_cap_101550544.equ
红色追魂剑客护额,equipment,0,1,0,0,0,hat avatar,,swordman,否,,DNF文件知识库\参考资料\标准格式样板\equipment\character\swordman\avatar\cap\chn_equ_upper_avatar_swordman_cap_101550545.equ
蓝色追魂剑客护额,equipment,0,1,0,0,0,hat avatar,,swordman,否,,DNF文件知识库\参考资料\标准格式样板\equipment\character\swordman\avatar\cap\chn_equ_upper_avatar_swordman_cap_101550546.equ
木罐的头盔(鬼剑士),equipment,0,21,0,0,0,hat avatar,,swordman,否,,DNF文件知识库\参考资料\标准格式样板\equipment\character\swordman\avatar\cap\jar_smarin.equ
土罐的头盔(鬼剑士),equipment,0,1,0,0,0,hat avatar,,swordman,否,,DNF文件知识库\参考资料\标准格式样板\equipment\character\swordman\avatar\cap\jar_smdanjin.equ
金罐的头盔 (鬼剑士),equipment,0,41,0,0,0,hat avatar,,swordman,否,,DNF文件知识库\参考资料\标准格式样板\equipment\character\swordman\avatar\cap\jar_smkadin.equ
火罐的头盔(鬼剑士),equipment,0,11,0,0,0,hat avatar,,swordman,否,,DNF文件知识库\参考资料\标准格式样板\equipment\character\swordman\avatar\cap\jar_smmanjin.equ
水罐的头盔 (鬼剑士),equipment,0,31,0,0,0,hat avatar,,swordman,否,,DNF文件知识库\参考资料\标准格式样板\equipment\character\swordman\avatar\cap\jar_smpokin.equ
剑神定风波上衣[A款],equipment,0,1,0,0,0,coat avatar,,swordman,否,,DNF文件知识库\参考资料\标准格式样板\equipment\character\swordman\avatar\coat\401500113.equ
剑神定风波上衣[B款],equipment,0,1,0,0,0,coat avatar,,swordman,否,,DNF文件知识库\参考资料\标准格式样板\equipment\character\swordman\avatar\coat\401500114.equ
剑神定风波上衣[C款],equipment,0,1,0,0,0,coat avatar,,swordman,否,,DNF文件知识库\参考资料\标准格式样板\equipment\character\swordman\avatar\coat\401500115.equ
剑神定风波上衣[D款],equipment,0,1,0,0,0,coat avatar,,swordman,否,,DNF文件知识库\参考资料\标准格式样板\equipment\character\swordman\avatar\coat\401500116.equ
神器克隆装扮上衣 (鬼剑士),equipment,3,1,0,0,0,coat avatar,,swordman,是,,DNF文件知识库\参考资料\标准格式样板\equipment\character\swordman\avatar\coat\401500167.equ
黑色剑斗士牛皮护甲,equipment,0,1,0,0,0,coat avatar,,swordman,否,,DNF文件知识库\参考资料\标准格式样板\equipment\character\swordman\avatar\coat\aarmor_bkleather.equ
剑斗士青铜护甲,equipment,0,1,0,0,0,coat avatar,,swordman,否,,DNF文件知识库\参考资料\标准格式样板\equipment\character\swordman\avatar\coat\aarmor_bzswordman.equ
剑斗士黄金护甲,equipment,0,1,0,0,0,coat avatar,,swordman,否,,DNF文件知识库\参考资料\标准格式样板\equipment\character\swordman\avatar\coat\aarmor_gdswordman.equ
红色剑斗士牛皮护甲,equipment,0,1,0,0,0,coat avatar,,swordman,否,,DNF文件知识库\参考资料\标准格式样板\equipment\character\swordman\avatar\coat\aarmor_rdleather.equ
剑斗士白银护甲,equipment,0,1,0,0,0,coat avatar,,swordman,否,,DNF文件知识库\参考资料\标准格式样板\equipment\character\swordman\avatar\coat\aarmor_slswordman.equ
剑斗士钢铁护甲,equipment,0,1,0,0,0,coat avatar,,swordman,否,,DNF文件知识库\参考资料\标准格式样板\equipment\character\swordman\avatar\coat\aarmor_stswordman.equ
白色剑斗士牛皮护甲,equipment,0,1,0,0,0,coat avatar,,swordman,否,,DNF文件知识库\参考资料\标准格式样板\equipment\character\swordman\avatar\coat\aarmor_wtleather.equ
黄色剑斗士牛皮护甲,equipment,0,1,0,0,0,coat avatar,,swordman,否,,DNF文件知识库\参考资料\标准格式样板\equipment\character\swordman\avatar\coat\aarmor_ylleather.equ
黑色贵族绅士夹克,equipment,0,1,0,25,25,coat avatar,,swordman,否,,DNF文件知识库\参考资料\标准格式样板\equipment\character\swordman\avatar\coat\acoat_40841.equ
米色贵族绅士夹克,equipment,0,1,0,25,25,coat avatar,,swordman,否,,DNF文件知识库\参考资料\标准格式样板\equipment\character\swordman\avatar\coat\acoat_40842.equ
红色风之翼纹身,equipment,0,1,0,25,25,coat avatar,,swordman,否,,DNF文件知识库\参考资料\标准格式样板\equipment\character\swordman\avatar\coat\acoat_40848.equ
紫色风之翼纹身,equipment,0,1,0,25,25,coat avatar,,swordman,否,,DNF文件知识库\参考资料\标准格式样板\equipment\character\swordman\avatar\coat\acoat_40849.equ
白色半透明衬衫,equipment,0,1,0,25,25,coat avatar,,swordman,否,,DNF文件知识库\参考资料\标准格式样板\equipment\character\swordman\avatar\coat\acoat_40850.equ
蓝色半透明衬衫,equipment,0,1,0,25,25,coat avatar,,swordman,否,,DNF文件知识库\参考资料\标准格式样板\equipment\character\swordman\avatar\coat\acoat_40851.equ
黑色猎鹰风暴上衣,equipment,0,1,0,25,25,coat avatar,,swordman,否,,DNF文件知识库\参考资料\标准格式样板\equipment\character\swordman\avatar\coat\acoat_40857.equ
红色猎鹰风暴上衣,equipment,0,1,0,25,25,coat avatar,,swordman,否,,DNF文件知识库\参考资料\标准格式样板\equipment\character\swordman\avatar\coat\acoat_40858.equ
白色猎鹰风暴上衣,equipment,0,1,0,25,25,coat avatar,,swordman,否,,DNF文件知识库\参考资料\标准格式样板\equipment\character\swordman\avatar\coat\acoat_40859.equ
童话剑士的红色毛外套,equipment,0,1,0,15,0,coat avatar,,swordman,否,,DNF文件知识库\参考资料\标准格式样板\equipment\character\swordman\avatar\coat\acoat_40864.equ
童话剑士的黑色毛外套,equipment,0,1,0,15,0,coat avatar,,swordman,否,,DNF文件知识库\参考资料\标准格式样板\equipment\character\swordman\avatar\coat\acoat_40865.equ
褐色波斯武士长袍,equipment,0,1,0,25,25,coat avatar,,swordman,否,,DNF文件知识库\参考资料\标准格式样板\equipment\character\swordman\avatar\coat\acoat_40875.equ
红色波斯武士长袍,equipment,0,1,0,25,25,coat avatar,,swordman,否,,DNF文件知识库\参考资料\标准格式样板\equipment\character\swordman\avatar\coat\acoat_40876.equ
黑色波斯武士长袍,equipment,0,1,0,25,25,coat avatar,,swordman,否,,DNF文件知识库\参考资料\标准格式样板\equipment\character\swordman\avatar\coat\acoat_40877.equ
白色波斯武士长袍,equipment,0,1,0,25,25,coat avatar,,swordman,否,,DNF文件知识库\参考资料\标准格式样板\equipment\character\swordman\avatar\coat\acoat_40878.equ
红色幽灵猎人长袍,equipment,0,1,0,25,25,coat avatar,,swordman,否,,DNF文件知识库\参考资料\标准格式样板\equipment\character\swordman\avatar\coat\acoat_40882.equ
黄色幽灵猎人长袍,equipment,0,1,0,25,25,coat avatar,,swordman,否,,DNF文件知识库\参考资料\标准格式样板\equipment\character\swordman\avatar\coat\acoat_40883.equ
白色幽灵猎人长袍,equipment,0,1,0,25,25,coat avatar,,swordman,否,,DNF文件知识库\参考资料\标准格式样板\equipment\character\swordman\avatar\coat\acoat_40884.equ
紫色幽灵猎人长袍,equipment,0,1,0,25,25,coat avatar,,swordman,否,,DNF文件知识库\参考资料\标准格式样板\equipment\character\swordman\avatar\coat\acoat_40885.equ
阿拉德儒生朝鲜服[A型],equipment,0,1,0,25,25,coat avatar,,swordman,否,,DNF文件知识库\参考资料\标准格式样板\equipment\character\swordman\avatar\coat\acoat_40896.equ
阿拉德儒生朝鲜服[B型],equipment,0,1,0,25,25,coat avatar,,swordman,否,,DNF文件知识库\参考资料\标准格式样板\equipment\character\swordman\avatar\coat\acoat_40897.equ
金色剑术学院校服,equipment,0,1,0,0,0,coat avatar,,swordman,否,,DNF文件知识库\参考资料\标准格式样板\equipment\character\swordman\avatar\coat\acoat_40898.equ
蓝色剑术学院校服,equipment,0,1,0,0,0,coat avatar,,swordman,否,,DNF文件知识库\参考资料\标准格式样板\equipment\character\swordman\avatar\coat\acoat_40899.equ
红色剑术学院校服,equipment,0,1,0,0,0,coat avatar,,swordman,否,,DNF文件知识库\参考资料\标准格式样板\equipment\character\swordman\avatar\coat\acoat_40900.equ
黑色剑术学院校服,equipment,0,1,0,0,0,coat avatar,,swordman,否,,DNF文件知识库\参考资料\标准格式样板\equipment\character\swordman\avatar\coat\acoat_40901.equ
布法罗黑色短夹克,equipment,0,1,0,25,25,coat avatar,,swordman,否,,DNF文件知识库\参考资料\标准格式样板\equipment\character\swordman\avatar\coat\acoat_40902.equ
布法罗白色短夹克,equipment,0,1,0,25,25,coat avatar,,swordman,否,,DNF文件知识库\参考资料\标准格式样板\equipment\character\swordman\avatar\coat\acoat_40903.equ
布法罗蓝色短夹克,equipment,0,1,0,25,25,coat avatar,,swordman,否,,DNF文件知识库\参考资料\标准格式样板\equipment\character\swordman\avatar\coat\acoat_40904.equ
布法罗棕色短夹克,equipment,0,1,0,25,25,coat avatar,,swordman,否,,DNF文件知识库\参考资料\标准格式样板\equipment\character\swordman\avatar\coat\acoat_40905.equ
罗特斯的青色护心镜,equipment,0,1,0,25,25,coat avatar,,swordman,否,,DNF文件知识库\参考资料\标准格式样板\equipment\character\swordman\avatar\coat\acoat_40914.equ
罗特斯的红色护心镜,equipment,0,1,0,25,25,coat avatar,,swordman,否,,DNF文件知识库\参考资料\标准格式样板\equipment\character\swordman\avatar\coat\acoat_40915.equ
罗特斯的蓝色护心镜,equipment,0,1,0,25,25,coat avatar,,swordman,否,,DNF文件知识库\参考资料\标准格式样板\equipment\character\swordman\avatar\coat\acoat_40916.equ
克隆装扮上衣 (鬼剑士),equipment,0,1,0,0,0,coat avatar,,swordman,否,,DNF文件知识库\参考资料\标准格式样板\equipment\character\swordman\avatar\coat\acoat_clonesw.equ
暗蓝色鬼剑士之衣,equipment,0,1,360000,0,0,coat avatar,,swordman,否,,DNF文件知识库\参考资料\标准格式样板\equipment\character\swordman\avatar\coat\acoat_dblshirts.equ
绿色鬼剑士之衣,equipment,0,1,360000,0,0,coat avatar,,swordman,否,,DNF文件知识库\参考资料\标准格式样板\equipment\character\swordman\avatar\coat\acoat_grshirts.equ
紫色鬼剑士之衣,equipment,0,1,360000,0,0,coat avatar,,swordman,否,,DNF文件知识库\参考资料\标准格式样板\equipment\character\swordman\avatar\coat\acoat_ppshirts.equ
稀有克隆装扮上衣 (鬼剑士),equipment,2,1,0,0,0,coat avatar,,swordman,是,,DNF文件知识库\参考资料\标准格式样板\equipment\character\swordman\avatar\coat\acoat_rareclonesw.equ
黄金克隆装扮上衣 (鬼剑士),equipment,4,1,0,0,0,coat avatar,,swordman,是,,DNF文件知识库\参考资料\标准格式样板\equipment\character\swordman\avatar\coat\acoat_rareclonesw_new.equ
红色鬼剑士上衣,equipment,0,1,0,0,0,coat avatar,,swordman,否,,DNF文件知识库\参考资料\标准格式样板\equipment\character\swordman\avatar\coat\acoat_rddefault.equ
可口可乐时装上衣 (鬼剑士2),equipment,0,1,0,0,0,coat avatar,,swordman,是,,DNF文件知识库\参考资料\标准格式样板\equipment\character\swordman\avatar\coat\acoat_scokeventb.equ
可口可乐时装上衣 (鬼剑士3),equipment,0,1,0,0,0,coat avatar,,swordman,是,,DNF文件知识库\参考资料\标准格式样板\equipment\character\swordman\avatar\coat\acoat_scokeventc.equ
红黑相间剑士长袍,equipment,0,1,0,0,0,coat avatar,,swordman,否,,DNF文件知识库\参考资料\标准格式样板\equipment\character\swordman\avatar\coat\arobe_bkblwarrior.equ
黑绿相间剑士长袍,equipment,0,1,0,0,0,coat avatar,,swordman,否,,DNF文件知识库\参考资料\标准格式样板\equipment\character\swordman\avatar\coat\arobe_bkgrwarrior.equ
黑白相间剑士长袍,equipment,0,1,0,0,0,coat avatar,,swordman,否,,DNF文件知识库\参考资料\标准格式样板\equipment\character\swordman\avatar\coat\arobe_bkwtwarrior.equ
黑黄相间剑士长袍,equipment,0,1,0,0,0,coat avatar,,swordman,否,,DNF文件知识库\参考资料\标准格式样板\equipment\character\swordman\avatar\coat\arobe_bkylwarrior.equ
黑色鬼剑校服衬衫,equipment,0,1,0,0,0,coat avatar,,swordman,否,,DNF文件知识库\参考资料\标准格式样板\equipment\character\swordman\avatar\coat\asht_bksumuniform.equ
象牙色鬼剑校服衬衫,equipment,0,1,0,0,0,coat avatar,,swordman,否,,DNF文件知识库\参考资料\标准格式样板\equipment\character\swordman\avatar\coat\asht_ivsumuniform.equ
红色鬼剑校服衬衫,equipment,0,1,0,0,0,coat avatar,,swordman,否,,DNF文件知识库\参考资料\标准格式样板\equipment\character\swordman\avatar\coat\asht_rdsumuniform.equ
白色鬼剑校服衬衫,equipment,0,1,0,0,0,coat avatar,,swordman,否,,DNF文件知识库\参考资料\标准格式样板\equipment\character\swordman\avatar\coat\asht_wtsumuniform.equ
极诣·剑影幻锋纹样[款式1],equipment,0,1,0,0,0,coat avatar,,swordman,是,,DNF文件知识库\参考资料\标准格式样板\equipment\character\swordman\avatar\coat\chn_2023_202300129.equ
极诣·剑影幻夜纹样[款式2],equipment,0,1,0,0,0,coat avatar,,swordman,是,,DNF文件知识库\参考资料\标准格式样板\equipment\character\swordman\avatar\coat\chn_2023_202300130.equ
极诣·剑影幻魂纹样[款式3],equipment,0,1,0,0,0,coat avatar,,swordman,是,,DNF文件知识库\参考资料\标准格式样板\equipment\character\swordman\avatar\coat\chn_2023_202300131.equ
极诣·剑影幻鸣纹样[款式4],equipment,0,1,0,0,0,coat avatar,,swordman,是,,DNF文件知识库\参考资料\标准格式样板\equipment\character\swordman\avatar\coat\chn_2023_202300132.equ
极诣·剑影幻舞纹样[银色款],equipment,0,1,0,0,0,coat avatar,,swordman,是,,DNF文件知识库\参考资料\标准格式样板\equipment\character\swordman\avatar\coat\chn_2023_202300133.equ
极诣·剑影幻剑纹样[金色款],equipment,0,1,0,0,0,coat avatar,,swordman,是,,DNF文件知识库\参考资料\标准格式样板\equipment\character\swordman\avatar\coat\chn_2023_202300134.equ
极诣·剑魂剑意上衣[款式1],equipment,0,1,0,0,0,coat avatar,,swordman,是,,DNF文件知识库\参考资料\标准格式样板\equipment\character\swordman\avatar\coat\chn_2023_242300129.equ
极诣·剑魂剑气上衣[款式2],equipment,0,1,0,0,0,coat avatar,,swordman,是,,DNF文件知识库\参考资料\标准格式样板\equipment\character\swordman\avatar\coat\chn_2023_242300130.equ
极诣·剑魂剑心上衣[款式3],equipment,0,1,0,0,0,coat avatar,,swordman,是,,DNF文件知识库\参考资料\标准格式样板\equipment\character\swordman\avatar\coat\chn_2023_242300131.equ
极诣·剑魂剑胆上衣[款式4],equipment,0,1,0,0,0,coat avatar,,swordman,是,,DNF文件知识库\参考资料\标准格式样板\equipment\character\swordman\avatar\coat\chn_2023_242300132.equ
极诣·剑魂剑诗上衣[银色款],equipment,0,1,0,0,0,coat avatar,,swordman,是,,DNF文件知识库\参考资料\标准格式样板\equipment\character\swordman\avatar\coat\chn_2023_242300133.equ
极诣·剑魂剑星上衣[金色款],equipment,0,1,0,0,0,coat avatar,,swordman,是,,DNF文件知识库\参考资料\标准格式样板\equipment\character\swordman\avatar\coat\chn_2023_242300134.equ
剑圣黑色道服,equipment,0,1,0,0,0,coat avatar,,swordman,否,,DNF文件知识库\参考资料\标准格式样板\equipment\character\swordman\avatar\coat\chn_equ_1st_awakening_avatar_swordman_coat_401500047.equ
剑圣墨色道服,equipment,0,1,0,0,0,coat avatar,,swordman,否,,DNF文件知识库\参考资料\标准格式样板\equipment\character\swordman\avatar\coat\chn_equ_1st_awakening_avatar_swordman_coat_401500048.equ
剑圣红色道服,equipment,0,1,0,0,0,coat avatar,,swordman,否,,DNF文件知识库\参考资料\标准格式样板\equipment\character\swordman\avatar\coat\chn_equ_1st_awakening_avatar_swordman_coat_401500049.equ
剑圣蓝色道服,equipment,0,1,0,0,0,coat avatar,,swordman,否,,DNF文件知识库\参考资料\标准格式样板\equipment\character\swordman\avatar\coat\chn_equ_1st_awakening_avatar_swordman_coat_401500050.equ
褐色春季校服上衣 (鬼剑),equipment,0,1,0,0,0,coat avatar,,swordman,否,,DNF文件知识库\参考资料\标准格式样板\equipment\character\swordman\avatar\coat\chn_equ_avatar_swordman_coat_2680103.equ
黑色春季校服上衣 (鬼剑),equipment,0,1,0,0,0,coat avatar,,swordman,否,,DNF文件知识库\参考资料\标准格式样板\equipment\character\swordman\avatar\coat\chn_equ_avatar_swordman_coat_2680104.equ
白色春季校服上衣 (鬼剑),equipment,0,1,0,0,0,coat avatar,,swordman,否,,DNF文件知识库\参考资料\标准格式样板\equipment\character\swordman\avatar\coat\chn_equ_avatar_swordman_coat_2680105.equ
黄色春季校服上衣 (鬼剑),equipment,0,1,0,0,0,coat avatar,,swordman,否,,DNF文件知识库\参考资料\标准格式样板\equipment\character\swordman\avatar\coat\chn_equ_avatar_swordman_coat_2680106.equ
青绿色鬼剑训练夹克,equipment,0,1,0,0,0,coat avatar,,swordman,否,,DNF文件知识库\参考资料\标准格式样板\equipment\character\swordman\avatar\coat\chn_equ_avatar_swordman_coat_2684504.equ
褐色鬼剑训练夹克,equipment,0,1,0,0,0,coat avatar,,swordman,否,,DNF文件知识库\参考资料\标准格式样板\equipment\character\swordman\avatar\coat\chn_equ_avatar_swordman_coat_2684505.equ
黑色鬼剑训练夹克,equipment,0,1,0,0,0,coat avatar,,swordman,否,,DNF文件知识库\参考资料\标准格式样板\equipment\character\swordman\avatar\coat\chn_equ_avatar_swordman_coat_2684506.equ
红色鬼剑训练夹克,equipment,0,1,0,0,0,coat avatar,,swordman,否,,DNF文件知识库\参考资料\标准格式样板\equipment\character\swordman\avatar\coat\chn_equ_avatar_swordman_coat_2684507.equ
金色剑术学院校服,equipment,0,1,0,0,0,coat avatar,,swordman,否,,DNF文件知识库\参考资料\标准格式样板\equipment\character\swordman\avatar\coat\chn_equ_avatar_swordman_coat_2684550.equ
蓝色剑术学院校服,equipment,0,1,0,0,0,coat avatar,,swordman,否,,DNF文件知识库\参考资料\标准格式样板\equipment\character\swordman\avatar\coat\chn_equ_avatar_swordman_coat_2684551.equ
红色剑术学院校服,equipment,0,1,0,0,0,coat avatar,,swordman,否,,DNF文件知识库\参考资料\标准格式样板\equipment\character\swordman\avatar\coat\chn_equ_avatar_swordman_coat_2684552.equ
黑色剑术学院校服,equipment,0,1,0,0,0,coat avatar,,swordman,否,,DNF文件知识库\参考资料\标准格式样板\equipment\character\swordman\avatar\coat\chn_equ_avatar_swordman_coat_2684553.equ
银色圣剑骑士铠甲,equipment,0,1,0,0,0,coat avatar,,swordman,否,,DNF文件知识库\参考资料\标准格式样板\equipment\character\swordman\avatar\coat\chn_equ_special_avatar_swordman_coat_101500842.equ
金色圣剑骑士铠甲,equipment,0,1,0,0,0,coat avatar,,swordman,否,,DNF文件知识库\参考资料\标准格式样板\equipment\character\swordman\avatar\coat\chn_equ_special_avatar_swordman_coat_101500843.equ
蓝色圣剑骑士铠甲,equipment,0,1,0,0,0,coat avatar,,swordman,否,,DNF文件知识库\参考资料\标准格式样板\equipment\character\swordman\avatar\coat\chn_equ_special_avatar_swordman_coat_101500844.equ
黑色圣剑骑士铠甲,equipment,0,1,0,0,0,coat avatar,,swordman,否,,DNF文件知识库\参考资料\标准格式样板\equipment\character\swordman\avatar\coat\chn_equ_special_avatar_swordman_coat_101500845.equ
剑客的红色勇猛软甲,equipment,0,1,0,5,5,coat avatar,,swordman,否,,DNF文件知识库\参考资料\标准格式样板\equipment\character\swordman\avatar\coat\chn_equ_special_avatar_swordman_coat_2684541.equ
剑客的黑色勇猛软甲,equipment,0,1,0,5,5,coat avatar,,swordman,否,,DNF文件知识库\参考资料\标准格式样板\equipment\character\swordman\avatar\coat\chn_equ_special_avatar_swordman_coat_2684542.equ
剑客的蓝色勇猛软甲,equipment,0,1,0,5,5,coat avatar,,swordman,否,,DNF文件知识库\参考资料\标准格式样板\equipment\character\swordman\avatar\coat\chn_equ_special_avatar_swordman_coat_2684543.equ
剑客的紫色勇猛软甲,equipment,0,1,0,5,5,coat avatar,,swordman,否,,DNF文件知识库\参考资料\标准格式样板\equipment\character\swordman\avatar\coat\chn_equ_special_avatar_swordman_coat_2684544.equ
黑色猎鹰风暴上衣,equipment,0,1,0,5,5,coat avatar,,swordman,否,,DNF文件知识库\参考资料\标准格式样板\equipment\character\swordman\avatar\coat\chn_equ_special_avatar_swordman_coat_2684558.equ
红色猎鹰风暴上衣,equipment,0,1,0,5,5,coat avatar,,swordman,否,,DNF文件知识库\参考资料\标准格式样板\equipment\character\swordman\avatar\coat\chn_equ_special_avatar_swordman_coat_2684559.equ
白色猎鹰风暴上衣,equipment,0,1,0,5,5,coat avatar,,swordman,否,,DNF文件知识库\参考资料\标准格式样板\equipment\character\swordman\avatar\coat\chn_equ_special_avatar_swordman_coat_2684560.equ
蓝色猎鹰风暴上衣,equipment,0,1,0,5,5,coat avatar,,swordman,否,,DNF文件知识库\参考资料\标准格式样板\equipment\character\swordman\avatar\coat\chn_equ_special_avatar_swordman_coat_2684561.equ
黑色鬼影骑士制服,equipment,0,1,0,5,5,coat avatar,,swordman,否,,DNF文件知识库\参考资料\标准格式样板\equipment\character\swordman\avatar\coat\chn_equ_special_avatar_swordman_coat_2684619.equ
红色鬼影骑士制服,equipment,0,1,0,5,5,coat avatar,,swordman,否,,DNF文件知识库\参考资料\标准格式样板\equipment\character\swordman\avatar\coat\chn_equ_special_avatar_swordman_coat_2684620.equ
蓝色鬼影骑士制服,equipment,0,1,0,5,5,coat avatar,,swordman,否,,DNF文件知识库\参考资料\标准格式样板\equipment\character\swordman\avatar\coat\chn_equ_special_avatar_swordman_coat_2684621.equ
白色鬼影骑士制服,equipment,0,1,0,5,5,coat avatar,,swordman,否,,DNF文件知识库\参考资料\标准格式样板\equipment\character\swordman\avatar\coat\chn_equ_special_avatar_swordman_coat_2684622.equ
黑色追魂剑客胸甲,equipment,0,1,0,0,0,coat avatar,,swordman,否,,DNF文件知识库\参考资料\标准格式样板\equipment\character\swordman\avatar\coat\chn_equ_upper_avatar_swordman_coat_101500726.equ
红色追魂剑客胸甲,equipment,0,1,0,0,0,coat avatar,,swordman,否,,DNF文件知识库\参考资料\标准格式样板\equipment\character\swordman\avatar\coat\chn_equ_upper_avatar_swordman_coat_101500727.equ
蓝色追魂剑客胸甲,equipment,0,1,0,0,0,coat avatar,,swordman,否,,DNF文件知识库\参考资料\标准格式样板\equipment\character\swordman\avatar\coat\chn_equ_upper_avatar_swordman_coat_101500728.equ
白色追魂剑客胸甲,equipment,0,1,0,0,0,coat avatar,,swordman,否,,DNF文件知识库\参考资料\标准格式样板\equipment\character\swordman\avatar\coat\chn_equ_upper_avatar_swordman_coat_101500729.equ
红黑相间剑士长袍 (Event),equipment,0,1,26000,0,0,coat avatar,,swordman,否,,DNF文件知识库\参考资料\标准格式样板\equipment\character\swordman\avatar\coat\goldarobe_bkblwarrior.equ
黑绿相间剑士长袍 (Event),equipment,0,1,26000,0,0,coat avatar,,swordman,否,,DNF文件知识库\参考资料\标准格式样板\equipment\character\swordman\avatar\coat\goldarobe_bkgrwarrior.equ
黑白相间剑士长袍 (Event),equipment,0,1,26000,0,0,coat avatar,,swordman,否,,DNF文件知识库\参考资料\标准格式样板\equipment\character\swordman\avatar\coat\goldarobe_bkwtwarrior.equ
黑黄相间剑士长袍 (Event),equipment,0,1,26000,0,0,coat avatar,,swordman,否,,DNF文件知识库\参考资料\标准格式样板\equipment\character\swordman\avatar\coat\goldarobe_bkylwarrior.equ
机甲龙袍-男鬼剑士(BUFF),equipment,0,1,0,0,0,face avatar,,swordman,否,,DNF文件知识库\参考资料\标准格式样板\equipment\character\swordman\avatar\face\202207083.equ
剑神定风波耳环[A款],equipment,0,1,0,0,0,face avatar,,swordman,否,,DNF文件知识库\参考资料\标准格式样板\equipment\character\swordman\avatar\face\401570047.equ
剑神定风波耳环[B款],equipment,0,1,0,0,0,face avatar,,swordman,否,,DNF文件知识库\参考资料\标准格式样板\equipment\character\swordman\avatar\face\401570048.equ
剑神定风波耳环[C款],equipment,0,1,0,0,0,face avatar,,swordman,否,,DNF文件知识库\参考资料\标准格式样板\equipment\character\swordman\avatar\face\401570049.equ
剑神定风波耳环[D款],equipment,0,1,0,0,0,face avatar,,swordman,否,,DNF文件知识库\参考资料\标准格式样板\equipment\character\swordman\avatar\face\401570050.equ
神器克隆装扮脸部 (鬼剑士),equipment,3,1,0,0,0,face avatar,,swordman,否,,DNF文件知识库\参考资料\标准格式样板\equipment\character\swordman\avatar\face\401570103.equ
透心凉夏日柠檬雪糕,equipment,0,1,0,0,0,face avatar,,swordman,否,,DNF文件知识库\参考资料\标准格式样板\equipment\character\swordman\avatar\face\aface_40019.equ
透心凉夏日蓝莓雪糕,equipment,0,1,0,0,0,face avatar,,swordman,否,,DNF文件知识库\参考资料\标准格式样板\equipment\character\swordman\avatar\face\aface_40020.equ
透心凉夏日西瓜雪糕,equipment,0,1,0,0,0,face avatar,,swordman,否,,DNF文件知识库\参考资料\标准格式样板\equipment\character\swordman\avatar\face\aface_40021.equ
透心凉夏日草莓雪糕,equipment,0,1,0,0,0,face avatar,,swordman,否,,DNF文件知识库\参考资料\标准格式样板\equipment\character\swordman\avatar\face\aface_40022.equ
克隆装扮脸部 (鬼剑士),equipment,0,1,0,0,0,face avatar,,swordman,否,,DNF文件知识库\参考资料\标准格式样板\equipment\character\swordman\avatar\face\aface_clonesw.equ
稀有克隆装扮脸部 (鬼剑士),equipment,2,1,0,0,0,face avatar,,swordman,否,,DNF文件知识库\参考资料\标准格式样板\equipment\character\swordman\avatar\face\aface_rareclonesw.equ
黄金克隆装扮脸部 (鬼剑士),equipment,4,1,0,0,0,face avatar,,swordman,否,,DNF文件知识库\参考资料\标准格式样板\equipment\character\swordman\avatar\face\aface_rareclonesw_new.equ
剑斗士青铜面具,equipment,0,1,0,0,0,face avatar,,swordman,否,,DNF文件知识库\参考资料\标准格式样板\equipment\character\swordman\avatar\face\amask_bzswordman.equ
剑斗士黄金面具,equipment,0,1,0,0,0,face avatar,,swordman,否,,DNF文件知识库\参考资料\标准格式样板\equipment\character\swordman\avatar\face\amask_gdswordman.equ
剑斗士白银面具,equipment,0,1,0,0,0,face avatar,,swordman,否,,DNF文件知识库\参考资料\标准格式样板\equipment\character\swordman\avatar\face\amask_slswordman.equ
剑斗士钢铁面具,equipment,0,1,0,0,0,face avatar,,swordman,否,,DNF文件知识库\参考资料\标准格式样板\equipment\character\swordman\avatar\face\amask_stswordman.equ
极诣·剑影透明脸部[款式1],equipment,0,1,0,0,0,face avatar,,swordman,否,,DNF文件知识库\参考资料\标准格式样板\equipment\character\swordman\avatar\face\chn_2023_202370063.equ
极诣·剑影透明脸部[款式2],equipment,0,1,0,0,0,face avatar,,swordman,否,,DNF文件知识库\参考资料\标准格式样板\equipment\character\swordman\avatar\face\chn_2023_202370064.equ
极诣·剑影透明脸部[款式3],equipment,0,1,0,0,0,face avatar,,swordman,否,,DNF文件知识库\参考资料\标准格式样板\equipment\character\swordman\avatar\face\chn_2023_202370065.equ
极诣·剑影透明脸部[款式4],equipment,0,1,0,0,0,face avatar,,swordman,否,,DNF文件知识库\参考资料\标准格式样板\equipment\character\swordman\avatar\face\chn_2023_202370066.equ
极诣·剑影透明脸部[银色款],equipment,0,1,0,0,0,face avatar,,swordman,否,,DNF文件知识库\参考资料\标准格式样板\equipment\character\swordman\avatar\face\chn_2023_202370067.equ
极诣·剑影透明脸部[金色款],equipment,0,1,0,0,0,face avatar,,swordman,否,,DNF文件知识库\参考资料\标准格式样板\equipment\character\swordman\avatar\face\chn_2023_202370068.equ
极诣·剑魂剑意眼神[款式1],equipment,0,1,0,0,0,face avatar,,swordman,否,,DNF文件知识库\参考资料\标准格式样板\equipment\character\swordman\avatar\face\chn_2023_242370063.equ
极诣·剑魂剑气眼神[款式2],equipment,0,1,0,0,0,face avatar,,swordman,否,,DNF文件知识库\参考资料\标准格式样板\equipment\character\swordman\avatar\face\chn_2023_242370064.equ
极诣·剑魂剑心眼神[款式3],equipment,0,1,0,0,0,face avatar,,swordman,否,,DNF文件知识库\参考资料\标准格式样板\equipment\character\swordman\avatar\face\chn_2023_242370065.equ
极诣·剑魂剑胆眼神[款式4],equipment,0,1,0,0,0,face avatar,,swordman,否,,DNF文件知识库\参考资料\标准格式样板\equipment\character\swordman\avatar\face\chn_2023_242370066.equ
极诣·剑魂剑诗眼神[银色款],equipment,0,1,0,0,0,face avatar,,swordman,否,,DNF文件知识库\参考资料\标准格式样板\equipment\character\swordman\avatar\face\chn_2023_242370067.equ
极诣·剑魂剑星眼神[金色款],equipment,0,1,0,0,0,face avatar,,swordman,否,,DNF文件知识库\参考资料\标准格式样板\equipment\character\swordman\avatar\face\chn_2023_242370068.equ
剑圣褐色疤痕,equipment,0,1,0,0,0,face avatar,,swordman,否,,DNF文件知识库\参考资料\标准格式样板\equipment\character\swordman\avatar\face\chn_equ_1st_awakening_avatar_swordman_face_101570624.equ
剑圣棕色疤痕,equipment,0,1,0,0,0,face avatar,,swordman,否,,DNF文件知识库\参考资料\标准格式样板\equipment\character\swordman\avatar\face\chn_equ_1st_awakening_avatar_swordman_face_101570625.equ
剑圣红色疤痕,equipment,0,1,0,0,0,face avatar,,swordman,否,,DNF文件知识库\参考资料\标准格式样板\equipment\character\swordman\avatar\face\chn_equ_1st_awakening_avatar_swordman_face_101570626.equ
剑圣茶色疤痕,equipment,0,1,0,0,0,face avatar,,swordman,否,,DNF文件知识库\参考资料\标准格式样板\equipment\character\swordman\avatar\face\chn_equ_1st_awakening_avatar_swordman_face_101570627.equ
黄色圣剑骑士耳环,equipment,0,1,0,0,0,face avatar,,swordman,否,,DNF文件知识库\参考资料\标准格式样板\equipment\character\swordman\avatar\face\chn_equ_special_avatar_swordman_face_101570552.equ
金色圣剑骑士耳环,equipment,0,1,0,0,0,face avatar,,swordman,否,,DNF文件知识库\参考资料\标准格式样板\equipment\character\swordman\avatar\face\chn_equ_special_avatar_swordman_face_101570553.equ
银色圣剑骑士耳环,equipment,0,1,0,0,0,face avatar,,swordman,否,,DNF文件知识库\参考资料\标准格式样板\equipment\character\swordman\avatar\face\chn_equ_special_avatar_swordman_face_101570554.equ
黑色圣剑骑士耳环,equipment,0,1,0,0,0,face avatar,,swordman,否,,DNF文件知识库\参考资料\标准格式样板\equipment\character\swordman\avatar\face\chn_equ_special_avatar_swordman_face_101570555.equ
剑客的绿色宝石耳钉,equipment,0,1,0,0,0,face avatar,,swordman,否,,DNF文件知识库\参考资料\标准格式样板\equipment\character\swordman\avatar\face\chn_equ_special_avatar_swordman_face_2684280.equ
剑客的红色宝石耳钉,equipment,0,1,0,0,0,face avatar,,swordman,否,,DNF文件知识库\参考资料\标准格式样板\equipment\character\swordman\avatar\face\chn_equ_special_avatar_swordman_face_2684281.equ
剑客的白色宝石耳钉,equipment,0,1,0,0,0,face avatar,,swordman,否,,DNF文件知识库\参考资料\标准格式样板\equipment\character\swordman\avatar\face\chn_equ_special_avatar_swordman_face_2684282.equ
剑客的紫色宝石耳钉,equipment,0,1,0,0,0,face avatar,,swordman,否,,DNF文件知识库\参考资料\标准格式样板\equipment\character\swordman\avatar\face\chn_equ_special_avatar_swordman_face_2684283.equ
黄金猎鹰风暴耳饰,equipment,0,1,0,0,0,face avatar,,swordman,否,,DNF文件知识库\参考资料\标准格式样板\equipment\character\swordman\avatar\face\chn_equ_special_avatar_swordman_face_2684302.equ
白银猎鹰风暴耳饰,equipment,0,1,0,0,0,face avatar,,swordman,否,,DNF文件知识库\参考资料\标准格式样板\equipment\character\swordman\avatar\face\chn_equ_special_avatar_swordman_face_2684303.equ
紫铜猎鹰风暴耳饰,equipment,0,1,0,0,0,face avatar,,swordman,否,,DNF文件知识库\参考资料\标准格式样板\equipment\character\swordman\avatar\face\chn_equ_special_avatar_swordman_face_2684304.equ
蓝玉猎鹰风暴耳饰,equipment,0,1,0,0,0,face avatar,,swordman,否,,DNF文件知识库\参考资料\标准格式样板\equipment\character\swordman\avatar\face\chn_equ_special_avatar_swordman_face_2684305.equ
透明装扮脸部 (鬼剑士),equipment,0,1,0,0,0,face avatar,,swordman,否,,DNF文件知识库\参考资料\标准格式样板\equipment\character\swordman\avatar\face\chn_equ_special_avatar_swordman_face_2684320.equ
透明装扮脸部 (鬼剑士),equipment,0,1,0,0,0,face avatar,,swordman,否,,DNF文件知识库\参考资料\标准格式样板\equipment\character\swordman\avatar\face\chn_equ_special_avatar_swordman_face_2684321.equ
透明装扮脸部 (鬼剑士),equipment,0,1,0,0,0,face avatar,,swordman,否,,DNF文件知识库\参考资料\标准格式样板\equipment\character\swordman\avatar\face\chn_equ_special_avatar_swordman_face_2684338.equ
透明装扮脸部 (鬼剑士),equipment,0,1,0,0,0,face avatar,,swordman,否,,DNF文件知识库\参考资料\标准格式样板\equipment\character\swordman\avatar\face\chn_equ_special_avatar_swordman_face_2684339.equ
红色鬼影骑士瞳片,equipment,0,1,0,0,0,face avatar,,swordman,否,,DNF文件知识库\参考资料\标准格式样板\equipment\character\swordman\avatar\face\chn_equ_special_avatar_swordman_face_2684349.equ
绿色鬼影骑士瞳片,equipment,0,1,0,0,0,face avatar,,swordman,否,,DNF文件知识库\参考资料\标准格式样板\equipment\character\swordman\avatar\face\chn_equ_special_avatar_swordman_face_2684350.equ
黑色鬼影骑士瞳片,equipment,0,1,0,0,0,face avatar,,swordman,否,,DNF文件知识库\参考资料\标准格式样板\equipment\character\swordman\avatar\face\chn_equ_special_avatar_swordman_face_2684351.equ
蓝色鬼影骑士瞳片,equipment,0,1,0,0,0,face avatar,,swordman,否,,DNF文件知识库\参考资料\标准格式样板\equipment\character\swordman\avatar\face\chn_equ_special_avatar_swordman_face_2684352.equ
红色追魂剑客耳环,equipment,0,1,0,0,0,face avatar,,swordman,否,,DNF文件知识库\参考资料\标准格式样板\equipment\character\swordman\avatar\face\chn_equ_upper_avatar_swordman_face_101570457.equ
黑色追魂剑客耳环,equipment,0,1,0,0,0,face avatar,,swordman,否,,DNF文件知识库\参考资料\标准格式样板\equipment\character\swordman\avatar\face\chn_equ_upper_avatar_swordman_face_101570458.equ
蓝色追魂剑客耳环,equipment,0,1,0,0,0,face avatar,,swordman,否,,DNF文件知识库\参考资料\标准格式样板\equipment\character\swordman\avatar\face\chn_equ_upper_avatar_swordman_face_101570459.equ
金色追魂剑客耳环,equipment,0,1,0,0,0,face avatar,,swordman,否,,DNF文件知识库\参考资料\标准格式样板\equipment\character\swordman\avatar\face\chn_equ_upper_avatar_swordman_face_101570460.equ
剑神定风波长发[A款],equipment,0,1,0,0,0,hair avatar,,swordman,否,,DNF文件知识库\参考资料\标准格式样板\equipment\character\swordman\avatar\hair\401560079.equ
剑神定风波长发[B款],equipment,0,1,0,0,0,hair avatar,,swordman,否,,DNF文件知识库\参考资料\标准格式样板\equipment\character\swordman\avatar\hair\401560080.equ
剑神定风波长发[C款],equipment,0,1,0,0,0,hair avatar,,swordman,否,,DNF文件知识库\参考资料\标准格式样板\equipment\character\swordman\avatar\hair\401560081.equ
剑神定风波长发[D款],equipment,0,1,0,0,0,hair avatar,,swordman,否,,DNF文件知识库\参考资料\标准格式样板\equipment\character\swordman\avatar\hair\401560082.equ
神器克隆装扮头部 (鬼剑士),equipment,3,1,0,0,0,hair avatar,,swordman,否,,DNF文件知识库\参考资料\标准格式样板\equipment\character\swordman\avatar\hair\401560132.equ
童话剑士的褐色短碎发,equipment,0,1,0,0,0,hair avatar,,swordman,否,,DNF文件知识库\参考资料\标准格式样板\equipment\character\swordman\avatar\hair\ahair_39640.equ
童话剑士的金色短碎发,equipment,0,1,0,0,0,hair avatar,,swordman,否,,DNF文件知识库\参考资料\标准格式样板\equipment\character\swordman\avatar\hair\ahair_39641.equ
银色剑术学院短发,equipment,0,1,0,0,0,hair avatar,,swordman,否,,DNF文件知识库\参考资料\标准格式样板\equipment\character\swordman\avatar\hair\ahair_39672.equ
金色剑术学院短发,equipment,0,1,0,0,0,hair avatar,,swordman,否,,DNF文件知识库\参考资料\标准格式样板\equipment\character\swordman\avatar\hair\ahair_39673.equ
黑色剑术学院短发,equipment,0,1,0,0,0,hair avatar,,swordman,否,,DNF文件知识库\参考资料\标准格式样板\equipment\character\swordman\avatar\hair\ahair_39674.equ
褐色剑术学院短发,equipment,0,1,0,0,0,hair avatar,,swordman,否,,DNF文件知识库\参考资料\标准格式样板\equipment\character\swordman\avatar\hair\ahair_39675.equ
黑色鬼剑御龙长发,equipment,2,1,0,0,0,hair avatar,,swordman,否,,DNF文件知识库\参考资料\标准格式样板\equipment\character\swordman\avatar\hair\ahair_bkbatural.equ
克隆装扮头部 (鬼剑士),equipment,0,1,0,0,0,hair avatar,,swordman,否,,DNF文件知识库\参考资料\标准格式样板\equipment\character\swordman\avatar\hair\ahair_clonesw.equ
灰绿色鬼剑士之发,equipment,0,1,300000,0,0,hair avatar,,swordman,否,,DNF文件知识库\参考资料\标准格式样板\equipment\character\swordman\avatar\hair\ahair_ggreen.equ
灰紫色鬼剑士之发,equipment,0,1,300000,0,0,hair avatar,,swordman,否,,DNF文件知识库\参考资料\标准格式样板\equipment\character\swordman\avatar\hair\ahair_gpp.equ
灰色鬼剑士之发,equipment,0,1,300000,0,0,hair avatar,,swordman,否,,DNF文件知识库\参考资料\标准格式样板\equipment\character\swordman\avatar\hair\ahair_gray.equ
暗灰色鬼剑御龙长发,equipment,2,1,0,0,0,hair avatar,,swordman,否,,DNF文件知识库\参考资料\标准格式样板\equipment\character\swordman\avatar\hair\ahair_mtgrbatural.equ
稀有克隆装扮头部 (鬼剑士),equipment,2,1,0,0,0,hair avatar,,swordman,否,,DNF文件知识库\参考资料\标准格式样板\equipment\character\swordman\avatar\hair\ahair_rareclonesw.equ
黄金克隆装扮头部 (鬼剑士),equipment,4,1,0,0,0,hair avatar,,swordman,否,,DNF文件知识库\参考资料\标准格式样板\equipment\character\swordman\avatar\hair\ahair_rareclonesw_new.equ
红色鬼剑御龙长发,equipment,2,1,0,0,0,hair avatar,,swordman,否,,DNF文件知识库\参考资料\标准格式样板\equipment\character\swordman\avatar\hair\ahair_rdbatural.equ
影子剑士发型,equipment,0,1,0,0,0,hair avatar,,swordman,否,,DNF文件知识库\参考资料\标准格式样板\equipment\character\swordman\avatar\hair\aiahair_shadow.equ
极诣·剑影幻夜直发[款式1],equipment,0,1,0,0,0,hair avatar,,swordman,否,,DNF文件知识库\参考资料\标准格式样板\equipment\character\swordman\avatar\hair\chn_2023_202360095.equ
极诣·剑影幻夜直发[款式2],equipment,0,1,0,0,0,hair avatar,,swordman,否,,DNF文件知识库\参考资料\标准格式样板\equipment\character\swordman\avatar\hair\chn_2023_202360096.equ
极诣·剑影幻魂直发[款式3],equipment,0,1,0,0,0,hair avatar,,swordman,否,,DNF文件知识库\参考资料\标准格式样板\equipment\character\swordman\avatar\hair\chn_2023_202360097.equ
极诣·剑影幻鸣直发[款式4],equipment,0,1,0,0,0,hair avatar,,swordman,否,,DNF文件知识库\参考资料\标准格式样板\equipment\character\swordman\avatar\hair\chn_2023_202360098.equ
极诣·剑影幻舞直发[银色款],equipment,0,1,0,0,0,hair avatar,,swordman,否,,DNF文件知识库\参考资料\标准格式样板\equipment\character\swordman\avatar\hair\chn_2023_202360099.equ
极诣·剑影幻剑直发[金色款],equipment,0,1,0,0,0,hair avatar,,swordman,否,,DNF文件知识库\参考资料\标准格式样板\equipment\character\swordman\avatar\hair\chn_2023_202360100.equ
极诣·剑魂剑意绑发[款式1],equipment,0,1,0,0,0,hair avatar,,swordman,否,,DNF文件知识库\参考资料\标准格式样板\equipment\character\swordman\avatar\hair\chn_2023_242360095.equ
极诣·剑魂剑气绑发[款式2],equipment,0,1,0,0,0,hair avatar,,swordman,否,,DNF文件知识库\参考资料\标准格式样板\equipment\character\swordman\avatar\hair\chn_2023_242360096.equ
极诣·剑魂剑心绑发[款式3],equipment,0,1,0,0,0,hair avatar,,swordman,否,,DNF文件知识库\参考资料\标准格式样板\equipment\character\swordman\avatar\hair\chn_2023_242360097.equ
极诣·剑魂剑胆绑发[款式4],equipment,0,1,0,0,0,hair avatar,,swordman,否,,DNF文件知识库\参考资料\标准格式样板\equipment\character\swordman\avatar\hair\chn_2023_242360098.equ
极诣·剑魂剑诗绑发[银色款],equipment,0,1,0,0,0,hair avatar,,swordman,否,,DNF文件知识库\参考资料\标准格式样板\equipment\character\swordman\avatar\hair\chn_2023_242360099.equ
极诣·剑魂剑星绑发[金色款],equipment,0,1,0,0,0,hair avatar,,swordman,否,,DNF文件知识库\参考资料\标准格式样板\equipment\character\swordman\avatar\hair\chn_2023_242360100.equ
剑圣亮金绑发,equipment,0,1,0,0,0,hair avatar,,swordman,否,,DNF文件知识库\参考资料\标准格式样板\equipment\character\swordman\avatar\hair\chn_equ_1st_awakening_avatar_swordman_hair_401560015.equ
剑圣黑色绑发,equipment,0,1,0,0,0,hair avatar,,swordman,否,,DNF文件知识库\参考资料\标准格式样板\equipment\character\swordman\avatar\hair\chn_equ_1st_awakening_avatar_swordman_hair_401560016.equ
剑圣白色绑发,equipment,0,1,0,0,0,hair avatar,,swordman,否,,DNF文件知识库\参考资料\标准格式样板\equipment\character\swordman\avatar\hair\chn_equ_1st_awakening_avatar_swordman_hair_401560017.equ
剑圣黄色绑发,equipment,0,1,0,0,0,hair avatar,,swordman,否,,DNF文件知识库\参考资料\标准格式样板\equipment\character\swordman\avatar\hair\chn_equ_1st_awakening_avatar_swordman_hair_401560018.equ
银色剑术学院短发,equipment,0,1,0,0,0,hair avatar,,swordman,否,,DNF文件知识库\参考资料\标准格式样板\equipment\character\swordman\avatar\hair\chn_equ_avatar_swordman_hair_2684158.equ
金色剑术学院短发,equipment,0,1,0,0,0,hair avatar,,swordman,否,,DNF文件知识库\参考资料\标准格式样板\equipment\character\swordman\avatar\hair\chn_equ_avatar_swordman_hair_2684159.equ
黑色剑术学院短发,equipment,0,1,0,0,0,hair avatar,,swordman,否,,DNF文件知识库\参考资料\标准格式样板\equipment\character\swordman\avatar\hair\chn_equ_avatar_swordman_hair_2684160.equ
褐色剑术学院短发,equipment,0,1,0,0,0,hair avatar,,swordman,否,,DNF文件知识库\参考资料\标准格式样板\equipment\character\swordman\avatar\hair\chn_equ_avatar_swordman_hair_2684161.equ
棕色圣剑骑士短发,equipment,0,1,0,0,0,hair avatar,,swordman,否,,DNF文件知识库\参考资料\标准格式样板\equipment\character\swordman\avatar\hair\chn_equ_special_avatar_swordman_hair_101560811.equ
金色圣剑骑士短发,equipment,0,1,0,0,0,hair avatar,,swordman,否,,DNF文件知识库\参考资料\标准格式样板\equipment\character\swordman\avatar\hair\chn_equ_special_avatar_swordman_hair_101560812.equ
天蓝圣剑骑士短发,equipment,0,1,0,0,0,hair avatar,,swordman,否,,DNF文件知识库\参考资料\标准格式样板\equipment\character\swordman\avatar\hair\chn_equ_special_avatar_swordman_hair_101560813.equ
铜色圣剑骑士短发,equipment,0,1,0,0,0,hair avatar,,swordman,否,,DNF文件知识库\参考资料\标准格式样板\equipment\character\swordman\avatar\hair\chn_equ_special_avatar_swordman_hair_101560814.equ
剑客的黑色刚毅束发,equipment,0,1,0,0,0,hair avatar,,swordman,否,,DNF文件知识库\参考资料\标准格式样板\equipment\character\swordman\avatar\hair\chn_equ_special_avatar_swordman_hair_2684150.equ
剑客的银色刚毅束发,equipment,0,1,0,0,0,hair avatar,,swordman,否,,DNF文件知识库\参考资料\标准格式样板\equipment\character\swordman\avatar\hair\chn_equ_special_avatar_swordman_hair_2684151.equ
剑客的金色刚毅束发,equipment,0,1,0,0,0,hair avatar,,swordman,否,,DNF文件知识库\参考资料\标准格式样板\equipment\character\swordman\avatar\hair\chn_equ_special_avatar_swordman_hair_2684152.equ
剑客的褐色刚毅束发,equipment,0,1,0,0,0,hair avatar,,swordman,否,,DNF文件知识库\参考资料\标准格式样板\equipment\character\swordman\avatar\hair\chn_equ_special_avatar_swordman_hair_2684153.equ
金色猎鹰风暴束发,equipment,0,1,0,0,0,hair avatar,,swordman,否,,DNF文件知识库\参考资料\标准格式样板\equipment\character\swordman\avatar\hair\chn_equ_special_avatar_swordman_hair_2684166.equ
银色猎鹰风暴束发,equipment,0,1,0,0,0,hair avatar,,swordman,否,,DNF文件知识库\参考资料\标准格式样板\equipment\character\swordman\avatar\hair\chn_equ_special_avatar_swordman_hair_2684167.equ
黑色猎鹰风暴束发,equipment,0,1,0,0,0,hair avatar,,swordman,否,,DNF文件知识库\参考资料\标准格式样板\equipment\character\swordman\avatar\hair\chn_equ_special_avatar_swordman_hair_2684168.equ
蓝色猎鹰风暴束发,equipment,0,1,0,0,0,hair avatar,,swordman,否,,DNF文件知识库\参考资料\标准格式样板\equipment\character\swordman\avatar\hair\chn_equ_special_avatar_swordman_hair_2684169.equ
银色鬼影骑士碎发,equipment,0,1,0,0,0,hair avatar,,swordman,否,,DNF文件知识库\参考资料\标准格式样板\equipment\character\swordman\avatar\hair\chn_equ_special_avatar_swordman_hair_2684219.equ
米色鬼影骑士碎发,equipment,0,1,0,0,0,hair avatar,,swordman,否,,DNF文件知识库\参考资料\标准格式样板\equipment\character\swordman\avatar\hair\chn_equ_special_avatar_swordman_hair_2684220.equ
金色鬼影骑士碎发,equipment,0,1,0,0,0,hair avatar,,swordman,否,,DNF文件知识库\参考资料\标准格式样板\equipment\character\swordman\avatar\hair\chn_equ_special_avatar_swordman_hair_2684221.equ
蓝色鬼影骑士碎发,equipment,0,1,0,0,0,hair avatar,,swordman,否,,DNF文件知识库\参考资料\标准格式样板\equipment\character\swordman\avatar\hair\chn_equ_special_avatar_swordman_hair_2684222.equ
银色追魂剑客束发,equipment,0,1,0,0,0,hair avatar,,swordman,否,,DNF文件知识库\参考资料\标准格式样板\equipment\character\swordman\avatar\hair\chn_equ_upper_avatar_swordman_hair_101560703.equ
金色追魂剑客束发,equipment,0,1,0,0,0,hair avatar,,swordman,否,,DNF文件知识库\参考资料\标准格式样板\equipment\character\swordman\avatar\hair\chn_equ_upper_avatar_swordman_hair_101560704.equ
黑色追魂剑客束发,equipment,0,1,0,0,0,hair avatar,,swordman,否,,DNF文件知识库\参考资料\标准格式样板\equipment\character\swordman\avatar\hair\chn_equ_upper_avatar_swordman_hair_101560705.equ
棕色追魂剑客束发,equipment,0,1,0,0,0,hair avatar,,swordman,否,,DNF文件知识库\参考资料\标准格式样板\equipment\character\swordman\avatar\hair\chn_equ_upper_avatar_swordman_hair_101560706.equ
剑神定风波肩饰[A款],equipment,0,1,0,0,0,breast avatar,,swordman,否,,DNF文件知识库\参考资料\标准格式样板\equipment\character\swordman\avatar\neck\401520067.equ
剑神定风波肩饰[B款],equipment,0,1,0,0,0,breast avatar,,swordman,否,,DNF文件知识库\参考资料\标准格式样板\equipment\character\swordman\avatar\neck\401520068.equ
剑神定风波肩饰[C款],equipment,0,1,0,0,0,breast avatar,,swordman,否,,DNF文件知识库\参考资料\标准格式样板\equipment\character\swordman\avatar\neck\401520069.equ
剑神定风波肩饰[D款],equipment,0,1,0,0,0,breast avatar,,swordman,否,,DNF文件知识库\参考资料\标准格式样板\equipment\character\swordman\avatar\neck\401520070.equ
神器克隆装扮胸部 (鬼剑士),equipment,3,1,0,0,0,breast avatar,,swordman,否,,DNF文件知识库\参考资料\标准格式样板\equipment\character\swordman\avatar\neck\401520116.equ
黑色双剑,equipment,0,1,0,0,0,breast avatar,,swordman,否,,DNF文件知识库\参考资料\标准格式样板\equipment\character\swordman\avatar\neck\adsword_black.equ
绿色双剑,equipment,0,1,0,0,0,breast avatar,,swordman,否,,DNF文件知识库\参考资料\标准格式样板\equipment\character\swordman\avatar\neck\adsword_green.equ
红色双剑,equipment,0,1,0,0,0,breast avatar,,swordman,否,,DNF文件知识库\参考资料\标准格式样板\equipment\character\swordman\avatar\neck\adsword_red.equ
黄色双剑,equipment,0,1,0,0,0,breast avatar,,swordman,否,,DNF文件知识库\参考资料\标准格式样板\equipment\character\swordman\avatar\neck\adsword_yellow.equ
红色暗黑守卫巨剑,equipment,0,1,0,0,0,breast avatar,,swordman,否,,DNF文件知识库\参考资料\标准格式样板\equipment\character\swordman\avatar\neck\aneck_40363.equ
黑色暗黑守卫巨剑,equipment,0,1,0,0,0,breast avatar,,swordman,否,,DNF文件知识库\参考资料\标准格式样板\equipment\character\swordman\avatar\neck\aneck_40364.equ
紫色暗黑守卫巨剑,equipment,0,1,0,0,0,breast avatar,,swordman,否,,DNF文件知识库\参考资料\标准格式样板\equipment\character\swordman\avatar\neck\aneck_40365.equ
蓝色暗黑守卫巨剑,equipment,0,1,0,0,0,breast avatar,,swordman,否,,DNF文件知识库\参考资料\标准格式样板\equipment\character\swordman\avatar\neck\aneck_40366.equ
红色幽灵猎人骷髅长剑,equipment,0,1,0,0,0,breast avatar,,swordman,否,,DNF文件知识库\参考资料\标准格式样板\equipment\character\swordman\avatar\neck\aneck_40403.equ
棕色幽灵猎人骷髅长剑,equipment,0,1,0,0,0,breast avatar,,swordman,否,,DNF文件知识库\参考资料\标准格式样板\equipment\character\swordman\avatar\neck\aneck_40404.equ
蓝色幽灵猎人骷髅长剑,equipment,0,1,0,0,0,breast avatar,,swordman,否,,DNF文件知识库\参考资料\标准格式样板\equipment\character\swordman\avatar\neck\aneck_40405.equ
绿色幽灵猎人骷髅长剑,equipment,0,1,0,0,0,breast avatar,,swordman,否,,DNF文件知识库\参考资料\标准格式样板\equipment\character\swordman\avatar\neck\aneck_40406.equ
克隆装扮胸部 (鬼剑士),equipment,0,1,0,0,0,breast avatar,,swordman,否,,DNF文件知识库\参考资料\标准格式样板\equipment\character\swordman\avatar\neck\aneck_clonesw.equ
稀有克隆装扮胸部 (鬼剑士),equipment,2,1,0,0,0,breast avatar,,swordman,否,,DNF文件知识库\参考资料\标准格式样板\equipment\character\swordman\avatar\neck\aneck_rareclonesw.equ
黄金克隆装扮胸部 (鬼剑士),equipment,4,1,0,0,0,breast avatar,,swordman,否,,DNF文件知识库\参考资料\标准格式样板\equipment\character\swordman\avatar\neck\aneck_rareclonesw_new.equ
极诣·剑影幻锋护肩[款式1],equipment,0,1,0,0,0,breast avatar,,swordman,否,,DNF文件知识库\参考资料\标准格式样板\equipment\character\swordman\avatar\neck\chn_2023_202320083.equ
极诣·剑影幻夜护肩[款式2],equipment,0,1,0,0,0,breast avatar,,swordman,否,,DNF文件知识库\参考资料\标准格式样板\equipment\character\swordman\avatar\neck\chn_2023_202320084.equ
极诣·剑影幻魂护肩[款式3],equipment,0,1,0,0,0,breast avatar,,swordman,否,,DNF文件知识库\参考资料\标准格式样板\equipment\character\swordman\avatar\neck\chn_2023_202320085.equ
极诣·剑影幻鸣护肩[款式4],equipment,0,1,0,0,0,breast avatar,,swordman,否,,DNF文件知识库\参考资料\标准格式样板\equipment\character\swordman\avatar\neck\chn_2023_202320086.equ
极诣·剑影幻舞护肩[银色款],equipment,0,1,0,0,0,breast avatar,,swordman,否,,DNF文件知识库\参考资料\标准格式样板\equipment\character\swordman\avatar\neck\chn_2023_202320087.equ
极诣·剑影幻剑护肩[金色款],equipment,0,1,0,0,0,breast avatar,,swordman,否,,DNF文件知识库\参考资料\标准格式样板\equipment\character\swordman\avatar\neck\chn_2023_202320088.equ
极诣·剑魂剑意伤痕[款式1],equipment,0,1,0,0,0,breast avatar,,swordman,否,,DNF文件知识库\参考资料\标准格式样板\equipment\character\swordman\avatar\neck\chn_2023_242320083.equ
极诣·剑魂剑气伤痕[款式2],equipment,0,1,0,0,0,breast avatar,,swordman,否,,DNF文件知识库\参考资料\标准格式样板\equipment\character\swordman\avatar\neck\chn_2023_242320084.equ
极诣·剑魂剑心伤痕[款式3],equipment,0,1,0,0,0,breast avatar,,swordman,否,,DNF文件知识库\参考资料\标准格式样板\equipment\character\swordman\avatar\neck\chn_2023_242320085.equ
极诣·剑魂剑胆伤痕[款式4],equipment,0,1,0,0,0,breast avatar,,swordman,否,,DNF文件知识库\参考资料\标准格式样板\equipment\character\swordman\avatar\neck\chn_2023_242320086.equ
极诣·剑魂剑诗伤痕[银色款],equipment,0,1,0,0,0,breast avatar,,swordman,否,,DNF文件知识库\参考资料\标准格式样板\equipment\character\swordman\avatar\neck\chn_2023_242320087.equ
极诣·剑魂剑星伤痕[金色款],equipment,0,1,0,0,0,breast avatar,,swordman,否,,DNF文件知识库\参考资料\标准格式样板\equipment\character\swordman\avatar\neck\chn_2023_242320088.equ
剑圣蓝色颈圈,equipment,0,1,0,0,0,breast avatar,,swordman,否,,DNF文件知识库\参考资料\标准格式样板\equipment\character\swordman\avatar\neck\chn_equ_1st_awakening_avatar_swordman_neck_401520008.equ
剑圣粉色颈圈,equipment,0,1,0,0,0,breast avatar,,swordman,否,,DNF文件知识库\参考资料\标准格式样板\equipment\character\swordman\avatar\neck\chn_equ_1st_awakening_avatar_swordman_neck_401520009.equ
剑圣黑色颈圈,equipment,0,1,0,0,0,breast avatar,,swordman,否,,DNF文件知识库\参考资料\标准格式样板\equipment\character\swordman\avatar\neck\chn_equ_1st_awakening_avatar_swordman_neck_401520010.equ
剑圣藏蓝颈圈,equipment,0,1,0,0,0,breast avatar,,swordman,否,,DNF文件知识库\参考资料\标准格式样板\equipment\character\swordman\avatar\neck\chn_equ_1st_awakening_avatar_swordman_neck_401520011.equ
黑色剑术学院耳机,equipment,0,1,0,0,0,breast avatar,,swordman,否,,DNF文件知识库\参考资料\标准格式样板\equipment\character\swordman\avatar\neck\chn_equ_avatar_swordman_neck_2684414.equ
紫色剑术学院耳机,equipment,0,1,0,0,0,breast avatar,,swordman,否,,DNF文件知识库\参考资料\标准格式样板\equipment\character\swordman\avatar\neck\chn_equ_avatar_swordman_neck_2684415.equ
黄色剑术学院耳机,equipment,0,1,0,0,0,breast avatar,,swordman,否,,DNF文件知识库\参考资料\标准格式样板\equipment\character\swordman\avatar\neck\chn_equ_avatar_swordman_neck_2684416.equ
红色剑术学院耳机,equipment,0,1,0,0,0,breast avatar,,swordman,否,,DNF文件知识库\参考资料\标准格式样板\equipment\character\swordman\avatar\neck\chn_equ_avatar_swordman_neck_2684417.equ
红色圣剑骑士披风,equipment,0,1,0,0,0,breast avatar,,swordman,否,,DNF文件知识库\参考资料\标准格式样板\equipment\character\swordman\avatar\neck\chn_equ_special_avatar_swordman_neck_101520627.equ
金色圣剑骑士披风,equipment,0,1,0,0,0,breast avatar,,swordman,否,,DNF文件知识库\参考资料\标准格式样板\equipment\character\swordman\avatar\neck\chn_equ_special_avatar_swordman_neck_101520628.equ
深蓝圣剑骑士披风,equipment,0,1,0,0,0,breast avatar,,swordman,否,,DNF文件知识库\参考资料\标准格式样板\equipment\character\swordman\avatar\neck\chn_equ_special_avatar_swordman_neck_101520629.equ
黑色圣剑骑士披风,equipment,0,1,0,0,0,breast avatar,,swordman,否,,DNF文件知识库\参考资料\标准格式样板\equipment\character\swordman\avatar\neck\chn_equ_special_avatar_swordman_neck_101520630.equ
鹊上肩头[男鬼剑士],equipment,0,1,0,0,0,breast avatar,,swordman,否,,DNF文件知识库\参考资料\标准格式样板\equipment\character\swordman\avatar\neck\chn_equ_special_avatar_swordman_neck_101520683.equ
剑客的红色勇猛披风,equipment,0,1,0,0,0,breast avatar,,swordman,否,,DNF文件知识库\参考资料\标准格式样板\equipment\character\swordman\avatar\neck\chn_equ_special_avatar_swordman_neck_2684406.equ
剑客的黑色勇猛披风,equipment,0,1,0,0,0,breast avatar,,swordman,否,,DNF文件知识库\参考资料\标准格式样板\equipment\character\swordman\avatar\neck\chn_equ_special_avatar_swordman_neck_2684407.equ
剑客的蓝色勇猛披风,equipment,0,1,0,0,0,breast avatar,,swordman,否,,DNF文件知识库\参考资料\标准格式样板\equipment\character\swordman\avatar\neck\chn_equ_special_avatar_swordman_neck_2684408.equ
剑客的紫色勇猛披风,equipment,0,1,0,0,0,breast avatar,,swordman,否,,DNF文件知识库\参考资料\标准格式样板\equipment\character\swordman\avatar\neck\chn_equ_special_avatar_swordman_neck_2684409.equ
白色猎鹰风暴护肩,equipment,0,1,0,0,0,breast avatar,,swordman,否,,DNF文件知识库\参考资料\标准格式样板\equipment\character\swordman\avatar\neck\chn_equ_special_avatar_swordman_neck_2684423.equ
黑色猎鹰风暴护肩,equipment,0,1,0,0,0,breast avatar,,swordman,否,,DNF文件知识库\参考资料\标准格式样板\equipment\character\swordman\avatar\neck\chn_equ_special_avatar_swordman_neck_2684424.equ
红色猎鹰风暴护肩,equipment,0,1,0,0,0,breast avatar,,swordman,否,,DNF文件知识库\参考资料\标准格式样板\equipment\character\swordman\avatar\neck\chn_equ_special_avatar_swordman_neck_2684425.equ
银色猎鹰风暴护肩,equipment,0,1,0,0,0,breast avatar,,swordman,否,,DNF文件知识库\参考资料\标准格式样板\equipment\character\swordman\avatar\neck\chn_equ_special_avatar_swordman_neck_2684426.equ
透明装扮胸部 (鬼剑士),equipment,0,1,0,0,0,breast avatar,,swordman,否,,DNF文件知识库\参考资料\标准格式样板\equipment\character\swordman\avatar\neck\chn_equ_special_avatar_swordman_neck_2684439.equ
透明装扮胸部 (鬼剑士),equipment,0,1,0,0,0,breast avatar,,swordman,否,,DNF文件知识库\参考资料\标准格式样板\equipment\character\swordman\avatar\neck\chn_equ_special_avatar_swordman_neck_2684440.equ
透明装扮胸部 (鬼剑士),equipment,0,1,0,0,0,breast avatar,,swordman,否,,DNF文件知识库\参考资料\标准格式样板\equipment\character\swordman\avatar\neck\chn_equ_special_avatar_swordman_neck_2684461.equ
透明装扮胸部 (鬼剑士),equipment,0,1,0,0,0,breast avatar,,swordman,否,,DNF文件知识库\参考资料\标准格式样板\equipment\character\swordman\avatar\neck\chn_equ_special_avatar_swordman_neck_2684462.equ
夏日透明多芒星项链,equipment,0,1,0,0,0,breast avatar,,swordman,否,,DNF文件知识库\参考资料\标准格式样板\equipment\character\swordman\avatar\neck\chn_equ_special_avatar_swordman_neck_2684473.equ
夏日透明多芒星项链,equipment,0,1,0,0,0,breast avatar,,swordman,否,,DNF文件知识库\参考资料\标准格式样板\equipment\character\swordman\avatar\neck\chn_equ_special_avatar_swordman_neck_2684474.equ
夏日透明多芒星项链,equipment,0,1,0,0,0,breast avatar,,swordman,否,,DNF文件知识库\参考资料\标准格式样板\equipment\character\swordman\avatar\neck\chn_equ_special_avatar_swordman_neck_2684475.equ
夏日透明多芒星项链,equipment,0,1,0,0,0,breast avatar,,swordman,否,,DNF文件知识库\参考资料\标准格式样板\equipment\character\swordman\avatar\neck\chn_equ_special_avatar_swordman_neck_2684476.equ
红色鬼影骑士领巾,equipment,0,1,0,0,0,breast avatar,,swordman,否,,DNF文件知识库\参考资料\标准格式样板\equipment\character\swordman\avatar\neck\chn_equ_special_avatar_swordman_neck_2684493.equ
绿色鬼影骑士领巾,equipment,0,1,0,0,0,breast avatar,,swordman,否,,DNF文件知识库\参考资料\标准格式样板\equipment\character\swordman\avatar\neck\chn_equ_special_avatar_swordman_neck_2684494.equ
紫色鬼影骑士领巾,equipment,0,1,0,0,0,breast avatar,,swordman,否,,DNF文件知识库\参考资料\标准格式样板\equipment\character\swordman\avatar\neck\chn_equ_special_avatar_swordman_neck_2684495.equ
蓝色鬼影骑士领巾,equipment,0,1,0,0,0,breast avatar,,swordman,否,,DNF文件知识库\参考资料\标准格式样板\equipment\character\swordman\avatar\neck\chn_equ_special_avatar_swordman_neck_2684496.equ
红色追魂剑客纹身,equipment,0,1,0,0,0,breast avatar,,swordman,否,,DNF文件知识库\参考资料\标准格式样板\equipment\character\swordman\avatar\neck\chn_equ_upper_avatar_swordman_neck_101520527.equ
黑色追魂剑客纹身,equipment,0,1,0,0,0,breast avatar,,swordman,否,,DNF文件知识库\参考资料\标准格式样板\equipment\character\swordman\avatar\neck\chn_equ_upper_avatar_swordman_neck_101520528.equ
紫色追魂剑客纹身,equipment,0,1,0,0,0,breast avatar,,swordman,否,,DNF文件知识库\参考资料\标准格式样板\equipment\character\swordman\avatar\neck\chn_equ_upper_avatar_swordman_neck_101520529.equ
棕色追魂剑客纹身,equipment,0,1,0,0,0,breast avatar,,swordman,否,,DNF文件知识库\参考资料\标准格式样板\equipment\character\swordman\avatar\neck\chn_equ_upper_avatar_swordman_neck_101520530.equ
剑神定风波下装[A款],equipment,0,1,0,0,0,pants avatar,,swordman,否,,DNF文件知识库\参考资料\标准格式样板\equipment\character\swordman\avatar\pants\401510091.equ
剑神定风波下装[B款],equipment,0,1,0,0,0,pants avatar,,swordman,否,,DNF文件知识库\参考资料\标准格式样板\equipment\character\swordman\avatar\pants\401510092.equ
剑神定风波下装[C款],equipment,0,1,0,0,0,pants avatar,,swordman,否,,DNF文件知识库\参考资料\标准格式样板\equipment\character\swordman\avatar\pants\401510093.equ
剑神定风波下装[D款],equipment,0,1,0,0,0,pants avatar,,swordman,否,,DNF文件知识库\参考资料\标准格式样板\equipment\character\swordman\avatar\pants\401510094.equ
神器克隆装扮下装 (鬼剑士),equipment,3,1,0,0,0,pants avatar,,swordman,否,,DNF文件知识库\参考资料\标准格式样板\equipment\character\swordman\avatar\pants\401510140.equ
暗蓝色鬼剑士之裤,equipment,0,1,360000,0,0,pants avatar,,swordman,否,,DNF文件知识库\参考资料\标准格式样板\equipment\character\swordman\avatar\pants\agaitor_dbl.equ
绿色鬼剑士之裤,equipment,0,1,360000,0,0,pants avatar,,swordman,否,,DNF文件知识库\参考资料\标准格式样板\equipment\character\swordman\avatar\pants\agaitor_gr.equ
紫色鬼剑士之裤,equipment,0,1,360000,0,0,pants avatar,,swordman,否,,DNF文件知识库\参考资料\标准格式样板\equipment\character\swordman\avatar\pants\agaitor_pp.equ
黑色剑斗士条纹护腿,equipment,0,1,0,0,0,pants avatar,,swordman,否,,DNF文件知识库\参考资料\标准格式样板\equipment\character\swordman\avatar\pants\aleg_bkltswordman.equ
黑色剑斗士短裤,equipment,0,1,0,0,0,pants avatar,,swordman,否,,DNF文件知识库\参考资料\标准格式样板\equipment\character\swordman\avatar\pants\aleg_bkswordman.equ
褐色剑斗士短裤,equipment,0,1,0,0,0,pants avatar,,swordman,否,,DNF文件知识库\参考资料\标准格式样板\equipment\character\swordman\avatar\pants\aleg_brswordman.equ
钴蓝色剑斗士短裤,equipment,0,1,0,0,0,pants avatar,,swordman,否,,DNF文件知识库\参考资料\标准格式样板\equipment\character\swordman\avatar\pants\aleg_coblswordman.equ
紫色剑斗士短裤,equipment,0,1,0,0,0,pants avatar,,swordman,否,,DNF文件知识库\参考资料\标准格式样板\equipment\character\swordman\avatar\pants\aleg_ppswordman.equ
红色剑斗士条纹护腿,equipment,0,1,0,0,0,pants avatar,,swordman,否,,DNF文件知识库\参考资料\标准格式样板\equipment\character\swordman\avatar\pants\aleg_rdltswordman.equ
白色剑斗士条纹护腿,equipment,0,1,0,0,0,pants avatar,,swordman,否,,DNF文件知识库\参考资料\标准格式样板\equipment\character\swordman\avatar\pants\aleg_wtltswordman.equ
黄色剑斗士条纹护腿,equipment,0,1,0,0,0,pants avatar,,swordman,否,,DNF文件知识库\参考资料\标准格式样板\equipment\character\swordman\avatar\pants\aleg_ylltswordman.equ
童话剑士的红色扣带裤,equipment,0,1,0,0,0,pants avatar,,swordman,否,,DNF文件知识库\参考资料\标准格式样板\equipment\character\swordman\avatar\pants\apants_41259.equ
童话剑士的黑色扣带裤,equipment,0,1,0,0,0,pants avatar,,swordman,否,,DNF文件知识库\参考资料\标准格式样板\equipment\character\swordman\avatar\pants\apants_41260.equ
黑色剑术学院校服裤,equipment,0,1,0,0,0,pants avatar,,swordman,否,,DNF文件知识库\参考资料\标准格式样板\equipment\character\swordman\avatar\pants\apants_41290.equ
金色剑术学院校服裤,equipment,0,1,0,0,0,pants avatar,,swordman,否,,DNF文件知识库\参考资料\标准格式样板\equipment\character\swordman\avatar\pants\apants_41291.equ
蓝色剑术学院校服裤,equipment,0,1,0,0,0,pants avatar,,swordman,否,,DNF文件知识库\参考资料\标准格式样板\equipment\character\swordman\avatar\pants\apants_41292.equ
白色剑术学院校服裤,equipment,0,1,0,0,0,pants avatar,,swordman,否,,DNF文件知识库\参考资料\标准格式样板\equipment\character\swordman\avatar\pants\apants_41293.equ
黑绿相间剑士长裤,equipment,0,1,0,0,0,pants avatar,,swordman,否,,DNF文件知识库\参考资料\标准格式样板\equipment\character\swordman\avatar\pants\apants_bkgrwarrior.equ
黑红相间剑士长裤,equipment,0,1,0,0,0,pants avatar,,swordman,否,,DNF文件知识库\参考资料\标准格式样板\equipment\character\swordman\avatar\pants\apants_bkrdwarrior.equ
黑白相间剑士长裤,equipment,0,1,0,0,0,pants avatar,,swordman,否,,DNF文件知识库\参考资料\标准格式样板\equipment\character\swordman\avatar\pants\apants_bkwtwarrior.equ
黑黄相间剑士长裤,equipment,0,1,0,0,0,pants avatar,,swordman,否,,DNF文件知识库\参考资料\标准格式样板\equipment\character\swordman\avatar\pants\apants_bkylwarrior.equ
克隆装扮下装 (鬼剑士),equipment,0,1,0,0,0,pants avatar,,swordman,否,,DNF文件知识库\参考资料\标准格式样板\equipment\character\swordman\avatar\pants\apants_clonesw.equ
稀有克隆装扮下装 (鬼剑士),equipment,2,1,0,0,0,pants avatar,,swordman,否,,DNF文件知识库\参考资料\标准格式样板\equipment\character\swordman\avatar\pants\apants_rareclonesw.equ
黄金克隆装扮下装 (鬼剑士),equipment,4,1,0,0,0,pants avatar,,swordman,否,,DNF文件知识库\参考资料\标准格式样板\equipment\character\swordman\avatar\pants\apants_rareclonesw_new.equ
红色鬼剑之裤,equipment,0,1,0,0,0,pants avatar,,swordman,否,,DNF文件知识库\参考资料\标准格式样板\equipment\character\swordman\avatar\pants\apants_rddefault.equ
可口可乐时装短裤 (鬼剑士2),equipment,0,1,0,0,0,pants avatar,,swordman,否,,DNF文件知识库\参考资料\标准格式样板\equipment\character\swordman\avatar\pants\apants_scokeventb.equ
可口可乐时装短裤 (鬼剑士3),equipment,0,1,0,0,0,pants avatar,,swordman,否,,DNF文件知识库\参考资料\标准格式样板\equipment\character\swordman\avatar\pants\apants_scokeventc.equ
黑色鬼剑校服裤,equipment,0,1,0,0,0,pants avatar,,swordman,否,,DNF文件知识库\参考资料\标准格式样板\equipment\character\swordman\avatar\pants\atrousers_bksumuniform.equ
蓝色鬼剑校服裤,equipment,0,1,0,0,0,pants avatar,,swordman,否,,DNF文件知识库\参考资料\标准格式样板\equipment\character\swordman\avatar\pants\atrousers_blsumuniform.equ
酒红色鬼剑校服裤,equipment,0,1,0,0,0,pants avatar,,swordman,否,,DNF文件知识库\参考资料\标准格式样板\equipment\character\swordman\avatar\pants\atrousers_wnsumuniform.equ
白色鬼剑校服裤,equipment,0,1,0,0,0,pants avatar,,swordman,否,,DNF文件知识库\参考资料\标准格式样板\equipment\character\swordman\avatar\pants\atrousers_wtsumuniform.equ
极诣·剑影幻锋裤子[款式1],equipment,0,1,0,0,0,pants avatar,,swordman,否,,DNF文件知识库\参考资料\标准格式样板\equipment\character\swordman\avatar\pants\chn_2023_202310107.equ
极诣·剑影幻夜裤子[款式2],equipment,0,1,0,0,0,pants avatar,,swordman,否,,DNF文件知识库\参考资料\标准格式样板\equipment\character\swordman\avatar\pants\chn_2023_202310108.equ
极诣·剑影幻魂裤子[款式3],equipment,0,1,0,0,0,pants avatar,,swordman,否,,DNF文件知识库\参考资料\标准格式样板\equipment\character\swordman\avatar\pants\chn_2023_202310109.equ
极诣·剑影幻鸣裤子[款式4],equipment,0,1,0,0,0,pants avatar,,swordman,否,,DNF文件知识库\参考资料\标准格式样板\equipment\character\swordman\avatar\pants\chn_2023_202310110.equ
极诣·剑影幻舞裤子[银色款],equipment,0,1,0,0,0,pants avatar,,swordman,否,,DNF文件知识库\参考资料\标准格式样板\equipment\character\swordman\avatar\pants\chn_2023_202310111.equ
极诣·剑影幻剑裤子[金色款],equipment,0,1,0,0,0,pants avatar,,swordman,否,,DNF文件知识库\参考资料\标准格式样板\equipment\character\swordman\avatar\pants\chn_2023_202310112.equ
极诣·剑魂剑意裤子[款式1],equipment,0,1,0,0,0,pants avatar,,swordman,否,,DNF文件知识库\参考资料\标准格式样板\equipment\character\swordman\avatar\pants\chn_2023_242310107.equ
极诣·剑魂剑气裤子[款式2],equipment,0,1,0,0,0,pants avatar,,swordman,否,,DNF文件知识库\参考资料\标准格式样板\equipment\character\swordman\avatar\pants\chn_2023_242310108.equ
极诣·剑魂剑心裤子[款式3],equipment,0,1,0,0,0,pants avatar,,swordman,否,,DNF文件知识库\参考资料\标准格式样板\equipment\character\swordman\avatar\pants\chn_2023_242310109.equ
极诣·剑魂剑胆裤子[款式4],equipment,0,1,0,0,0,pants avatar,,swordman,否,,DNF文件知识库\参考资料\标准格式样板\equipment\character\swordman\avatar\pants\chn_2023_242310110.equ
极诣·剑魂剑诗裤子[银色款],equipment,0,1,0,0,0,pants avatar,,swordman,否,,DNF文件知识库\参考资料\标准格式样板\equipment\character\swordman\avatar\pants\chn_2023_242310111.equ
极诣·剑魂剑星裤子[金色款],equipment,0,1,0,0,0,pants avatar,,swordman,否,,DNF文件知识库\参考资料\标准格式样板\equipment\character\swordman\avatar\pants\chn_2023_242310112.equ
剑圣白色长裤,equipment,0,1,0,0,0,pants avatar,,swordman,否,,DNF文件知识库\参考资料\标准格式样板\equipment\character\swordman\avatar\pants\chn_equ_1st_awakening_avatar_swordman_pants_401510026.equ
剑圣灰色长裤,equipment,0,1,0,0,0,pants avatar,,swordman,否,,DNF文件知识库\参考资料\标准格式样板\equipment\character\swordman\avatar\pants\chn_equ_1st_awakening_avatar_swordman_pants_401510027.equ
剑圣亮白长裤,equipment,0,1,0,0,0,pants avatar,,swordman,否,,DNF文件知识库\参考资料\标准格式样板\equipment\character\swordman\avatar\pants\chn_equ_1st_awakening_avatar_swordman_pants_401510028.equ
剑圣酷白长裤,equipment,0,1,0,0,0,pants avatar,,swordman,否,,DNF文件知识库\参考资料\标准格式样板\equipment\character\swordman\avatar\pants\chn_equ_1st_awakening_avatar_swordman_pants_401510029.equ
褐色春季校服长裤 (鬼剑),equipment,0,1,0,0,0,pants avatar,,swordman,否,,DNF文件知识库\参考资料\标准格式样板\equipment\character\swordman\avatar\pants\chn_equ_avatar_swordman_pants_2680107.equ
黑色春季校服长裤 (鬼剑),equipment,0,1,0,0,0,pants avatar,,swordman,否,,DNF文件知识库\参考资料\标准格式样板\equipment\character\swordman\avatar\pants\chn_equ_avatar_swordman_pants_2680108.equ
白色春季校服长裤 (鬼剑),equipment,0,1,0,0,0,pants avatar,,swordman,否,,DNF文件知识库\参考资料\标准格式样板\equipment\character\swordman\avatar\pants\chn_equ_avatar_swordman_pants_2680109.equ
黄色春季校服长裤 (鬼剑),equipment,0,1,0,0,0,pants avatar,,swordman,否,,DNF文件知识库\参考资料\标准格式样板\equipment\character\swordman\avatar\pants\chn_equ_avatar_swordman_pants_2680110.equ
青绿色鬼剑训练长裤,equipment,0,1,0,0,0,pants avatar,,swordman,否,,DNF文件知识库\参考资料\标准格式样板\equipment\character\swordman\avatar\pants\chn_equ_avatar_swordman_pants_2684634.equ
褐色鬼剑训练长裤,equipment,0,1,0,0,0,pants avatar,,swordman,否,,DNF文件知识库\参考资料\标准格式样板\equipment\character\swordman\avatar\pants\chn_equ_avatar_swordman_pants_2684635.equ
黑色鬼剑训练长裤,equipment,0,1,0,0,0,pants avatar,,swordman,否,,DNF文件知识库\参考资料\标准格式样板\equipment\character\swordman\avatar\pants\chn_equ_avatar_swordman_pants_2684636.equ
红色鬼剑训练长裤,equipment,0,1,0,0,0,pants avatar,,swordman,否,,DNF文件知识库\参考资料\标准格式样板\equipment\character\swordman\avatar\pants\chn_equ_avatar_swordman_pants_2684637.equ
黑色剑术学院校服裤,equipment,0,1,0,0,0,pants avatar,,swordman,否,,DNF文件知识库\参考资料\标准格式样板\equipment\character\swordman\avatar\pants\chn_equ_avatar_swordman_pants_2684681.equ
金色剑术学院校服裤,equipment,0,1,0,0,0,pants avatar,,swordman,否,,DNF文件知识库\参考资料\标准格式样板\equipment\character\swordman\avatar\pants\chn_equ_avatar_swordman_pants_2684682.equ
蓝色剑术学院校服裤,equipment,0,1,0,0,0,pants avatar,,swordman,否,,DNF文件知识库\参考资料\标准格式样板\equipment\character\swordman\avatar\pants\chn_equ_avatar_swordman_pants_2684683.equ
白色剑术学院校服裤,equipment,0,1,0,0,0,pants avatar,,swordman,否,,DNF文件知识库\参考资料\标准格式样板\equipment\character\swordman\avatar\pants\chn_equ_avatar_swordman_pants_2684684.equ
银色圣剑骑士腿甲,equipment,0,1,0,0,0,pants avatar,,swordman,否,,DNF文件知识库\参考资料\标准格式样板\equipment\character\swordman\avatar\pants\chn_equ_special_avatar_swordman_pants_101510999.equ
金色圣剑骑士腿甲,equipment,0,1,0,0,0,pants avatar,,swordman,否,,DNF文件知识库\参考资料\标准格式样板\equipment\character\swordman\avatar\pants\chn_equ_special_avatar_swordman_pants_101511000.equ
蓝色圣剑骑士腿甲,equipment,0,1,0,0,0,pants avatar,,swordman,否,,DNF文件知识库\参考资料\标准格式样板\equipment\character\swordman\avatar\pants\chn_equ_special_avatar_swordman_pants_101511001.equ
黑色圣剑骑士腿甲,equipment,0,1,0,0,0,pants avatar,,swordman,否,,DNF文件知识库\参考资料\标准格式样板\equipment\character\swordman\avatar\pants\chn_equ_special_avatar_swordman_pants_101511002.equ
剑客的黑色勇猛下衣,equipment,0,1,0,0,0,pants avatar,,swordman,否,,DNF文件知识库\参考资料\标准格式样板\equipment\character\swordman\avatar\pants\chn_equ_special_avatar_swordman_pants_2684672.equ
剑客的红色勇猛下衣,equipment,0,1,0,0,0,pants avatar,,swordman,否,,DNF文件知识库\参考资料\标准格式样板\equipment\character\swordman\avatar\pants\chn_equ_special_avatar_swordman_pants_2684673.equ
剑客的白色勇猛下衣,equipment,0,1,0,0,0,pants avatar,,swordman,否,,DNF文件知识库\参考资料\标准格式样板\equipment\character\swordman\avatar\pants\chn_equ_special_avatar_swordman_pants_2684674.equ
剑客的黄色勇猛下衣,equipment,0,1,0,0,0,pants avatar,,swordman,否,,DNF文件知识库\参考资料\标准格式样板\equipment\character\swordman\avatar\pants\chn_equ_special_avatar_swordman_pants_2684675.equ
黑色猎鹰风暴军裤,equipment,0,1,0,0,0,pants avatar,,swordman,否,,DNF文件知识库\参考资料\标准格式样板\equipment\character\swordman\avatar\pants\chn_equ_special_avatar_swordman_pants_2684689.equ
绿色猎鹰风暴军裤,equipment,0,1,0,0,0,pants avatar,,swordman,否,,DNF文件知识库\参考资料\标准格式样板\equipment\character\swordman\avatar\pants\chn_equ_special_avatar_swordman_pants_2684690.equ
白色猎鹰风暴军裤,equipment,0,1,0,0,0,pants avatar,,swordman,否,,DNF文件知识库\参考资料\标准格式样板\equipment\character\swordman\avatar\pants\chn_equ_special_avatar_swordman_pants_2684691.equ
蓝色猎鹰风暴军裤,equipment,0,1,0,0,0,pants avatar,,swordman,否,,DNF文件知识库\参考资料\标准格式样板\equipment\character\swordman\avatar\pants\chn_equ_special_avatar_swordman_pants_2684692.equ
黑色鬼影骑士长裤,equipment,0,1,0,0,0,pants avatar,,swordman,否,,DNF文件知识库\参考资料\标准格式样板\equipment\character\swordman\avatar\pants\chn_equ_special_avatar_swordman_pants_2684750.equ
红色鬼影骑士长裤,equipment,0,1,0,0,0,pants avatar,,swordman,否,,DNF文件知识库\参考资料\标准格式样板\equipment\character\swordman\avatar\pants\chn_equ_special_avatar_swordman_pants_2684751.equ
蓝色鬼影骑士长裤,equipment,0,1,0,0,0,pants avatar,,swordman,否,,DNF文件知识库\参考资料\标准格式样板\equipment\character\swordman\avatar\pants\chn_equ_special_avatar_swordman_pants_2684752.equ
白色鬼影骑士长裤,equipment,0,1,0,0,0,pants avatar,,swordman,否,,DNF文件知识库\参考资料\标准格式样板\equipment\character\swordman\avatar\pants\chn_equ_special_avatar_swordman_pants_2684753.equ
黑色追魂剑客长裤,equipment,0,1,0,0,0,pants avatar,,swordman,否,,DNF文件知识库\参考资料\标准格式样板\equipment\character\swordman\avatar\pants\chn_equ_upper_avatar_swordman_pants_101510890.equ
红色追魂剑客长裤,equipment,0,1,0,0,0,pants avatar,,swordman,否,,DNF文件知识库\参考资料\标准格式样板\equipment\character\swordman\avatar\pants\chn_equ_upper_avatar_swordman_pants_101510891.equ
蓝色追魂剑客长裤,equipment,0,1,0,0,0,pants avatar,,swordman,否,,DNF文件知识库\参考资料\标准格式样板\equipment\character\swordman\avatar\pants\chn_equ_upper_avatar_swordman_pants_101510892.equ
白色追魂剑客长裤,equipment,0,1,0,0,0,pants avatar,,swordman,否,,DNF文件知识库\参考资料\标准格式样板\equipment\character\swordman\avatar\pants\chn_equ_upper_avatar_swordman_pants_101510893.equ
黑绿相间剑士长裤 (Event),equipment,0,1,26000,0,0,pants avatar,,swordman,否,,DNF文件知识库\参考资料\标准格式样板\equipment\character\swordman\avatar\pants\goldapants_bkgrwarrior.equ
黑红相间剑士长裤 (Event),equipment,0,1,26000,0,0,pants avatar,,swordman,否,,DNF文件知识库\参考资料\标准格式样板\equipment\character\swordman\avatar\pants\goldapants_bkrdwarrior.equ
黑白相间剑士长裤 (Event),equipment,0,1,26000,0,0,pants avatar,,swordman,否,,DNF文件知识库\参考资料\标准格式样板\equipment\character\swordman\avatar\pants\goldapants_bkwtwarrior.equ
黑黄相间剑士长裤 (Event),equipment,0,1,26000,0,0,pants avatar,,swordman,否,,DNF文件知识库\参考资料\标准格式样板\equipment\character\swordman\avatar\pants\goldapants_bkylwarrior.equ
剑神定风波鞋子[A款],equipment,0,1,0,0,0,shoes avatar,,swordman,否,,DNF文件知识库\参考资料\标准格式样板\equipment\character\swordman\avatar\shoes\401540087.equ
剑神定风波鞋子[B款],equipment,0,1,0,0,0,shoes avatar,,swordman,否,,DNF文件知识库\参考资料\标准格式样板\equipment\character\swordman\avatar\shoes\401540088.equ
剑神定风波鞋子[C款],equipment,0,1,0,0,0,shoes avatar,,swordman,否,,DNF文件知识库\参考资料\标准格式样板\equipment\character\swordman\avatar\shoes\401540089.equ
剑神定风波鞋子[D款],equipment,0,1,0,0,0,shoes avatar,,swordman,否,,DNF文件知识库\参考资料\标准格式样板\equipment\character\swordman\avatar\shoes\401540090.equ
神器克隆装扮鞋 (鬼剑士),equipment,3,1,0,0,0,shoes avatar,,swordman,否,,DNF文件知识库\参考资料\标准格式样板\equipment\character\swordman\avatar\shoes\401540137.equ
黑色剑斗士皮靴,equipment,0,1,0,0,0,shoes avatar,,swordman,否,,DNF文件知识库\参考资料\标准格式样板\equipment\character\swordman\avatar\shoes\aboots_bkltswordman.equ
剑斗士青铜长靴,equipment,0,1,0,0,0,shoes avatar,,swordman,否,,DNF文件知识库\参考资料\标准格式样板\equipment\character\swordman\avatar\shoes\aboots_bzswordman.equ
剑斗士黄金长靴,equipment,0,1,0,0,0,shoes avatar,,swordman,否,,DNF文件知识库\参考资料\标准格式样板\equipment\character\swordman\avatar\shoes\aboots_gdswordman.equ
绿纹镶边剑士长靴,equipment,0,1,0,0,0,shoes avatar,,swordman,否,,DNF文件知识库\参考资料\标准格式样板\equipment\character\swordman\avatar\shoes\aboots_grbandwarrior.equ
红纹镶边剑士长靴,equipment,0,1,0,0,0,shoes avatar,,swordman,否,,DNF文件知识库\参考资料\标准格式样板\equipment\character\swordman\avatar\shoes\aboots_rdbandwarrior.equ
红色剑斗士皮靴,equipment,0,1,0,0,0,shoes avatar,,swordman,否,,DNF文件知识库\参考资料\标准格式样板\equipment\character\swordman\avatar\shoes\aboots_rdltswordman.equ
剑斗士白银长靴,equipment,0,1,0,0,0,shoes avatar,,swordman,否,,DNF文件知识库\参考资料\标准格式样板\equipment\character\swordman\avatar\shoes\aboots_slswordman.equ
剑斗士钢铁长靴,equipment,0,1,0,0,0,shoes avatar,,swordman,否,,DNF文件知识库\参考资料\标准格式样板\equipment\character\swordman\avatar\shoes\aboots_stswordman.equ
白纹镶边剑士长靴,equipment,0,1,0,0,0,shoes avatar,,swordman,否,,DNF文件知识库\参考资料\标准格式样板\equipment\character\swordman\avatar\shoes\aboots_wtbandwarrior.equ
白色剑斗士皮靴,equipment,0,1,0,0,0,shoes avatar,,swordman,否,,DNF文件知识库\参考资料\标准格式样板\equipment\character\swordman\avatar\shoes\aboots_wtltswordman.equ
黄纹镶边剑士长靴,equipment,0,1,0,0,0,shoes avatar,,swordman,否,,DNF文件知识库\参考资料\标准格式样板\equipment\character\swordman\avatar\shoes\aboots_ylbandwarrior.equ
黄色剑斗士皮靴,equipment,0,1,0,0,0,shoes avatar,,swordman,否,,DNF文件知识库\参考资料\标准格式样板\equipment\character\swordman\avatar\shoes\aboots_ylltswordman.equ
童话剑士的红色条纹靴,equipment,0,1,0,0,0,shoes avatar,,swordman,否,,DNF文件知识库\参考资料\标准格式样板\equipment\character\swordman\avatar\shoes\ashoes_42033.equ
童话剑士的黑色条纹靴,equipment,0,1,0,0,0,shoes avatar,,swordman,否,,DNF文件知识库\参考资料\标准格式样板\equipment\character\swordman\avatar\shoes\ashoes_42034.equ
黑色海岛风情沙滩鞋,equipment,0,1,0,0,0,shoes avatar,,swordman,否,,DNF文件知识库\参考资料\标准格式样板\equipment\character\swordman\avatar\shoes\ashoes_42076.equ
蓝色海岛风情沙滩鞋,equipment,0,1,0,0,0,shoes avatar,,swordman,否,,DNF文件知识库\参考资料\标准格式样板\equipment\character\swordman\avatar\shoes\ashoes_42077.equ
红色海岛风情沙滩鞋,equipment,0,1,0,0,0,shoes avatar,,swordman,否,,DNF文件知识库\参考资料\标准格式样板\equipment\character\swordman\avatar\shoes\ashoes_42078.equ
白色海岛风情沙滩鞋,equipment,0,1,0,0,0,shoes avatar,,swordman,否,,DNF文件知识库\参考资料\标准格式样板\equipment\character\swordman\avatar\shoes\ashoes_42079.equ
克隆装扮鞋 (鬼剑士),equipment,0,1,0,0,0,shoes avatar,,swordman,否,,DNF文件知识库\参考资料\标准格式样板\equipment\character\swordman\avatar\shoes\ashoes_clonesw.equ
暗蓝色鬼剑士之鞋,equipment,0,1,210000,0,0,shoes avatar,,swordman,否,,DNF文件知识库\参考资料\标准格式样板\equipment\character\swordman\avatar\shoes\ashoes_dbl.equ
绿色鬼剑士之鞋,equipment,0,1,210000,0,0,shoes avatar,,swordman,否,,DNF文件知识库\参考资料\标准格式样板\equipment\character\swordman\avatar\shoes\ashoes_gr.equ
紫色鬼剑士之鞋,equipment,0,1,210000,0,0,shoes avatar,,swordman,否,,DNF文件知识库\参考资料\标准格式样板\equipment\character\swordman\avatar\shoes\ashoes_pp.equ
稀有克隆装扮鞋 (鬼剑士),equipment,2,1,0,0,0,shoes avatar,,swordman,否,,DNF文件知识库\参考资料\标准格式样板\equipment\character\swordman\avatar\shoes\ashoes_rareclonesw.equ
黄金克隆装扮鞋 (鬼剑士),equipment,4,1,0,0,0,shoes avatar,,swordman,否,,DNF文件知识库\参考资料\标准格式样板\equipment\character\swordman\avatar\shoes\ashoes_rareclonesw_new.equ
极诣·剑影幻锋绷带[款式1],equipment,0,1,0,0,0,shoes avatar,,swordman,否,,DNF文件知识库\参考资料\标准格式样板\equipment\character\swordman\avatar\shoes\chn_2023_202340103.equ
极诣·剑影幻夜绷带[款式2],equipment,0,1,0,0,0,shoes avatar,,swordman,否,,DNF文件知识库\参考资料\标准格式样板\equipment\character\swordman\avatar\shoes\chn_2023_202340104.equ
极诣·剑影幻魂绷带[款式3],equipment,0,1,0,0,0,shoes avatar,,swordman,否,,DNF文件知识库\参考资料\标准格式样板\equipment\character\swordman\avatar\shoes\chn_2023_202340105.equ
极诣·剑影幻鸣绷带[款式4],equipment,0,1,0,0,0,shoes avatar,,swordman,否,,DNF文件知识库\参考资料\标准格式样板\equipment\character\swordman\avatar\shoes\chn_2023_202340106.equ
极诣·剑影幻舞绷带[银色款],equipment,0,1,0,0,0,shoes avatar,,swordman,否,,DNF文件知识库\参考资料\标准格式样板\equipment\character\swordman\avatar\shoes\chn_2023_202340107.equ
极诣·剑影幻剑绷带[金色款],equipment,0,1,0,0,0,shoes avatar,,swordman,否,,DNF文件知识库\参考资料\标准格式样板\equipment\character\swordman\avatar\shoes\chn_2023_202340108.equ
极诣·剑魂剑意草鞋[款式1],equipment,0,1,0,0,0,shoes avatar,,swordman,否,,DNF文件知识库\参考资料\标准格式样板\equipment\character\swordman\avatar\shoes\chn_2023_242340103.equ
极诣·剑魂剑气草鞋[款式2],equipment,0,1,0,0,0,shoes avatar,,swordman,否,,DNF文件知识库\参考资料\标准格式样板\equipment\character\swordman\avatar\shoes\chn_2023_242340104.equ
极诣·剑魂剑心草鞋[款式3],equipment,0,1,0,0,0,shoes avatar,,swordman,否,,DNF文件知识库\参考资料\标准格式样板\equipment\character\swordman\avatar\shoes\chn_2023_242340105.equ
极诣·剑魂剑胆草鞋[款式4],equipment,0,1,0,0,0,shoes avatar,,swordman,否,,DNF文件知识库\参考资料\标准格式样板\equipment\character\swordman\avatar\shoes\chn_2023_242340106.equ
极诣·剑魂剑诗草鞋[银色款],equipment,0,1,0,0,0,shoes avatar,,swordman,否,,DNF文件知识库\参考资料\标准格式样板\equipment\character\swordman\avatar\shoes\chn_2023_242340107.equ
极诣·剑魂剑星草鞋[金色款],equipment,0,1,0,0,0,shoes avatar,,swordman,否,,DNF文件知识库\参考资料\标准格式样板\equipment\character\swordman\avatar\shoes\chn_2023_242340108.equ
剑圣黑色鞋子,equipment,0,1,0,0,0,shoes avatar,,swordman,否,,DNF文件知识库\参考资料\标准格式样板\equipment\character\swordman\avatar\shoes\chn_equ_1st_awakening_avatar_swordman_shoes_401540021.equ
剑圣墨色鞋子,equipment,0,1,0,0,0,shoes avatar,,swordman,否,,DNF文件知识库\参考资料\标准格式样板\equipment\character\swordman\avatar\shoes\chn_equ_1st_awakening_avatar_swordman_shoes_401540022.equ
剑圣红色鞋子,equipment,0,1,0,0,0,shoes avatar,,swordman,否,,DNF文件知识库\参考资料\标准格式样板\equipment\character\swordman\avatar\shoes\chn_equ_1st_awakening_avatar_swordman_shoes_401540023.equ
剑圣蓝色鞋子,equipment,0,1,0,0,0,shoes avatar,,swordman,否,,DNF文件知识库\参考资料\标准格式样板\equipment\character\swordman\avatar\shoes\chn_equ_1st_awakening_avatar_swordman_shoes_401540024.equ
黑色春季运动鞋 (鬼剑),equipment,0,1,0,0,0,shoes avatar,,swordman,否,,DNF文件知识库\参考资料\标准格式样板\equipment\character\swordman\avatar\shoes\chn_equ_avatar_swordman_shoes_2680115.equ
黄色春季运动鞋 (鬼剑),equipment,0,1,0,0,0,shoes avatar,,swordman,否,,DNF文件知识库\参考资料\标准格式样板\equipment\character\swordman\avatar\shoes\chn_equ_avatar_swordman_shoes_2680116.equ
白色春季运动鞋 (鬼剑),equipment,0,1,0,0,0,shoes avatar,,swordman,否,,DNF文件知识库\参考资料\标准格式样板\equipment\character\swordman\avatar\shoes\chn_equ_avatar_swordman_shoes_2680117.equ
红色春季运动鞋 (鬼剑),equipment,0,1,0,0,0,shoes avatar,,swordman,否,,DNF文件知识库\参考资料\标准格式样板\equipment\character\swordman\avatar\shoes\chn_equ_avatar_swordman_shoes_2680118.equ
黑色鬼剑训练鞋,equipment,0,1,0,0,0,shoes avatar,,swordman,否,,DNF文件知识库\参考资料\标准格式样板\equipment\character\swordman\avatar\shoes\chn_equ_avatar_swordman_shoes_2684894.equ
紫色鬼剑训练鞋,equipment,0,1,0,0,0,shoes avatar,,swordman,否,,DNF文件知识库\参考资料\标准格式样板\equipment\character\swordman\avatar\shoes\chn_equ_avatar_swordman_shoes_2684895.equ
红色鬼剑训练鞋,equipment,0,1,0,0,0,shoes avatar,,swordman,否,,DNF文件知识库\参考资料\标准格式样板\equipment\character\swordman\avatar\shoes\chn_equ_avatar_swordman_shoes_2684896.equ
白色鬼剑训练鞋,equipment,0,1,0,0,0,shoes avatar,,swordman,否,,DNF文件知识库\参考资料\标准格式样板\equipment\character\swordman\avatar\shoes\chn_equ_avatar_swordman_shoes_2684897.equ
黑色剑术学院运动鞋,equipment,0,1,0,0,0,shoes avatar,,swordman,否,,DNF文件知识库\参考资料\标准格式样板\equipment\character\swordman\avatar\shoes\chn_equ_avatar_swordman_shoes_2684939.equ
褐色剑术学院运动鞋,equipment,0,1,0,0,0,shoes avatar,,swordman,否,,DNF文件知识库\参考资料\标准格式样板\equipment\character\swordman\avatar\shoes\chn_equ_avatar_swordman_shoes_2684940.equ
蓝色剑术学院运动鞋,equipment,0,1,0,0,0,shoes avatar,,swordman,否,,DNF文件知识库\参考资料\标准格式样板\equipment\character\swordman\avatar\shoes\chn_equ_avatar_swordman_shoes_2684941.equ
白色剑术学院运动鞋,equipment,0,1,0,0,0,shoes avatar,,swordman,否,,DNF文件知识库\参考资料\标准格式样板\equipment\character\swordman\avatar\shoes\chn_equ_avatar_swordman_shoes_2684942.equ
银色圣剑骑士战靴,equipment,0,1,0,0,0,shoes avatar,,swordman,否,,DNF文件知识库\参考资料\标准格式样板\equipment\character\swordman\avatar\shoes\chn_equ_special_avatar_swordman_shoes_101540750.equ
金色圣剑骑士战靴,equipment,0,1,0,0,0,shoes avatar,,swordman,否,,DNF文件知识库\参考资料\标准格式样板\equipment\character\swordman\avatar\shoes\chn_equ_special_avatar_swordman_shoes_101540751.equ
蓝色圣剑骑士战靴,equipment,0,1,0,0,0,shoes avatar,,swordman,否,,DNF文件知识库\参考资料\标准格式样板\equipment\character\swordman\avatar\shoes\chn_equ_special_avatar_swordman_shoes_101540752.equ
黑色圣剑骑士战靴,equipment,0,1,0,0,0,shoes avatar,,swordman,否,,DNF文件知识库\参考资料\标准格式样板\equipment\character\swordman\avatar\shoes\chn_equ_special_avatar_swordman_shoes_101540753.equ
剑客的黑色勇猛短靴,equipment,0,1,0,0,0,shoes avatar,,swordman,否,,DNF文件知识库\参考资料\标准格式样板\equipment\character\swordman\avatar\shoes\chn_equ_special_avatar_swordman_shoes_2684930.equ
剑客的红色勇猛短靴,equipment,0,1,0,0,0,shoes avatar,,swordman,否,,DNF文件知识库\参考资料\标准格式样板\equipment\character\swordman\avatar\shoes\chn_equ_special_avatar_swordman_shoes_2684931.equ
剑客的蓝色勇猛短靴,equipment,0,1,0,0,0,shoes avatar,,swordman,否,,DNF文件知识库\参考资料\标准格式样板\equipment\character\swordman\avatar\shoes\chn_equ_special_avatar_swordman_shoes_2684932.equ
剑客的紫色勇猛短靴,equipment,0,1,0,0,0,shoes avatar,,swordman,否,,DNF文件知识库\参考资料\标准格式样板\equipment\character\swordman\avatar\shoes\chn_equ_special_avatar_swordman_shoes_2684933.equ
褐色猎鹰风暴军靴,equipment,0,1,0,0,0,shoes avatar,,swordman,否,,DNF文件知识库\参考资料\标准格式样板\equipment\character\swordman\avatar\shoes\chn_equ_special_avatar_swordman_shoes_2684947.equ
黑色猎鹰风暴军靴,equipment,0,1,0,0,0,shoes avatar,,swordman,否,,DNF文件知识库\参考资料\标准格式样板\equipment\character\swordman\avatar\shoes\chn_equ_special_avatar_swordman_shoes_2684948.equ
蓝色猎鹰风暴军靴,equipment,0,1,0,0,0,shoes avatar,,swordman,否,,DNF文件知识库\参考资料\标准格式样板\equipment\character\swordman\avatar\shoes\chn_equ_special_avatar_swordman_shoes_2684949.equ
白色猎鹰风暴军靴,equipment,0,1,0,0,0,shoes avatar,,swordman,否,,DNF文件知识库\参考资料\标准格式样板\equipment\character\swordman\avatar\shoes\chn_equ_special_avatar_swordman_shoes_2684950.equ
黑色鬼影骑士战靴,equipment,0,1,0,0,0,shoes avatar,,swordman,否,,DNF文件知识库\参考资料\标准格式样板\equipment\character\swordman\avatar\shoes\chn_equ_special_avatar_swordman_shoes_2685008.equ
棕色鬼影骑士战靴,equipment,0,1,0,0,0,shoes avatar,,swordman,否,,DNF文件知识库\参考资料\标准格式样板\equipment\character\swordman\avatar\shoes\chn_equ_special_avatar_swordman_shoes_2685009.equ
蓝色鬼影骑士战靴,equipment,0,1,0,0,0,shoes avatar,,swordman,否,,DNF文件知识库\参考资料\标准格式样板\equipment\character\swordman\avatar\shoes\chn_equ_special_avatar_swordman_shoes_2685010.equ
青色鬼影骑士战靴,equipment,0,1,0,0,0,shoes avatar,,swordman,否,,DNF文件知识库\参考资料\标准格式样板\equipment\character\swordman\avatar\shoes\chn_equ_special_avatar_swordman_shoes_2685011.equ
黑色追魂剑客长靴,equipment,0,1,0,0,0,shoes avatar,,swordman,否,,DNF文件知识库\参考资料\标准格式样板\equipment\character\swordman\avatar\shoes\chn_equ_upper_avatar_swordman_shoes_101540641.equ
红色追魂剑客长靴,equipment,0,1,0,0,0,shoes avatar,,swordman,否,,DNF文件知识库\参考资料\标准格式样板\equipment\character\swordman\avatar\shoes\chn_equ_upper_avatar_swordman_shoes_101540642.equ
蓝色追魂剑客长靴,equipment,0,1,0,0,0,shoes avatar,,swordman,否,,DNF文件知识库\参考资料\标准格式样板\equipment\character\swordman\avatar\shoes\chn_equ_upper_avatar_swordman_shoes_101540643.equ
白色追魂剑客长靴,equipment,0,1,0,0,0,shoes avatar,,swordman,否,,DNF文件知识库\参考资料\标准格式样板\equipment\character\swordman\avatar\shoes\chn_equ_upper_avatar_swordman_shoes_101540644.equ
绿纹镶边剑士长靴 (Event),equipment,0,1,21000,0,0,shoes avatar,,swordman,否,,DNF文件知识库\参考资料\标准格式样板\equipment\character\swordman\avatar\shoes\goldaboots_grbandwarrior.equ
红纹镶边剑士长靴 (Event),equipment,0,1,21000,0,0,shoes avatar,,swordman,否,,DNF文件知识库\参考资料\标准格式样板\equipment\character\swordman\avatar\shoes\goldaboots_rdbandwarrior.equ
白纹镶边剑士长靴 (Event),equipment,0,1,21000,0,0,shoes avatar,,swordman,否,,DNF文件知识库\参考资料\标准格式样板\equipment\character\swordman\avatar\shoes\goldaboots_wtbandwarrior.equ
黄纹镶边剑士长靴 (Event),equipment,0,1,21000,0,0,shoes avatar,,swordman,否,,DNF文件知识库\参考资料\标准格式样板\equipment\character\swordman\avatar\shoes\goldaboots_ylbandwarrior.equ
黄金克隆装扮皮肤 (男鬼剑士),equipment,4,1,0,30,30,skin avatar,,swordman,否,,DNF文件知识库\参考资料\标准格式样板\equipment\character\swordman\avatar\skin\101580060.equ
神器克隆装扮皮肤 (男鬼剑士),equipment,3,1,0,188,188,skin avatar,,swordman,否,,DNF文件知识库\参考资料\标准格式样板\equipment\character\swordman\avatar\skin\101580061.equ
冬季雪人套 - 男鬼剑,equipment,0,0,2500000,0,0,skin avatar,,swordman,否,,DNF文件知识库\参考资料\标准格式样板\equipment\character\swordman\avatar\skin\121800001.equ
神兽化灵-男鬼剑士,equipment,0,1,0,0,0,skin avatar,,swordman,否,,DNF文件知识库\参考资料\标准格式样板\equipment\character\swordman\avatar\skin\202062218.equ
机甲龙袍-男鬼剑士(皮肤版),equipment,0,1,0,0,0,skin avatar,,swordman,否,,DNF文件知识库\参考资料\标准格式样板\equipment\character\swordman\avatar\skin\202207082.equ
神兽化灵-男鬼剑士(皮肤版),equipment,0,1,0,0,0,skin avatar,,swordman,否,,DNF文件知识库\参考资料\标准格式样板\equipment\character\swordman\avatar\skin\202262218.equ
紫炎燃武[男鬼剑],equipment,2,1,0,520,520,skin avatar,,swordman,是,,DNF文件知识库\参考资料\标准格式样板\equipment\character\swordman\avatar\skin\222800001.equ
太初昆仑[男鬼剑],equipment,0,0,0,333,333,skin avatar,,swordman,是,,DNF文件知识库\参考资料\标准格式样板\equipment\character\swordman\avatar\skin\232800001.equ
能源机甲皮肤[鬼剑士],equipment,0,0,0,0,0,skin avatar,,swordman,否,,DNF文件知识库\参考资料\标准格式样板\equipment\character\swordman\avatar\skin\4000025.equ
剑神定风波杏色皮肤,equipment,0,1,0,0,0,skin avatar,,swordman,否,,DNF文件知识库\参考资料\标准格式样板\equipment\character\swordman\avatar\skin\401580008.equ
剑神定风波乳白皮肤,equipment,0,1,0,0,0,skin avatar,,swordman,否,,DNF文件知识库\参考资料\标准格式样板\equipment\character\swordman\avatar\skin\401580009.equ
愚人节皮肤 (鬼剑士),equipment,0,1,0,0,0,skin avatar,,swordman,否,,DNF文件知识库\参考资料\标准格式样板\equipment\character\swordman\avatar\skin\401580038.equ
庄生晓梦太刀 (男鬼剑士),equipment,0,1,0,30,30,skin avatar,,swordman,否,,DNF文件知识库\参考资料\标准格式样板\equipment\character\swordman\avatar\skin\9.equ
天蓝色鬼剑皮肤,equipment,0,1,0,0,0,skin avatar,,swordman,否,,DNF文件知识库\参考资料\标准格式样板\equipment\character\swordman\avatar\skin\askin_azurine.equ
默认皮肤(鬼剑士),equipment,0,1,0,0,0,skin avatar,,swordman,否,,DNF文件知识库\参考资料\标准格式样板\equipment\character\swordman\avatar\skin\askin_default.equ
真·女鬼剑,equipment,0,1,0,0,0,skin avatar,,swordman,否,,DNF文件知识库\参考资料\标准格式样板\equipment\character\swordman\avatar\skin\nangui.equ
英雄王的佩剑,equipment,0,1,0,0,0,face avatar,,swordman,否,,DNF文件知识库\参考资料\标准格式样板\equipment\character\swordman\avatar\weapon\101600007.equ
阿尔托莉雅的佩剑,equipment,0,1,0,0,0,face avatar,,swordman,否,,DNF文件知识库\参考资料\标准格式样板\equipment\character\swordman\avatar\weapon\101600008.equ
黄金噬魂战神长剑,equipment,0,1,0,0,0,face avatar,,swordman,否,,DNF文件知识库\参考资料\标准格式样板\equipment\character\swordman\avatar\weapon\101600010.equ
白银噬魂战神长剑,equipment,0,1,0,0,0,face avatar,,swordman,否,,DNF文件知识库\参考资料\标准格式样板\equipment\character\swordman\avatar\weapon\101600011.equ
赤炎猎魂战狂长剑,equipment,0,1,0,0,0,face avatar,,swordman,否,,DNF文件知识库\参考资料\标准格式样板\equipment\character\swordman\avatar\weapon\101600012.equ
恶魔吸血鬼短剑,equipment,0,1,0,0,0,face avatar,,swordman,否,,DNF文件知识库\参考资料\标准格式样板\equipment\character\swordman\avatar\weapon\101600021.equ
黄金战甲的荣耀巨剑,equipment,0,1,0,20,20,face avatar,,swordman,否,,DNF文件知识库\参考资料\标准格式样板\equipment\character\swordman\avatar\weapon\101600026.equ
爱心玫瑰之剑,equipment,0,1,500000,0,0,face avatar,,swordman,否,,DNF文件知识库\参考资料\标准格式样板\equipment\character\swordman\avatar\weapon\101600036.equ
复古魔剑阿波菲斯,equipment,0,1,0,0,0,face avatar,,swordman,否,,DNF文件知识库\参考资料\标准格式样板\equipment\character\swordman\avatar\weapon\101600204.equ
复古长剑,equipment,0,1,0,0,0,face avatar,,swordman,否,,DNF文件知识库\参考资料\标准格式样板\equipment\character\swordman\avatar\weapon\101600205.equ
雷电之神的黄金巨剑,equipment,0,1,0,0,0,face avatar,,swordman,否,,DNF文件知识库\参考资料\标准格式样板\equipment\character\swordman\avatar\weapon\101600206.equ
细剑 · 闪烁之光,equipment,0,1,0,0,0,face avatar,,swordman,否,,DNF文件知识库\参考资料\标准格式样板\equipment\character\swordman\avatar\weapon\101600207.equ
紫炎武器装扮[鬼剑士],equipment,0,1,0,99,99,waist avatar,,swordman,否,,DNF文件知识库\参考资料\标准格式样板\equipment\character\swordman\avatar\weapon\101915001.equ
太初昆仑武器[鬼剑士],equipment,0,1,0,88,88,face avatar,,swordman,否,,DNF文件知识库\参考资料\标准格式样板\equipment\character\swordman\avatar\weapon\202415001.equ
魄之剑,equipment,0,1,0,20,20,face avatar,,swordman,否,,DNF文件知识库\参考资料\标准格式样板\equipment\character\swordman\avatar\weapon\401600002.equ
雷剑·怒涛,equipment,0,1,0,20,20,face avatar,,swordman,否,,DNF文件知识库\参考资料\标准格式样板\equipment\character\swordman\avatar\weapon\401600003.equ
灵剑·九鬼门,equipment,0,1,0,20,20,face avatar,,swordman,否,,DNF文件知识库\参考资料\标准格式样板\equipment\character\swordman\avatar\weapon\401600004.equ
神剑·景,equipment,0,1,0,20,20,face avatar,,swordman,否,,DNF文件知识库\参考资料\标准格式样板\equipment\character\swordman\avatar\weapon\401600006.equ
海军指挥的佩剑,equipment,0,1,0,20,20,face avatar,,swordman,否,,DNF文件知识库\参考资料\标准格式样板\equipment\character\swordman\avatar\weapon\401600010.equ
喜庆狮舞长剑,equipment,0,1,0,20,20,face avatar,,swordman,否,,DNF文件知识库\参考资料\标准格式样板\equipment\character\swordman\avatar\weapon\401600015.equ
蓝色妖姬之剑,equipment,0,1,0,20,20,face avatar,,swordman,否,,DNF文件知识库\参考资料\标准格式样板\equipment\character\swordman\avatar\weapon\401600018.equ
昔日时光彩虹剑,equipment,0,1,0,20,20,face avatar,,swordman,否,,DNF文件知识库\参考资料\标准格式样板\equipment\character\swordman\avatar\weapon\401600019.equ
狮身鹰首兽双刃剑,equipment,0,1,0,20,20,face avatar,,swordman,否,,DNF文件知识库\参考资料\标准格式样板\equipment\character\swordman\avatar\weapon\401600028.equ
幽兰之魂 : 狮身鹰首兽双刃剑,equipment,0,1,0,20,20,face avatar,,swordman,否,,DNF文件知识库\参考资料\标准格式样板\equipment\character\swordman\avatar\weapon\401600029.equ
炽红之魂 : 狮身鹰首兽双刃剑,equipment,0,1,0,20,20,face avatar,,swordman,否,,DNF文件知识库\参考资料\标准格式样板\equipment\character\swordman\avatar\weapon\401600030.equ
艾森的黑暗之剑,equipment,0,1,0,20,20,face avatar,,swordman,否,,DNF文件知识库\参考资料\标准格式样板\equipment\character\swordman\avatar\weapon\401600031.equ
凯德拉赫的欲望之剑,equipment,0,1,0,20,20,face avatar,,swordman,否,,DNF文件知识库\参考资料\标准格式样板\equipment\character\swordman\avatar\weapon\401600033.equ
黑龙·凯德拉赫的欲望之剑,equipment,0,1,0,20,20,face avatar,,swordman,否,,DNF文件知识库\参考资料\标准格式样板\equipment\character\swordman\avatar\weapon\401600034.equ
火神·艾尼克斯的燃烧巨剑,equipment,0,1,0,40,40,face avatar,,swordman,否,,DNF文件知识库\参考资料\标准格式样板\equipment\character\swordman\avatar\weapon\401600035.equ
辉光骄阳骑士巨剑,equipment,0,1,0,20,20,face avatar,,swordman,否,,DNF文件知识库\参考资料\标准格式样板\equipment\character\swordman\avatar\weapon\401600037.equ
静谧银月骑士巨剑,equipment,0,1,0,20,20,face avatar,,swordman,否,,DNF文件知识库\参考资料\标准格式样板\equipment\character\swordman\avatar\weapon\401600038.equ
炫芒之九霄烈阳巨剑,equipment,0,1,0,20,20,face avatar,,swordman,否,,DNF文件知识库\参考资料\标准格式样板\equipment\character\swordman\avatar\weapon\401600039.equ
玉轮之九霄朗月巨剑,equipment,0,1,0,20,20,face avatar,,swordman,否,,DNF文件知识库\参考资料\标准格式样板\equipment\character\swordman\avatar\weapon\401600040.equ
希曼的爱心应援武器装扮 (女鬼剑),equipment,0,1,0,20,20,face avatar,,creator mage,否,,DNF文件知识库\参考资料\标准格式样板\equipment\character\swordman\avatar\weapon\401600042.equ
紫炎武器装扮[女鬼剑士],equipment,0,1,0,99,99,waist avatar,,creator mage,否,,DNF文件知识库\参考资料\标准格式样板\equipment\character\swordman\avatar\weapon\4061059.equ
魔幻星座武器装扮[鬼剑士],equipment,0,1,0,0,0,face avatar,,swordman,否,,DNF文件知识库\参考资料\标准格式样板\equipment\character\swordman\avatar\weapon\415554097.equ
宇宙幻梦之星云剑 (男鬼剑士),equipment,3,1,0,20,20,face avatar,,swordman,否,,DNF文件知识库\参考资料\标准格式样板\equipment\character\swordman\avatar\weapon\9898003.equ
无踪剑,equipment,4,1,0,0,0,face avatar,,swordman,否,,DNF文件知识库\参考资料\标准格式样板\equipment\character\swordman\avatar\weapon\chn_2023_weapon_202300191.equ
卡隆之剑,equipment,4,1,0,0,0,face avatar,,swordman,否,,DNF文件知识库\参考资料\标准格式样板\equipment\character\swordman\avatar\weapon\chn_2023_weapon_202300291.equ
极道·灭世剑,equipment,4,1,0,0,0,face avatar,,swordman,否,,DNF文件知识库\参考资料\标准格式样板\equipment\character\swordman\avatar\weapon\chn_2023_weapon_202300391.equ
能源机甲武器装扮[鬼剑士],equipment,0,1,0,30,30,face avatar,,swordman,否,,DNF文件知识库\参考资料\标准格式样板\equipment\character\swordman\avatar\weapon\chn_4000034.equ
无形 : 心剑,equipment,0,1,0,50,50,face avatar,,swordman,否,,DNF文件知识库\参考资料\标准格式样板\equipment\character\swordman\avatar\weapon\chn_401600043.equ
泰达的圣焰长剑,equipment,0,1,0,0,0,face avatar,,swordman,否,,DNF文件知识库\参考资料\标准格式样板\equipment\character\swordman\avatar\weapon\chn_401600047.equ
信奘的朱雀符木剑,equipment,0,1,0,0,0,face avatar,,swordman,否,,DNF文件知识库\参考资料\标准格式样板\equipment\character\swordman\avatar\weapon\chn_401600048.equ
DPL普通武器装扮 - 鬼剑士,equipment,0,1,0,5,5,skin avatar,,swordman,否,,DNF文件知识库\参考资料\标准格式样板\equipment\character\swordman\avatar\weapon\chn_equ_pvp_avatar_swordman_weapon_101600042.equ
DPL高等武器装扮 - 鬼剑士,equipment,0,1,0,10,10,skin avatar,,swordman,否,,DNF文件知识库\参考资料\标准格式样板\equipment\character\swordman\avatar\weapon\chn_equ_pvp_avatar_swordman_weapon_101600043.equ
雷电之神的黄金巨剑,equipment,0,1,0,0,0,skin avatar,,swordman,否,,DNF文件知识库\参考资料\标准格式样板\equipment\character\swordman\avatar\weapon\chn_equ_special_avatar_swordman_weapon_101600027.equ
勇者龙剑,equipment,0,1,0,0,0,face avatar,,swordman,否,,DNF文件知识库\参考资料\标准格式样板\equipment\character\swordman\avatar\weapon\chn_equ_special_avatar_swordman_weapon_101600028.equ
火焰吞噬者·安徒恩短剑,equipment,0,1,0,0,0,skin avatar,,swordman,否,,DNF文件知识库\参考资料\标准格式样板\equipment\character\swordman\avatar\weapon\chn_equ_special_avatar_swordman_weapon_101600047.equ
火焰吞噬者·安徒恩巨剑,equipment,0,1,0,0,0,skin avatar,,swordman,否,,DNF文件知识库\参考资料\标准格式样板\equipment\character\swordman\avatar\weapon\chn_equ_special_avatar_swordman_weapon_101600050.equ
火焰吞噬者·安徒恩光剑,equipment,0,1,0,0,0,skin avatar,,swordman,否,,DNF文件知识库\参考资料\标准格式样板\equipment\character\swordman\avatar\weapon\chn_equ_special_avatar_swordman_weapon_101600051.equ
兽人英雄金狮巨剑,equipment,0,1,0,20,20,face avatar,,swordman,否,,DNF文件知识库\参考资料\标准格式样板\equipment\character\swordman\avatar\weapon\chn_equ_special_avatar_swordman_weapon_101600052.equ
阿努比斯的黄金剑,equipment,0,1,0,20,20,face avatar,,swordman,否,,DNF文件知识库\参考资料\标准格式样板\equipment\character\swordman\avatar\weapon\chn_equ_special_avatar_swordman_weapon_101600056.equ
星光传奇至尊武器装扮 - 鬼剑士(星光紫),equipment,0,86,0,320,320,face avatar,,"swordman, creator mage",是,,DNF文件知识库\参考资料\标准格式样板\equipment\character\swordman\avatar\weapon\katana7714.equ
白剑 · 逐暗者,equipment,0,1,0,20,20,face avatar,,swordman,否,,DNF文件知识库\参考资料\标准格式样板\equipment\character\swordman\avatar\weapon\weaponchn_equ_special_avatar_swordman_weapon_101600023.equ
黑剑 · 阐释者,equipment,0,1,0,20,20,face avatar,,swordman,否,,DNF文件知识库\参考资料\标准格式样板\equipment\character\swordman\avatar\weapon\weaponchn_equ_special_avatar_swordman_weapon_101600024.equ
世界树诸神之时空剑,equipment,0,1,0,20,20,face avatar,,swordman,否,,DNF文件知识库\参考资料\标准格式样板\equipment\character\swordman\avatar\weapon\weaponchn_equ_special_avatar_swordman_weapon_101600060.equ
龙族的威严 (女鬼剑士),equipment,0,1,0,15,15,aurora avatar,,creator mage,否,,DNF文件知识库\参考资料\标准格式样板\equipment\character\swordman\at_avatar\aura\8198006.equ
龙族的威严 (女鬼剑士),equipment,0,1,0,15,15,aurora avatar,,creator mage,否,,DNF文件知识库\参考资料\标准格式样板\equipment\character\swordman\at_avatar\aura\8198007.equ
龙族的威严 (女鬼剑士),equipment,0,1,0,15,15,aurora avatar,,creator mage,否,,DNF文件知识库\参考资料\标准格式样板\equipment\character\swordman\at_avatar\aura\8198008.equ
龙族的威严 (女鬼剑士),equipment,0,1,0,15,15,aurora avatar,,creator mage,否,,DNF文件知识库\参考资料\标准格式样板\equipment\character\swordman\at_avatar\aura\8198009.equ
夜阑九天玄女长剑,equipment,2,1,0,0,0,waist avatar,,creator mage,否,,DNF文件知识库\参考资料\标准格式样板\equipment\character\swordman\at_avatar\belt\112530220.equ
拂晓九天玄女长剑,equipment,2,1,0,0,0,waist avatar,,creator mage,否,,DNF文件知识库\参考资料\标准格式样板\equipment\character\swordman\at_avatar\belt\112530221.equ
巧克力腰带(a)女鬼剑,equipment,0,1,0,0,0,waist avatar,,creator mage,否,,DNF文件知识库\参考资料\标准格式样板\equipment\character\swordman\at_avatar\belt\199704977.equ
巧克力腰带(b)女鬼剑,equipment,0,1,0,0,0,waist avatar,,creator mage,否,,DNF文件知识库\参考资料\标准格式样板\equipment\character\swordman\at_avatar\belt\199704978.equ
巧克力腰带(c)女鬼剑,equipment,0,1,0,0,0,waist avatar,,creator mage,否,,DNF文件知识库\参考资料\标准格式样板\equipment\character\swordman\at_avatar\belt\199704979.equ
化装舞会冰霜之萨亚灰色长剑,equipment,0,1,0,0,0,waist avatar,,creator mage,否,,DNF文件知识库\参考资料\标准格式样板\equipment\character\swordman\at_avatar\belt\412530036.equ
化装舞会冰霜之萨亚瑰金长剑,equipment,0,1,0,0,0,waist avatar,,creator mage,否,,DNF文件知识库\参考资料\标准格式样板\equipment\character\swordman\at_avatar\belt\412530037.equ
化装舞会冰霜之萨亚海蓝长剑,equipment,0,1,0,0,0,waist avatar,,creator mage,否,,DNF文件知识库\参考资料\标准格式样板\equipment\character\swordman\at_avatar\belt\412530038.equ
化装舞会冰霜之萨亚天蓝长剑,equipment,0,1,0,0,0,waist avatar,,creator mage,否,,DNF文件知识库\参考资料\标准格式样板\equipment\character\swordman\at_avatar\belt\412530039.equ
剑皇虞美人腰带[A款],equipment,0,1,0,0,0,waist avatar,,creator mage,否,,DNF文件知识库\参考资料\标准格式样板\equipment\character\swordman\at_avatar\belt\412530060.equ
剑皇虞美人腰带[B款],equipment,0,1,0,0,0,waist avatar,,creator mage,否,,DNF文件知识库\参考资料\标准格式样板\equipment\character\swordman\at_avatar\belt\412530061.equ
剑皇虞美人腰带[C款],equipment,0,1,0,0,0,waist avatar,,creator mage,否,,DNF文件知识库\参考资料\标准格式样板\equipment\character\swordman\at_avatar\belt\412530062.equ
剑皇虞美人腰带[D款],equipment,0,1,0,0,0,waist avatar,,creator mage,否,,DNF文件知识库\参考资料\标准格式样板\equipment\character\swordman\at_avatar\belt\412530063.equ
剑帝恋香衾腰带[A款],equipment,0,1,0,0,0,waist avatar,,creator mage,否,,DNF文件知识库\参考资料\标准格式样板\equipment\character\swordman\at_avatar\belt\412530064.equ
剑帝恋香衾腰带[B款],equipment,0,1,0,0,0,waist avatar,,creator mage,否,,DNF文件知识库\参考资料\标准格式样板\equipment\character\swordman\at_avatar\belt\412530065.equ
剑帝恋香衾腰带[C款],equipment,0,1,0,0,0,waist avatar,,creator mage,否,,DNF文件知识库\参考资料\标准格式样板\equipment\character\swordman\at_avatar\belt\412530066.equ
剑帝恋香衾腰带[D款],equipment,0,1,0,0,0,waist avatar,,creator mage,否,,DNF文件知识库\参考资料\标准格式样板\equipment\character\swordman\at_avatar\belt\412530067.equ
黄金九天玄女长剑,equipment,2,1,0,0,0,waist avatar,,creator mage,否,,DNF文件知识库\参考资料\标准格式样板\equipment\character\swordman\at_avatar\belt\415550124.equ
赤蓝九天玄女长剑,equipment,2,1,0,0,0,waist avatar,,creator mage,否,,DNF文件知识库\参考资料\标准格式样板\equipment\character\swordman\at_avatar\belt\415550132.equ
光明剑舞天鸣腰饰,equipment,2,1,0,0,0,waist avatar,,creator mage,否,,DNF文件知识库\参考资料\标准格式样板\equipment\character\swordman\at_avatar\belt\abelt_201020858.equ
混沌剑舞天鸣腰饰,equipment,2,1,0,0,0,waist avatar,,creator mage,否,,DNF文件知识库\参考资料\标准格式样板\equipment\character\swordman\at_avatar\belt\abelt_201020866.equ
稀有克隆装扮腰部 (女鬼剑士),equipment,2,1,0,0,0,waist avatar,,creator mage,否,,DNF文件知识库\参考资料\标准格式样板\equipment\character\swordman\at_avatar\belt\awaist_rareclonemg.equ
神器克隆装扮腰部 (女鬼剑士),equipment,3,1,0,0,0,waist avatar,,creator mage,否,,DNF文件知识库\参考资料\标准格式样板\equipment\character\swordman\at_avatar\belt\awaist_rareclonemg_holy.equ
黄金克隆装扮腰部 (女鬼剑士),equipment,4,1,0,0,0,waist avatar,,creator mage,否,,DNF文件知识库\参考资料\标准格式样板\equipment\character\swordman\at_avatar\belt\awaist_rareclonemg_new.equ
极诣·流浪武士剑星腰饰[银色款],equipment,0,1,0,0,0,waist avatar,,creator mage,否,,DNF文件知识库\参考资料\标准格式样板\equipment\character\swordman\at_avatar\belt\chn_2023_202330056.equ
极诣·驭剑士剑语腰带[款式1],equipment,0,1,0,0,0,waist avatar,,creator mage,否,,DNF文件知识库\参考资料\标准格式样板\equipment\character\swordman\at_avatar\belt\chn_2023_202630052.equ
极诣·驭剑士剑缘腰带[款式2],equipment,0,1,0,0,0,waist avatar,,creator mage,否,,DNF文件知识库\参考资料\标准格式样板\equipment\character\swordman\at_avatar\belt\chn_2023_202630053.equ
极诣·驭剑士剑心腰带[款式3],equipment,0,1,0,0,0,waist avatar,,creator mage,否,,DNF文件知识库\参考资料\标准格式样板\equipment\character\swordman\at_avatar\belt\chn_2023_202630054.equ
极诣·驭剑士剑思腰带[款式4],equipment,0,1,0,0,0,waist avatar,,creator mage,否,,DNF文件知识库\参考资料\标准格式样板\equipment\character\swordman\at_avatar\belt\chn_2023_202630055.equ
极诣·驭剑士剑星腰带[银色款],equipment,0,1,0,0,0,waist avatar,,creator mage,否,,DNF文件知识库\参考资料\标准格式样板\equipment\character\swordman\at_avatar\belt\chn_2023_202630056.equ
极诣·驭剑士剑光腰带[金色款],equipment,0,1,0,0,0,waist avatar,,creator mage,否,,DNF文件知识库\参考资料\标准格式样板\equipment\character\swordman\at_avatar\belt\chn_2023_202630057.equ
剑魔红色腰带,equipment,0,1,0,0,0,waist avatar,,creator mage,否,,DNF文件知识库\参考资料\标准格式样板\equipment\character\swordman\at_avatar\belt\chn_equ_1st_awakening_avatar_at_swordman_belt_112530240.equ
剑魔绿色腰带,equipment,0,1,0,0,0,waist avatar,,creator mage,否,,DNF文件知识库\参考资料\标准格式样板\equipment\character\swordman\at_avatar\belt\chn_equ_1st_awakening_avatar_at_swordman_belt_112530241.equ
剑魔紫色腰带,equipment,0,1,0,0,0,waist avatar,,creator mage,否,,DNF文件知识库\参考资料\标准格式样板\equipment\character\swordman\at_avatar\belt\chn_equ_1st_awakening_avatar_at_swordman_belt_112530242.equ
剑魔粉紫腰带,equipment,0,1,0,0,0,waist avatar,,creator mage,否,,DNF文件知识库\参考资料\标准格式样板\equipment\character\swordman\at_avatar\belt\chn_equ_1st_awakening_avatar_at_swordman_belt_112530243.equ
剑宗金色腰链,equipment,0,1,0,0,0,waist avatar,,creator mage,否,,DNF文件知识库\参考资料\标准格式样板\equipment\character\swordman\at_avatar\belt\chn_equ_1st_awakening_avatar_at_swordman_belt_112530244.equ
剑宗黄色腰链,equipment,0,1,0,0,0,waist avatar,,creator mage,否,,DNF文件知识库\参考资料\标准格式样板\equipment\character\swordman\at_avatar\belt\chn_equ_1st_awakening_avatar_at_swordman_belt_112530245.equ
剑宗紫色腰链,equipment,0,1,0,0,0,waist avatar,,creator mage,否,,DNF文件知识库\参考资料\标准格式样板\equipment\character\swordman\at_avatar\belt\chn_equ_1st_awakening_avatar_at_swordman_belt_112530246.equ
剑宗淡粉腰链,equipment,0,1,0,0,0,waist avatar,,creator mage,否,,DNF文件知识库\参考资料\标准格式样板\equipment\character\swordman\at_avatar\belt\chn_equ_1st_awakening_avatar_at_swordman_belt_112530247.equ
剑豪红苏腰坠,equipment,0,1,0,0,0,waist avatar,,creator mage,否,,DNF文件知识库\参考资料\标准格式样板\equipment\character\swordman\at_avatar\belt\chn_equ_1st_awakening_avatar_at_swordman_belt_112530248.equ
剑豪黑苏腰坠,equipment,0,1,0,0,0,waist avatar,,creator mage,否,,DNF文件知识库\参考资料\标准格式样板\equipment\character\swordman\at_avatar\belt\chn_equ_1st_awakening_avatar_at_swordman_belt_112530249.equ
剑豪蓝苏腰坠,equipment,0,1,0,0,0,waist avatar,,creator mage,否,,DNF文件知识库\参考资料\标准格式样板\equipment\character\swordman\at_avatar\belt\chn_equ_1st_awakening_avatar_at_swordman_belt_112530250.equ
剑豪粉苏腰坠,equipment,0,1,0,0,0,waist avatar,,creator mage,否,,DNF文件知识库\参考资料\标准格式样板\equipment\character\swordman\at_avatar\belt\chn_equ_1st_awakening_avatar_at_swordman_belt_112530251.equ
夜阑九天玄女长剑,equipment,2,1,0,0,0,waist avatar,,creator mage,否,,DNF文件知识库\参考资料\标准格式样板\equipment\character\swordman\at_avatar\belt\chn_equ_rare_avatar_at_swordman_belt_112530220.equ
拂晓九天玄女长剑,equipment,2,1,0,0,0,waist avatar,,creator mage,否,,DNF文件知识库\参考资料\标准格式样板\equipment\character\swordman\at_avatar\belt\chn_equ_rare_avatar_at_swordman_belt_112530221.equ
透明礼服腰带(女鬼剑),equipment,0,1,0,0,0,waist avatar,,creator mage,否,,DNF文件知识库\参考资料\标准格式样板\equipment\character\swordman\at_avatar\belt\chn_equ_special_avatar_at_swordman_belt_112530100.equ
红色灵梦剑影腰带,equipment,0,1,0,0,0,waist avatar,,creator mage,否,,DNF文件知识库\参考资料\标准格式样板\equipment\character\swordman\at_avatar\belt\chn_equ_special_avatar_at_swordman_belt_112530121.equ
粉色灵梦剑影腰带,equipment,0,1,0,0,0,waist avatar,,creator mage,否,,DNF文件知识库\参考资料\标准格式样板\equipment\character\swordman\at_avatar\belt\chn_equ_special_avatar_at_swordman_belt_112530122.equ
蓝色灵梦剑影腰带,equipment,0,1,0,0,0,waist avatar,,creator mage,否,,DNF文件知识库\参考资料\标准格式样板\equipment\character\swordman\at_avatar\belt\chn_equ_special_avatar_at_swordman_belt_112530123.equ
紫色灵梦剑影腰带,equipment,0,1,0,0,0,waist avatar,,creator mage,否,,DNF文件知识库\参考资料\标准格式样板\equipment\character\swordman\at_avatar\belt\chn_equ_special_avatar_at_swordman_belt_112530124.equ
黑色绝代王女长剑,equipment,0,1,0,0,0,waist avatar,,creator mage,否,,DNF文件知识库\参考资料\标准格式样板\equipment\character\swordman\at_avatar\belt\chn_equ_special_avatar_at_swordman_belt_112530162.equ
紫色绝代王女长剑,equipment,0,1,0,0,0,waist avatar,,creator mage,否,,DNF文件知识库\参考资料\标准格式样板\equipment\character\swordman\at_avatar\belt\chn_equ_special_avatar_at_swordman_belt_112530163.equ
海军风情黑色剑鞘,equipment,0,1,0,0,0,waist avatar,,creator mage,否,,DNF文件知识库\参考资料\标准格式样板\equipment\character\swordman\at_avatar\belt\chn_equ_special_avatar_at_swordman_belt_112530198.equ
海军风情红色剑鞘,equipment,0,1,0,0,0,waist avatar,,creator mage,否,,DNF文件知识库\参考资料\标准格式样板\equipment\character\swordman\at_avatar\belt\chn_equ_special_avatar_at_swordman_belt_112530199.equ
海军风情褐色剑鞘,equipment,0,1,0,0,0,waist avatar,,creator mage,否,,DNF文件知识库\参考资料\标准格式样板\equipment\character\swordman\at_avatar\belt\chn_equ_special_avatar_at_swordman_belt_112530200.equ
海军风情紫色剑鞘,equipment,0,1,0,0,0,waist avatar,,creator mage,否,,DNF文件知识库\参考资料\标准格式样板\equipment\character\swordman\at_avatar\belt\chn_equ_special_avatar_at_swordman_belt_112530201.equ
特蕾西亚的暗紫长剑,equipment,0,1,0,0,0,waist avatar,,creator mage,否,,DNF文件知识库\参考资料\标准格式样板\equipment\character\swordman\at_avatar\belt\chn_equ_special_avatar_at_swordman_belt_412530012.equ
土罐的头盔 (女鬼剑),equipment,0,1,0,0,0,hat avatar,,creator mage,否,,DNF文件知识库\参考资料\标准格式样板\equipment\character\swordman\at_avatar\cap\112550258.equ
火罐的头盔 (女鬼剑),equipment,0,1,0,0,0,hat avatar,,creator mage,否,,DNF文件知识库\参考资料\标准格式样板\equipment\character\swordman\at_avatar\cap\112550259.equ
木罐的头盔 (女鬼剑),equipment,0,1,0,0,0,hat avatar,,creator mage,否,,DNF文件知识库\参考资料\标准格式样板\equipment\character\swordman\at_avatar\cap\112550260.equ
水罐的头盔 (女鬼剑),equipment,0,1,0,0,0,hat avatar,,creator mage,否,,DNF文件知识库\参考资料\标准格式样板\equipment\character\swordman\at_avatar\cap\112550261.equ
金罐的头盔 (女鬼剑),equipment,0,1,0,0,0,hat avatar,,creator mage,否,,DNF文件知识库\参考资料\标准格式样板\equipment\character\swordman\at_avatar\cap\112550262.equ
美罐的头盔 (女鬼剑),equipment,0,1,0,0,0,hat avatar,,creator mage,否,,DNF文件知识库\参考资料\标准格式样板\equipment\character\swordman\at_avatar\cap\112550282.equ
酷萌冷兔头套 (女鬼剑),equipment,0,1,0,0,0,hat avatar,,creator mage,否,,DNF文件知识库\参考资料\标准格式样板\equipment\character\swordman\at_avatar\cap\199704953.equ
Jolin的像素帽子 [女鬼剑],equipment,0,1,0,0,0,hat avatar,,creator mage,否,,DNF文件知识库\参考资料\标准格式样板\equipment\character\swordman\at_avatar\cap\199704954.equ
鱼人头套（女鬼剑士）,equipment,0,1,0,0,0,hat avatar,,creator mage,否,,DNF文件知识库\参考资料\标准格式样板\equipment\character\swordman\at_avatar\cap\199704955.equ
剑皇的像素帽子,equipment,0,1,0,0,0,hat avatar,,creator mage,否,,DNF文件知识库\参考资料\标准格式样板\equipment\character\swordman\at_avatar\cap\199704960.equ
剑帝的像素帽子,equipment,0,1,0,0,0,hat avatar,,creator mage,否,,DNF文件知识库\参考资料\标准格式样板\equipment\character\swordman\at_avatar\cap\199704962.equ
11周年欢庆熊猫 [女鬼剑],equipment,0,1,0,0,0,hat avatar,,creator mage,否,,DNF文件知识库\参考资料\标准格式样板\equipment\character\swordman\at_avatar\cap\199704967.equ
瑞鼠律动红色帽子 (女鬼剑士),equipment,0,1,0,0,0,hat avatar,,creator mage,否,,DNF文件知识库\参考资料\标准格式样板\equipment\character\swordman\at_avatar\cap\199704969.equ
瑞鼠律动蓝色帽子 (女鬼剑士),equipment,0,1,0,0,0,hat avatar,,creator mage,否,,DNF文件知识库\参考资料\标准格式样板\equipment\character\swordman\at_avatar\cap\199704970.equ
土罐帽子 [女鬼剑士],equipment,0,1,0,0,0,hat avatar,,creator mage,否,,DNF文件知识库\参考资料\标准格式样板\equipment\character\swordman\at_avatar\cap\199704973.equ
白羊座卡莉尔的帽子(女鬼剑),equipment,0,1,0,0,0,hat avatar,,creator mage,否,,DNF文件知识库\参考资料\标准格式样板\equipment\character\swordman\at_avatar\cap\199704974.equ
表情像素头（女鬼剑）,equipment,0,1,0,0,0,hat avatar,,creator mage,否,,DNF文件知识库\参考资料\标准格式样板\equipment\character\swordman\at_avatar\cap\199704976.equ
巧克力帽子(a)女鬼剑,equipment,0,1,0,0,0,hat avatar,,creator mage,否,,DNF文件知识库\参考资料\标准格式样板\equipment\character\swordman\at_avatar\cap\199704980.equ
巧克力帽子(b)女鬼剑,equipment,0,1,0,0,0,hat avatar,,creator mage,否,,DNF文件知识库\参考资料\标准格式样板\equipment\character\swordman\at_avatar\cap\199704981.equ
巧克力帽子(c)女鬼剑,equipment,0,1,0,0,0,hat avatar,,creator mage,否,,DNF文件知识库\参考资料\标准格式样板\equipment\character\swordman\at_avatar\cap\199704982.equ
女鬼剑士蘑菇头装扮,equipment,0,1,0,0,0,hat avatar,,creator mage,否,,DNF文件知识库\参考资料\标准格式样板\equipment\character\swordman\at_avatar\cap\299950134.equ
女鬼剑士晏祖蘑菇头装扮,equipment,0,1,0,0,0,hat avatar,,creator mage,否,,DNF文件知识库\参考资料\标准格式样板\equipment\character\swordman\at_avatar\cap\299950135.equ
剑皇虞美人发夹[A款],equipment,0,1,0,0,0,hat avatar,,creator mage,否,,DNF文件知识库\参考资料\标准格式样板\equipment\character\swordman\at_avatar\cap\412550135.equ
剑皇虞美人发夹[B款],equipment,0,1,0,0,0,hat avatar,,creator mage,否,,DNF文件知识库\参考资料\标准格式样板\equipment\character\swordman\at_avatar\cap\412550136.equ
剑皇虞美人发夹[C款],equipment,0,1,0,0,0,hat avatar,,creator mage,否,,DNF文件知识库\参考资料\标准格式样板\equipment\character\swordman\at_avatar\cap\412550137.equ
剑皇虞美人发夹[D款],equipment,0,1,0,0,0,hat avatar,,creator mage,否,,DNF文件知识库\参考资料\标准格式样板\equipment\character\swordman\at_avatar\cap\412550138.equ
剑帝恋香衾发夹[A款],equipment,0,1,0,0,0,hat avatar,,creator mage,否,,DNF文件知识库\参考资料\标准格式样板\equipment\character\swordman\at_avatar\cap\412550139.equ
剑帝恋香衾发夹[B款],equipment,0,1,0,0,0,hat avatar,,creator mage,否,,DNF文件知识库\参考资料\标准格式样板\equipment\character\swordman\at_avatar\cap\412550140.equ
剑帝恋香衾发夹[C款],equipment,0,1,0,0,0,hat avatar,,creator mage,否,,DNF文件知识库\参考资料\标准格式样板\equipment\character\swordman\at_avatar\cap\412550141.equ
剑帝恋香衾发夹[D款],equipment,0,1,0,0,0,hat avatar,,creator mage,否,,DNF文件知识库\参考资料\标准格式样板\equipment\character\swordman\at_avatar\cap\412550142.equ
光明剑舞天鸣发饰,equipment,2,1,0,0,0,hat avatar,,creator mage,否,,DNF文件知识库\参考资料\标准格式样板\equipment\character\swordman\at_avatar\cap\acap_201020852.equ
混沌剑舞天鸣发饰,equipment,2,1,0,0,0,hat avatar,,creator mage,否,,DNF文件知识库\参考资料\标准格式样板\equipment\character\swordman\at_avatar\cap\acap_201020860.equ
稀有克隆装扮帽子 (女鬼剑士),equipment,2,1,0,0,0,hat avatar,,creator mage,否,,DNF文件知识库\参考资料\标准格式样板\equipment\character\swordman\at_avatar\cap\acap_rareclonemg.equ
神器克隆装扮帽子 (女鬼剑士),equipment,3,1,0,0,0,hat avatar,,creator mage,否,,DNF文件知识库\参考资料\标准格式样板\equipment\character\swordman\at_avatar\cap\acap_rareclonemg_holy.equ
黄金克隆装扮帽子 (女鬼剑士),equipment,4,1,0,0,0,hat avatar,,creator mage,否,,DNF文件知识库\参考资料\标准格式样板\equipment\character\swordman\at_avatar\cap\acap_rareclonemg_new.equ
极诣·流浪武士剑星头饰[银色款],equipment,0,1,0,0,0,hat avatar,,creator mage,否,,DNF文件知识库\参考资料\标准格式样板\equipment\character\swordman\at_avatar\cap\chn_2023_202350131.equ
极诣·驭剑士剑语发夹[款式1],equipment,0,1,0,0,0,hat avatar,,creator mage,否,,DNF文件知识库\参考资料\标准格式样板\equipment\character\swordman\at_avatar\cap\chn_2023_202650127.equ
极诣·驭剑士剑缘发夹[款式2],equipment,0,1,0,0,0,hat avatar,,creator mage,否,,DNF文件知识库\参考资料\标准格式样板\equipment\character\swordman\at_avatar\cap\chn_2023_202650128.equ
极诣·驭剑士剑心发夹[款式3],equipment,0,1,0,0,0,hat avatar,,creator mage,否,,DNF文件知识库\参考资料\标准格式样板\equipment\character\swordman\at_avatar\cap\chn_2023_202650129.equ
极诣·驭剑士剑思发夹[款式4],equipment,0,1,0,0,0,hat avatar,,creator mage,否,,DNF文件知识库\参考资料\标准格式样板\equipment\character\swordman\at_avatar\cap\chn_2023_202650130.equ
极诣·驭剑士剑星发夹[银色款],equipment,0,1,0,0,0,hat avatar,,creator mage,否,,DNF文件知识库\参考资料\标准格式样板\equipment\character\swordman\at_avatar\cap\chn_2023_202650131.equ
极诣·驭剑士剑光发夹[金色款],equipment,0,1,0,0,0,hat avatar,,creator mage,否,,DNF文件知识库\参考资料\标准格式样板\equipment\character\swordman\at_avatar\cap\chn_2023_202650132.equ
剑魔红塔莫斯,equipment,0,1,0,0,0,hat avatar,,creator mage,否,,DNF文件知识库\参考资料\标准格式样板\equipment\character\swordman\at_avatar\cap\chn_equ_1st_awakening_avatar_at_swordman_cap_412550039.equ
剑魔黑塔莫斯,equipment,0,1,0,0,0,hat avatar,,creator mage,否,,DNF文件知识库\参考资料\标准格式样板\equipment\character\swordman\at_avatar\cap\chn_equ_1st_awakening_avatar_at_swordman_cap_412550040.equ
剑魔蓝塔莫斯,equipment,0,1,0,0,0,hat avatar,,creator mage,否,,DNF文件知识库\参考资料\标准格式样板\equipment\character\swordman\at_avatar\cap\chn_equ_1st_awakening_avatar_at_swordman_cap_412550041.equ
剑魔紫塔莫斯,equipment,0,1,0,0,0,hat avatar,,creator mage,否,,DNF文件知识库\参考资料\标准格式样板\equipment\character\swordman\at_avatar\cap\chn_equ_1st_awakening_avatar_at_swordman_cap_412550042.equ
剑宗金色耳钉,equipment,0,1,0,0,0,hat avatar,,creator mage,否,,DNF文件知识库\参考资料\标准格式样板\equipment\character\swordman\at_avatar\cap\chn_equ_1st_awakening_avatar_at_swordman_cap_412550043.equ
剑宗黄色耳钉,equipment,0,1,0,0,0,hat avatar,,creator mage,否,,DNF文件知识库\参考资料\标准格式样板\equipment\character\swordman\at_avatar\cap\chn_equ_1st_awakening_avatar_at_swordman_cap_412550044.equ
剑宗紫色耳钉,equipment,0,1,0,0,0,hat avatar,,creator mage,否,,DNF文件知识库\参考资料\标准格式样板\equipment\character\swordman\at_avatar\cap\chn_equ_1st_awakening_avatar_at_swordman_cap_412550045.equ
剑宗暖棕耳钉,equipment,0,1,0,0,0,hat avatar,,creator mage,否,,DNF文件知识库\参考资料\标准格式样板\equipment\character\swordman\at_avatar\cap\chn_equ_1st_awakening_avatar_at_swordman_cap_412550046.equ
剑豪粉色花瓣,equipment,0,1,0,0,0,hat avatar,,creator mage,否,,DNF文件知识库\参考资料\标准格式样板\equipment\character\swordman\at_avatar\cap\chn_equ_1st_awakening_avatar_at_swordman_cap_412550047.equ
剑豪红色花瓣,equipment,0,1,0,0,0,hat avatar,,creator mage,否,,DNF文件知识库\参考资料\标准格式样板\equipment\character\swordman\at_avatar\cap\chn_equ_1st_awakening_avatar_at_swordman_cap_412550048.equ
剑豪淡蓝花瓣,equipment,0,1,0,0,0,hat avatar,,creator mage,否,,DNF文件知识库\参考资料\标准格式样板\equipment\character\swordman\at_avatar\cap\chn_equ_1st_awakening_avatar_at_swordman_cap_412550049.equ
剑豪紫色花瓣,equipment,0,1,0,0,0,hat avatar,,creator mage,否,,DNF文件知识库\参考资料\标准格式样板\equipment\character\swordman\at_avatar\cap\chn_equ_1st_awakening_avatar_at_swordman_cap_412550050.equ
白色剑舞蹁跹发带 (省赛),equipment,0,1,0,0,0,hat avatar,,creator mage,否,,DNF文件知识库\参考资料\标准格式样板\equipment\character\swordman\at_avatar\cap\chn_equ_pvp_avatar_at_swordman_cap_112550191.equ
黑色剑舞蹁跹发带 (省赛),equipment,0,1,0,0,0,hat avatar,,creator mage,否,,DNF文件知识库\参考资料\标准格式样板\equipment\character\swordman\at_avatar\cap\chn_equ_pvp_avatar_at_swordman_cap_112550192.equ
黄色剑舞蹁跹发带 (省赛),equipment,0,1,0,0,0,hat avatar,,creator mage,否,,DNF文件知识库\参考资料\标准格式样板\equipment\character\swordman\at_avatar\cap\chn_equ_pvp_avatar_at_swordman_cap_112550193.equ
红色灵梦剑影头饰,equipment,0,1,0,0,0,hat avatar,,creator mage,否,,DNF文件知识库\参考资料\标准格式样板\equipment\character\swordman\at_avatar\cap\chn_equ_special_avatar_at_swordman_cap_112550122.equ
粉色灵梦剑影头饰,equipment,0,1,0,0,0,hat avatar,,creator mage,否,,DNF文件知识库\参考资料\标准格式样板\equipment\character\swordman\at_avatar\cap\chn_equ_special_avatar_at_swordman_cap_112550123.equ
白色灵梦剑影头饰,equipment,0,1,0,0,0,hat avatar,,creator mage,否,,DNF文件知识库\参考资料\标准格式样板\equipment\character\swordman\at_avatar\cap\chn_equ_special_avatar_at_swordman_cap_112550124.equ
紫色灵梦剑影头饰,equipment,0,1,0,0,0,hat avatar,,creator mage,否,,DNF文件知识库\参考资料\标准格式样板\equipment\character\swordman\at_avatar\cap\chn_equ_special_avatar_at_swordman_cap_112550125.equ
万圣节捣蛋大王头套 (女鬼剑士),equipment,0,1,0,0,0,hat avatar,,creator mage,否,,DNF文件知识库\参考资料\标准格式样板\equipment\character\swordman\at_avatar\cap\chn_equ_special_avatar_at_swordman_cap_112550202.equ
女鬼剑的像素帽子,equipment,0,1,0,0,0,hat avatar,,creator mage,否,,DNF文件知识库\参考资料\标准格式样板\equipment\character\swordman\at_avatar\cap\chn_equ_special_avatar_at_swordman_cap_112550216.equ
闪瞎眼的秃头[女鬼剑],equipment,0,1,0,0,0,hat avatar,,creator mage,否,,DNF文件知识库\参考资料\标准格式样板\equipment\character\swordman\at_avatar\cap\chn_equ_special_avatar_at_swordman_cap_112550227.equ
剑皇的像素帽子,equipment,0,1,0,0,0,hat avatar,,creator mage,否,,DNF文件知识库\参考资料\标准格式样板\equipment\character\swordman\at_avatar\cap\chn_equ_special_avatar_at_swordman_cap_412550071.equ
剑帝的像素帽子,equipment,0,1,0,0,0,hat avatar,,creator mage,否,,DNF文件知识库\参考资料\标准格式样板\equipment\character\swordman\at_avatar\cap\chn_equ_special_avatar_at_swordman_cap_412550072.equ
巧克力上衣(a)女鬼剑,equipment,0,1,0,0,0,coat avatar,,creator mage,否,,DNF文件知识库\参考资料\标准格式样板\equipment\character\swordman\at_avatar\coat\199704983.equ
巧克力上衣(b)女鬼剑,equipment,0,1,0,0,0,coat avatar,,creator mage,否,,DNF文件知识库\参考资料\标准格式样板\equipment\character\swordman\at_avatar\coat\199704984.equ
巧克力上衣(c)女鬼剑,equipment,0,1,0,0,0,coat avatar,,creator mage,否,,DNF文件知识库\参考资料\标准格式样板\equipment\character\swordman\at_avatar\coat\199704985.equ
剑皇虞美人上衣[A款],equipment,0,1,0,0,0,coat avatar,,creator mage,否,,DNF文件知识库\参考资料\标准格式样板\equipment\character\swordman\at_avatar\coat\412500108.equ
剑皇虞美人上衣[B款],equipment,0,1,0,0,0,coat avatar,,creator mage,否,,DNF文件知识库\参考资料\标准格式样板\equipment\character\swordman\at_avatar\coat\412500109.equ
剑皇虞美人上衣[C款],equipment,0,1,0,0,0,coat avatar,,creator mage,否,,DNF文件知识库\参考资料\标准格式样板\equipment\character\swordman\at_avatar\coat\412500110.equ
剑皇虞美人上衣[D款],equipment,0,1,0,0,0,coat avatar,,creator mage,否,,DNF文件知识库\参考资料\标准格式样板\equipment\character\swordman\at_avatar\coat\412500111.equ
剑帝恋香衾上衣[A款],equipment,0,1,0,0,0,coat avatar,,creator mage,否,,DNF文件知识库\参考资料\标准格式样板\equipment\character\swordman\at_avatar\coat\412500112.equ
剑帝恋香衾上衣[B款],equipment,0,1,0,0,0,coat avatar,,creator mage,否,,DNF文件知识库\参考资料\标准格式样板\equipment\character\swordman\at_avatar\coat\412500113.equ
剑帝恋香衾上衣[C款],equipment,0,1,0,0,0,coat avatar,,creator mage,否,,DNF文件知识库\参考资料\标准格式样板\equipment\character\swordman\at_avatar\coat\412500114.equ
剑帝恋香衾上衣[D款],equipment,0,1,0,0,0,coat avatar,,creator mage,否,,DNF文件知识库\参考资料\标准格式样板\equipment\character\swordman\at_avatar\coat\412500115.equ
光明剑舞天鸣上衣,equipment,2,1,0,0,0,coat avatar,,creator mage,是,,DNF文件知识库\参考资料\标准格式样板\equipment\character\swordman\at_avatar\coat\acoat_201020856.equ
混沌剑舞天鸣上衣,equipment,2,1,0,0,0,coat avatar,,creator mage,是,,DNF文件知识库\参考资料\标准格式样板\equipment\character\swordman\at_avatar\coat\acoat_201020864.equ
稀有克隆装扮上衣 (女鬼剑士),equipment,2,1,0,0,0,coat avatar,,creator mage,是,,DNF文件知识库\参考资料\标准格式样板\equipment\character\swordman\at_avatar\coat\acoat_rareclonemg.equ
神器克隆装扮上衣 (女鬼剑士),equipment,3,1,0,0,0,coat avatar,,creator mage,是,,DNF文件知识库\参考资料\标准格式样板\equipment\character\swordman\at_avatar\coat\acoat_rareclonemg_holy.equ
黄金克隆装扮上衣 (女鬼剑士),equipment,4,1,0,0,0,coat avatar,,creator mage,是,,DNF文件知识库\参考资料\标准格式样板\equipment\character\swordman\at_avatar\coat\acoat_rareclonemg_new.equ
极诣·流浪武士剑星上衣[银色款],equipment,0,1,0,0,0,coat avatar,,creator mage,否,,DNF文件知识库\参考资料\标准格式样板\equipment\character\swordman\at_avatar\coat\chn_2023_202300104.equ
极诣·驭剑士剑语上衣[款式1],equipment,0,1,0,0,0,coat avatar,,creator mage,否,,DNF文件知识库\参考资料\标准格式样板\equipment\character\swordman\at_avatar\coat\chn_2023_202600100.equ
极诣·驭剑士剑缘上衣[款式2],equipment,0,1,0,0,0,coat avatar,,creator mage,否,,DNF文件知识库\参考资料\标准格式样板\equipment\character\swordman\at_avatar\coat\chn_2023_202600101.equ
极诣·驭剑士剑心上衣[款式3],equipment,0,1,0,0,0,coat avatar,,creator mage,否,,DNF文件知识库\参考资料\标准格式样板\equipment\character\swordman\at_avatar\coat\chn_2023_202600102.equ
极诣·驭剑士剑思上衣[款式4],equipment,0,1,0,0,0,coat avatar,,creator mage,否,,DNF文件知识库\参考资料\标准格式样板\equipment\character\swordman\at_avatar\coat\chn_2023_202600103.equ
极诣·驭剑士剑星上衣[银色款],equipment,0,1,0,0,0,coat avatar,,creator mage,否,,DNF文件知识库\参考资料\标准格式样板\equipment\character\swordman\at_avatar\coat\chn_2023_202600104.equ
极诣·驭剑士剑光上衣[金色款],equipment,0,1,0,0,0,coat avatar,,creator mage,否,,DNF文件知识库\参考资料\标准格式样板\equipment\character\swordman\at_avatar\coat\chn_2023_202600105.equ
剑魔黑色上衣,equipment,0,1,0,0,0,coat avatar,,creator mage,否,,DNF文件知识库\参考资料\标准格式样板\equipment\character\swordman\at_avatar\coat\chn_equ_1st_awakening_avatar_at_swordman_coat_412500029.equ
剑魔红色上衣,equipment,0,1,0,0,0,coat avatar,,creator mage,否,,DNF文件知识库\参考资料\标准格式样板\equipment\character\swordman\at_avatar\coat\chn_equ_1st_awakening_avatar_at_swordman_coat_412500030.equ
剑魔白色上衣,equipment,0,1,0,0,0,coat avatar,,creator mage,否,,DNF文件知识库\参考资料\标准格式样板\equipment\character\swordman\at_avatar\coat\chn_equ_1st_awakening_avatar_at_swordman_coat_412500031.equ
剑魔紫色上衣,equipment,0,1,0,0,0,coat avatar,,creator mage,否,,DNF文件知识库\参考资料\标准格式样板\equipment\character\swordman\at_avatar\coat\chn_equ_1st_awakening_avatar_at_swordman_coat_412500032.equ
剑宗黑色外套,equipment,0,1,0,0,0,coat avatar,,creator mage,否,,DNF文件知识库\参考资料\标准格式样板\equipment\character\swordman\at_avatar\coat\chn_equ_1st_awakening_avatar_at_swordman_coat_412500033.equ
剑宗红色外套,equipment,0,1,0,0,0,coat avatar,,creator mage,否,,DNF文件知识库\参考资料\标准格式样板\equipment\character\swordman\at_avatar\coat\chn_equ_1st_awakening_avatar_at_swordman_coat_412500034.equ
剑宗蓝色外套,equipment,0,1,0,0,0,coat avatar,,creator mage,否,,DNF文件知识库\参考资料\标准格式样板\equipment\character\swordman\at_avatar\coat\chn_equ_1st_awakening_avatar_at_swordman_coat_412500035.equ
剑宗墨黑外套,equipment,0,1,0,0,0,coat avatar,,creator mage,否,,DNF文件知识库\参考资料\标准格式样板\equipment\character\swordman\at_avatar\coat\chn_equ_1st_awakening_avatar_at_swordman_coat_412500036.equ
剑豪黑色上衣,equipment,0,1,0,0,0,coat avatar,,creator mage,否,,DNF文件知识库\参考资料\标准格式样板\equipment\character\swordman\at_avatar\coat\chn_equ_1st_awakening_avatar_at_swordman_coat_412500037.equ
剑豪红色上衣,equipment,0,1,0,0,0,coat avatar,,creator mage,否,,DNF文件知识库\参考资料\标准格式样板\equipment\character\swordman\at_avatar\coat\chn_equ_1st_awakening_avatar_at_swordman_coat_412500038.equ
剑豪白色上衣,equipment,0,1,0,0,0,coat avatar,,creator mage,否,,DNF文件知识库\参考资料\标准格式样板\equipment\character\swordman\at_avatar\coat\chn_equ_1st_awakening_avatar_at_swordman_coat_412500039.equ
剑豪紫色上衣,equipment,0,1,0,0,0,coat avatar,,creator mage,否,,DNF文件知识库\参考资料\标准格式样板\equipment\character\swordman\at_avatar\coat\chn_equ_1st_awakening_avatar_at_swordman_coat_412500040.equ
黑色剑舞蹁跹道服 (省赛),equipment,0,1,0,0,0,coat avatar,,creator mage,否,,DNF文件知识库\参考资料\标准格式样板\equipment\character\swordman\at_avatar\coat\chn_equ_pvp_avatar_at_swordman_coat_112500190.equ
红色剑舞蹁跹道服 (省赛),equipment,0,1,0,0,0,coat avatar,,creator mage,否,,DNF文件知识库\参考资料\标准格式样板\equipment\character\swordman\at_avatar\coat\chn_equ_pvp_avatar_at_swordman_coat_112500191.equ
白色剑舞蹁跹道服 (省赛),equipment,0,1,0,0,0,coat avatar,,creator mage,否,,DNF文件知识库\参考资料\标准格式样板\equipment\character\swordman\at_avatar\coat\chn_equ_pvp_avatar_at_swordman_coat_112500192.equ
黑色剑舞蹁跹道服 (周赛),equipment,0,1,0,0,0,coat avatar,,creator mage,否,,DNF文件知识库\参考资料\标准格式样板\equipment\character\swordman\at_avatar\coat\chn_equ_pvp_avatar_at_swordman_coat_112500193.equ
红色剑舞蹁跹道服 (周赛),equipment,0,1,0,0,0,coat avatar,,creator mage,否,,DNF文件知识库\参考资料\标准格式样板\equipment\character\swordman\at_avatar\coat\chn_equ_pvp_avatar_at_swordman_coat_112500194.equ
白色剑舞蹁跹道服 (周赛),equipment,0,1,0,0,0,coat avatar,,creator mage,否,,DNF文件知识库\参考资料\标准格式样板\equipment\character\swordman\at_avatar\coat\chn_equ_pvp_avatar_at_swordman_coat_112500195.equ
红色灵梦剑影上衣,equipment,0,1,0,5,5,coat avatar,,creator mage,否,,DNF文件知识库\参考资料\标准格式样板\equipment\character\swordman\at_avatar\coat\chn_equ_special_avatar_at_swordman_coat_112500123.equ
粉色灵梦剑影上衣,equipment,0,1,0,5,5,coat avatar,,creator mage,否,,DNF文件知识库\参考资料\标准格式样板\equipment\character\swordman\at_avatar\coat\chn_equ_special_avatar_at_swordman_coat_112500124.equ
蓝色灵梦剑影上衣,equipment,0,1,0,5,5,coat avatar,,creator mage,否,,DNF文件知识库\参考资料\标准格式样板\equipment\character\swordman\at_avatar\coat\chn_equ_special_avatar_at_swordman_coat_112500125.equ
紫色灵梦剑影上衣,equipment,0,1,0,5,5,coat avatar,,creator mage,否,,DNF文件知识库\参考资料\标准格式样板\equipment\character\swordman\at_avatar\coat\chn_equ_special_avatar_at_swordman_coat_112500126.equ
机甲龙袍-女鬼剑士(BUFF),equipment,0,1,0,0,0,face avatar,,creator mage,否,,DNF文件知识库\参考资料\标准格式样板\equipment\character\swordman\at_avatar\face\202207081.equ
剑皇虞美人耳环[A款],equipment,0,1,0,0,0,face avatar,,creator mage,否,,DNF文件知识库\参考资料\标准格式样板\equipment\character\swordman\at_avatar\face\412570044.equ
剑皇虞美人耳环[B款],equipment,0,1,0,0,0,face avatar,,creator mage,否,,DNF文件知识库\参考资料\标准格式样板\equipment\character\swordman\at_avatar\face\412570045.equ
剑皇虞美人耳环[C款],equipment,0,1,0,0,0,face avatar,,creator mage,否,,DNF文件知识库\参考资料\标准格式样板\equipment\character\swordman\at_avatar\face\412570046.equ
剑皇虞美人耳环[D款],equipment,0,1,0,0,0,face avatar,,creator mage,否,,DNF文件知识库\参考资料\标准格式样板\equipment\character\swordman\at_avatar\face\412570047.equ
剑帝恋香衾妆容[A款],equipment,0,1,0,0,0,face avatar,,creator mage,否,,DNF文件知识库\参考资料\标准格式样板\equipment\character\swordman\at_avatar\face\412570048.equ
剑帝恋香衾妆容[B款],equipment,0,1,0,0,0,face avatar,,creator mage,否,,DNF文件知识库\参考资料\标准格式样板\equipment\character\swordman\at_avatar\face\412570049.equ
剑帝恋香衾妆容[C款],equipment,0,1,0,0,0,face avatar,,creator mage,否,,DNF文件知识库\参考资料\标准格式样板\equipment\character\swordman\at_avatar\face\412570050.equ
剑帝恋香衾妆容[D款],equipment,0,1,0,0,0,face avatar,,creator mage,否,,DNF文件知识库\参考资料\标准格式样板\equipment\character\swordman\at_avatar\face\412570051.equ
光明剑舞天鸣耳坠,equipment,2,1,0,0,0,face avatar,,creator mage,否,,DNF文件知识库\参考资料\标准格式样板\equipment\character\swordman\at_avatar\face\aface_201020854.equ
混沌剑舞天鸣耳坠,equipment,2,1,0,0,0,face avatar,,creator mage,否,,DNF文件知识库\参考资料\标准格式样板\equipment\character\swordman\at_avatar\face\aface_201020862.equ
稀有克隆装扮脸部 (女鬼剑士),equipment,2,1,0,0,0,face avatar,,creator mage,否,,DNF文件知识库\参考资料\标准格式样板\equipment\character\swordman\at_avatar\face\aface_rareclonemg.equ
神器克隆装扮脸部 (女鬼剑士),equipment,3,1,0,0,0,face avatar,,creator mage,否,,DNF文件知识库\参考资料\标准格式样板\equipment\character\swordman\at_avatar\face\aface_rareclonemg_holy.equ
黄金克隆装扮脸部 (女鬼剑士),equipment,4,1,0,0,0,face avatar,,creator mage,否,,DNF文件知识库\参考资料\标准格式样板\equipment\character\swordman\at_avatar\face\aface_rareclonemg_new.equ
极诣·流浪武士剑星耳坠[银色款],equipment,0,1,0,0,0,face avatar,,creator mage,否,,DNF文件知识库\参考资料\标准格式样板\equipment\character\swordman\at_avatar\face\chn_2023_202370040.equ
极诣·驭剑士剑语耳坠[款式1],equipment,0,1,0,0,0,face avatar,,creator mage,否,,DNF文件知识库\参考资料\标准格式样板\equipment\character\swordman\at_avatar\face\chn_2023_202670036.equ
极诣·驭剑士剑缘耳坠[款式2],equipment,0,1,0,0,0,face avatar,,creator mage,否,,DNF文件知识库\参考资料\标准格式样板\equipment\character\swordman\at_avatar\face\chn_2023_202670037.equ
极诣·驭剑士剑心耳坠[款式3],equipment,0,1,0,0,0,face avatar,,creator mage,否,,DNF文件知识库\参考资料\标准格式样板\equipment\character\swordman\at_avatar\face\chn_2023_202670038.equ
极诣·驭剑士剑思耳坠[款式4],equipment,0,1,0,0,0,face avatar,,creator mage,否,,DNF文件知识库\参考资料\标准格式样板\equipment\character\swordman\at_avatar\face\chn_2023_202670039.equ
极诣·驭剑士剑星耳坠[银色款],equipment,0,1,0,0,0,face avatar,,creator mage,否,,DNF文件知识库\参考资料\标准格式样板\equipment\character\swordman\at_avatar\face\chn_2023_202670040.equ
极诣·驭剑士剑光耳坠[金色款],equipment,0,1,0,0,0,face avatar,,creator mage,否,,DNF文件知识库\参考资料\标准格式样板\equipment\character\swordman\at_avatar\face\chn_2023_202670041.equ
剑魔红色耳坠,equipment,0,1,0,0,0,face avatar,,creator mage,否,,DNF文件知识库\参考资料\标准格式样板\equipment\character\swordman\at_avatar\face\chn_equ_1st_awakening_avatar_at_swordman_face_112570202.equ
剑魔黑色耳坠,equipment,0,1,0,0,0,face avatar,,creator mage,否,,DNF文件知识库\参考资料\标准格式样板\equipment\character\swordman\at_avatar\face\chn_equ_1st_awakening_avatar_at_swordman_face_112570203.equ
剑魔银色耳坠,equipment,0,1,0,0,0,face avatar,,creator mage,否,,DNF文件知识库\参考资料\标准格式样板\equipment\character\swordman\at_avatar\face\chn_equ_1st_awakening_avatar_at_swordman_face_112570204.equ
剑魔紫色耳坠,equipment,0,1,0,0,0,face avatar,,creator mage,否,,DNF文件知识库\参考资料\标准格式样板\equipment\character\swordman\at_avatar\face\chn_equ_1st_awakening_avatar_at_swordman_face_112570205.equ
剑宗青色耳坠,equipment,0,1,0,0,0,face avatar,,creator mage,否,,DNF文件知识库\参考资料\标准格式样板\equipment\character\swordman\at_avatar\face\chn_equ_1st_awakening_avatar_at_swordman_face_112570206.equ
剑宗红色耳坠,equipment,0,1,0,0,0,face avatar,,creator mage,否,,DNF文件知识库\参考资料\标准格式样板\equipment\character\swordman\at_avatar\face\chn_equ_1st_awakening_avatar_at_swordman_face_112570207.equ
剑宗深蓝耳坠,equipment,0,1,0,0,0,face avatar,,creator mage,否,,DNF文件知识库\参考资料\标准格式样板\equipment\character\swordman\at_avatar\face\chn_equ_1st_awakening_avatar_at_swordman_face_112570208.equ
剑宗绿色耳坠,equipment,0,1,0,0,0,face avatar,,creator mage,否,,DNF文件知识库\参考资料\标准格式样板\equipment\character\swordman\at_avatar\face\chn_equ_1st_awakening_avatar_at_swordman_face_112570209.equ
剑豪金色耳坠,equipment,0,1,0,0,0,face avatar,,creator mage,否,,DNF文件知识库\参考资料\标准格式样板\equipment\character\swordman\at_avatar\face\chn_equ_1st_awakening_avatar_at_swordman_face_112570210.equ
剑豪红色耳坠,equipment,0,1,0,0,0,face avatar,,creator mage,否,,DNF文件知识库\参考资料\标准格式样板\equipment\character\swordman\at_avatar\face\chn_equ_1st_awakening_avatar_at_swordman_face_112570211.equ
剑豪蓝色耳坠,equipment,0,1,0,0,0,face avatar,,creator mage,否,,DNF文件知识库\参考资料\标准格式样板\equipment\character\swordman\at_avatar\face\chn_equ_1st_awakening_avatar_at_swordman_face_112570212.equ
剑豪紫色耳坠,equipment,0,1,0,0,0,face avatar,,creator mage,否,,DNF文件知识库\参考资料\标准格式样板\equipment\character\swordman\at_avatar\face\chn_equ_1st_awakening_avatar_at_swordman_face_112570213.equ
红色灵梦剑影耳坠,equipment,0,1,0,0,0,face avatar,,creator mage,否,,DNF文件知识库\参考资料\标准格式样板\equipment\character\swordman\at_avatar\face\chn_equ_special_avatar_at_swordman_face_112570087.equ
粉色灵梦剑影耳坠,equipment,0,1,0,0,0,face avatar,,creator mage,否,,DNF文件知识库\参考资料\标准格式样板\equipment\character\swordman\at_avatar\face\chn_equ_special_avatar_at_swordman_face_112570088.equ
蓝色灵梦剑影耳坠,equipment,0,1,0,0,0,face avatar,,creator mage,否,,DNF文件知识库\参考资料\标准格式样板\equipment\character\swordman\at_avatar\face\chn_equ_special_avatar_at_swordman_face_112570089.equ
紫色灵梦剑影耳坠,equipment,0,1,0,0,0,face avatar,,creator mage,否,,DNF文件知识库\参考资料\标准格式样板\equipment\character\swordman\at_avatar\face\chn_equ_special_avatar_at_swordman_face_112570090.equ
巧克力头发(a)女鬼剑,equipment,0,1,0,0,0,hair avatar,,creator mage,否,,DNF文件知识库\参考资料\标准格式样板\equipment\character\swordman\at_avatar\hair\199704986.equ
巧克力头发(b)女鬼剑,equipment,0,1,0,0,0,hair avatar,,creator mage,否,,DNF文件知识库\参考资料\标准格式样板\equipment\character\swordman\at_avatar\hair\199704987.equ
巧克力头发(c)女鬼剑,equipment,0,1,0,0,0,hair avatar,,creator mage,否,,DNF文件知识库\参考资料\标准格式样板\equipment\character\swordman\at_avatar\hair\199704988.equ
剑皇虞美人短发[A款],equipment,0,1,0,0,0,hair avatar,,creator mage,否,,DNF文件知识库\参考资料\标准格式样板\equipment\character\swordman\at_avatar\hair\412560078.equ
剑皇虞美人短发[B款],equipment,0,1,0,0,0,hair avatar,,creator mage,否,,DNF文件知识库\参考资料\标准格式样板\equipment\character\swordman\at_avatar\hair\412560079.equ
剑皇虞美人短发[C款],equipment,0,1,0,0,0,hair avatar,,creator mage,否,,DNF文件知识库\参考资料\标准格式样板\equipment\character\swordman\at_avatar\hair\412560080.equ
剑皇虞美人短发[D款],equipment,0,1,0,0,0,hair avatar,,creator mage,否,,DNF文件知识库\参考资料\标准格式样板\equipment\character\swordman\at_avatar\hair\412560081.equ
剑帝恋香衾长发[A款],equipment,0,1,0,0,0,hair avatar,,creator mage,否,,DNF文件知识库\参考资料\标准格式样板\equipment\character\swordman\at_avatar\hair\412560082.equ
剑帝恋香衾长发[B款],equipment,0,1,0,0,0,hair avatar,,creator mage,否,,DNF文件知识库\参考资料\标准格式样板\equipment\character\swordman\at_avatar\hair\412560083.equ
剑帝恋香衾长发[C款],equipment,0,1,0,0,0,hair avatar,,creator mage,否,,DNF文件知识库\参考资料\标准格式样板\equipment\character\swordman\at_avatar\hair\412560084.equ
剑帝恋香衾长发[D款],equipment,0,1,0,0,0,hair avatar,,creator mage,否,,DNF文件知识库\参考资料\标准格式样板\equipment\character\swordman\at_avatar\hair\412560085.equ
光明剑舞天鸣马尾,equipment,2,1,0,0,0,hair avatar,,creator mage,否,,DNF文件知识库\参考资料\标准格式样板\equipment\character\swordman\at_avatar\hair\ahair_201020853.equ
混沌剑舞天鸣马尾,equipment,2,1,0,0,0,hair avatar,,creator mage,否,,DNF文件知识库\参考资料\标准格式样板\equipment\character\swordman\at_avatar\hair\ahair_201020861.equ
稀有克隆装扮头部 (女鬼剑士),equipment,2,1,0,0,0,hair avatar,,creator mage,否,,DNF文件知识库\参考资料\标准格式样板\equipment\character\swordman\at_avatar\hair\ahair_rareclonemg.equ
神器克隆装扮头部 (女鬼剑士),equipment,3,1,0,0,0,hair avatar,,creator mage,否,,DNF文件知识库\参考资料\标准格式样板\equipment\character\swordman\at_avatar\hair\ahair_rareclonemg_holy.equ
黄金克隆装扮头部 (女鬼剑士),equipment,4,1,0,0,0,hair avatar,,creator mage,否,,DNF文件知识库\参考资料\标准格式样板\equipment\character\swordman\at_avatar\hair\ahair_rareclonemg_new.equ
极诣·流浪武士剑星绑发[银色款],equipment,0,1,0,0,0,hair avatar,,creator mage,否,,DNF文件知识库\参考资料\标准格式样板\equipment\character\swordman\at_avatar\hair\chn_2023_202360074.equ
极诣·驭剑士剑语短发[款式1],equipment,0,1,0,0,0,hair avatar,,creator mage,否,,DNF文件知识库\参考资料\标准格式样板\equipment\character\swordman\at_avatar\hair\chn_2023_202660070.equ
极诣·驭剑士剑缘短发[款式2],equipment,0,1,0,0,0,hair avatar,,creator mage,否,,DNF文件知识库\参考资料\标准格式样板\equipment\character\swordman\at_avatar\hair\chn_2023_202660071.equ
极诣·驭剑士剑心短发[款式3],equipment,0,1,0,0,0,hair avatar,,creator mage,否,,DNF文件知识库\参考资料\标准格式样板\equipment\character\swordman\at_avatar\hair\chn_2023_202660072.equ
极诣·驭剑士剑思短发[款式4],equipment,0,1,0,0,0,hair avatar,,creator mage,否,,DNF文件知识库\参考资料\标准格式样板\equipment\character\swordman\at_avatar\hair\chn_2023_202660073.equ
极诣·驭剑士剑星短发[银色款],equipment,0,1,0,0,0,hair avatar,,creator mage,否,,DNF文件知识库\参考资料\标准格式样板\equipment\character\swordman\at_avatar\hair\chn_2023_202660074.equ
极诣·驭剑士剑光短发[金色款],equipment,0,1,0,0,0,hair avatar,,creator mage,否,,DNF文件知识库\参考资料\标准格式样板\equipment\character\swordman\at_avatar\hair\chn_2023_202660075.equ
剑魔银白卷发,equipment,0,1,0,0,0,hair avatar,,creator mage,否,,DNF文件知识库\参考资料\标准格式样板\equipment\character\swordman\at_avatar\hair\chn_equ_1st_awakening_avatar_at_swordman_hair_412560001.equ
剑魔黄色卷发,equipment,0,1,0,0,0,hair avatar,,creator mage,否,,DNF文件知识库\参考资料\标准格式样板\equipment\character\swordman\at_avatar\hair\chn_equ_1st_awakening_avatar_at_swordman_hair_412560002.equ
剑魔天蓝卷发,equipment,0,1,0,0,0,hair avatar,,creator mage,否,,DNF文件知识库\参考资料\标准格式样板\equipment\character\swordman\at_avatar\hair\chn_equ_1st_awakening_avatar_at_swordman_hair_412560003.equ
剑魔粉色卷发,equipment,0,1,0,0,0,hair avatar,,creator mage,否,,DNF文件知识库\参考资料\标准格式样板\equipment\character\swordman\at_avatar\hair\chn_equ_1st_awakening_avatar_at_swordman_hair_412560004.equ
剑宗银白短发,equipment,0,1,0,0,0,hair avatar,,creator mage,否,,DNF文件知识库\参考资料\标准格式样板\equipment\character\swordman\at_avatar\hair\chn_equ_1st_awakening_avatar_at_swordman_hair_412560005.equ
剑宗黄色短发,equipment,0,1,0,0,0,hair avatar,,creator mage,否,,DNF文件知识库\参考资料\标准格式样板\equipment\character\swordman\at_avatar\hair\chn_equ_1st_awakening_avatar_at_swordman_hair_412560006.equ
剑宗天蓝短发,equipment,0,1,0,0,0,hair avatar,,creator mage,否,,DNF文件知识库\参考资料\标准格式样板\equipment\character\swordman\at_avatar\hair\chn_equ_1st_awakening_avatar_at_swordman_hair_412560007.equ
剑宗粉色短发,equipment,0,1,0,0,0,hair avatar,,creator mage,否,,DNF文件知识库\参考资料\标准格式样板\equipment\character\swordman\at_avatar\hair\chn_equ_1st_awakening_avatar_at_swordman_hair_412560008.equ
剑豪白色长发,equipment,0,1,0,0,0,hair avatar,,creator mage,否,,DNF文件知识库\参考资料\标准格式样板\equipment\character\swordman\at_avatar\hair\chn_equ_1st_awakening_avatar_at_swordman_hair_412560009.equ
剑豪黄色长发,equipment,0,1,0,0,0,hair avatar,,creator mage,否,,DNF文件知识库\参考资料\标准格式样板\equipment\character\swordman\at_avatar\hair\chn_equ_1st_awakening_avatar_at_swordman_hair_412560010.equ
剑豪天蓝长发,equipment,0,1,0,0,0,hair avatar,,creator mage,否,,DNF文件知识库\参考资料\标准格式样板\equipment\character\swordman\at_avatar\hair\chn_equ_1st_awakening_avatar_at_swordman_hair_412560011.equ
剑豪粉色长发,equipment,0,1,0,0,0,hair avatar,,creator mage,否,,DNF文件知识库\参考资料\标准格式样板\equipment\character\swordman\at_avatar\hair\chn_equ_1st_awakening_avatar_at_swordman_hair_412560012.equ
黑色剑舞蹁跹马尾 (省赛),equipment,0,1,0,0,0,hair avatar,,creator mage,否,,DNF文件知识库\参考资料\标准格式样板\equipment\character\swordman\at_avatar\hair\chn_equ_pvp_avatar_at_swordman_hair_112560167.equ
金色剑舞蹁跹马尾 (省赛),equipment,0,1,0,0,0,hair avatar,,creator mage,否,,DNF文件知识库\参考资料\标准格式样板\equipment\character\swordman\at_avatar\hair\chn_equ_pvp_avatar_at_swordman_hair_112560168.equ
棕色剑舞蹁跹马尾 (省赛),equipment,0,1,0,0,0,hair avatar,,creator mage,否,,DNF文件知识库\参考资料\标准格式样板\equipment\character\swordman\at_avatar\hair\chn_equ_pvp_avatar_at_swordman_hair_112560169.equ
黑色剑舞蹁跹马尾 (周赛),equipment,0,1,0,0,0,hair avatar,,creator mage,否,,DNF文件知识库\参考资料\标准格式样板\equipment\character\swordman\at_avatar\hair\chn_equ_pvp_avatar_at_swordman_hair_112560170.equ
金色剑舞蹁跹马尾 (周赛),equipment,0,1,0,0,0,hair avatar,,creator mage,否,,DNF文件知识库\参考资料\标准格式样板\equipment\character\swordman\at_avatar\hair\chn_equ_pvp_avatar_at_swordman_hair_112560171.equ
棕色剑舞蹁跹马尾 (周赛),equipment,0,1,0,0,0,hair avatar,,creator mage,否,,DNF文件知识库\参考资料\标准格式样板\equipment\character\swordman\at_avatar\hair\chn_equ_pvp_avatar_at_swordman_hair_112560172.equ
黑色灵梦剑影长发,equipment,0,1,0,0,0,hair avatar,,creator mage,否,,DNF文件知识库\参考资料\标准格式样板\equipment\character\swordman\at_avatar\hair\chn_equ_special_avatar_at_swordman_hair_112560109.equ
黄色灵梦剑影长发,equipment,0,1,0,0,0,hair avatar,,creator mage,否,,DNF文件知识库\参考资料\标准格式样板\equipment\character\swordman\at_avatar\hair\chn_equ_special_avatar_at_swordman_hair_112560110.equ
蓝色灵梦剑影长发,equipment,0,1,0,0,0,hair avatar,,creator mage,否,,DNF文件知识库\参考资料\标准格式样板\equipment\character\swordman\at_avatar\hair\chn_equ_special_avatar_at_swordman_hair_112560111.equ
金色灵梦剑影长发,equipment,0,1,0,0,0,hair avatar,,creator mage,否,,DNF文件知识库\参考资料\标准格式样板\equipment\character\swordman\at_avatar\hair\chn_equ_special_avatar_at_swordman_hair_112560112.equ
绯樱之舞黑色长剑,equipment,0,1,0,0,0,breast avatar,,creator mage,否,,DNF文件知识库\参考资料\标准格式样板\equipment\character\swordman\at_avatar\neck\412520031.equ
绯樱之舞蓝色长剑,equipment,0,1,0,0,0,breast avatar,,creator mage,否,,DNF文件知识库\参考资料\标准格式样板\equipment\character\swordman\at_avatar\neck\412520032.equ
绯樱之舞紫色长剑,equipment,0,1,0,0,0,breast avatar,,creator mage,否,,DNF文件知识库\参考资料\标准格式样板\equipment\character\swordman\at_avatar\neck\412520033.equ
绯樱之舞粉色长剑,equipment,0,1,0,0,0,breast avatar,,creator mage,否,,DNF文件知识库\参考资料\标准格式样板\equipment\character\swordman\at_avatar\neck\412520034.equ
剑皇虞美人项链[A款],equipment,0,1,0,0,0,breast avatar,,creator mage,否,,DNF文件知识库\参考资料\标准格式样板\equipment\character\swordman\at_avatar\neck\412520071.equ
剑皇虞美人项链[B款],equipment,0,1,0,0,0,breast avatar,,creator mage,否,,DNF文件知识库\参考资料\标准格式样板\equipment\character\swordman\at_avatar\neck\412520072.equ
剑皇虞美人项链[C款],equipment,0,1,0,0,0,breast avatar,,creator mage,否,,DNF文件知识库\参考资料\标准格式样板\equipment\character\swordman\at_avatar\neck\412520073.equ
剑皇虞美人项链[D款],equipment,0,1,0,0,0,breast avatar,,creator mage,否,,DNF文件知识库\参考资料\标准格式样板\equipment\character\swordman\at_avatar\neck\412520074.equ
剑帝恋香衾颈饰[A款],equipment,0,1,0,0,0,breast avatar,,creator mage,否,,DNF文件知识库\参考资料\标准格式样板\equipment\character\swordman\at_avatar\neck\412520075.equ
剑帝恋香衾颈饰[B款],equipment,0,1,0,0,0,breast avatar,,creator mage,否,,DNF文件知识库\参考资料\标准格式样板\equipment\character\swordman\at_avatar\neck\412520076.equ
剑帝恋香衾颈饰[C款],equipment,0,1,0,0,0,breast avatar,,creator mage,否,,DNF文件知识库\参考资料\标准格式样板\equipment\character\swordman\at_avatar\neck\412520077.equ
剑帝恋香衾颈饰[D款],equipment,0,1,0,0,0,breast avatar,,creator mage,否,,DNF文件知识库\参考资料\标准格式样板\equipment\character\swordman\at_avatar\neck\412520078.equ
光明剑舞天鸣翅膀,equipment,2,1,0,0,0,breast avatar,,creator mage,否,,DNF文件知识库\参考资料\标准格式样板\equipment\character\swordman\at_avatar\neck\aneck_201020855.equ
混沌剑舞天鸣翅膀,equipment,2,1,0,0,0,breast avatar,,creator mage,否,,DNF文件知识库\参考资料\标准格式样板\equipment\character\swordman\at_avatar\neck\aneck_201020863.equ
稀有克隆装扮胸部 (女鬼剑士),equipment,2,1,0,0,0,breast avatar,,creator mage,否,,DNF文件知识库\参考资料\标准格式样板\equipment\character\swordman\at_avatar\neck\aneck_rareclonemg.equ
神器克隆装扮胸部 (女鬼剑士),equipment,3,1,0,0,0,breast avatar,,creator mage,否,,DNF文件知识库\参考资料\标准格式样板\equipment\character\swordman\at_avatar\neck\aneck_rareclonemg_holy.equ
黄金克隆装扮胸部 (女鬼剑士),equipment,4,1,0,0,0,breast avatar,,creator mage,否,,DNF文件知识库\参考资料\标准格式样板\equipment\character\swordman\at_avatar\neck\aneck_rareclonemg_new.equ
极诣·流浪武士剑星披风[银色款],equipment,0,1,0,0,0,breast avatar,,creator mage,否,,DNF文件知识库\参考资料\标准格式样板\equipment\character\swordman\at_avatar\neck\chn_2023_202320067.equ
极诣·驭剑士剑语披风[款式1],equipment,0,1,0,0,0,breast avatar,,creator mage,否,,DNF文件知识库\参考资料\标准格式样板\equipment\character\swordman\at_avatar\neck\chn_2023_202620063.equ
极诣·驭剑士剑缘披风[款式2],equipment,0,1,0,0,0,breast avatar,,creator mage,否,,DNF文件知识库\参考资料\标准格式样板\equipment\character\swordman\at_avatar\neck\chn_2023_202620064.equ
极诣·驭剑士剑心披风[款式3],equipment,0,1,0,0,0,breast avatar,,creator mage,否,,DNF文件知识库\参考资料\标准格式样板\equipment\character\swordman\at_avatar\neck\chn_2023_202620065.equ
极诣·驭剑士剑思披风[款式4],equipment,0,1,0,0,0,breast avatar,,creator mage,否,,DNF文件知识库\参考资料\标准格式样板\equipment\character\swordman\at_avatar\neck\chn_2023_202620066.equ
极诣·驭剑士剑星披风[银色款],equipment,0,1,0,0,0,breast avatar,,creator mage,否,,DNF文件知识库\参考资料\标准格式样板\equipment\character\swordman\at_avatar\neck\chn_2023_202620067.equ
极诣·驭剑士剑光披风[金色款],equipment,0,1,0,0,0,breast avatar,,creator mage,否,,DNF文件知识库\参考资料\标准格式样板\equipment\character\swordman\at_avatar\neck\chn_2023_202620068.equ
剑魔黑色斗篷,equipment,0,1,0,0,0,breast avatar,,creator mage,否,,DNF文件知识库\参考资料\标准格式样板\equipment\character\swordman\at_avatar\neck\chn_equ_1st_awakening_avatar_at_swordman_neck_112520246.equ
剑魔红色斗篷,equipment,0,1,0,0,0,breast avatar,,creator mage,否,,DNF文件知识库\参考资料\标准格式样板\equipment\character\swordman\at_avatar\neck\chn_equ_1st_awakening_avatar_at_swordman_neck_112520247.equ
剑魔藏蓝斗篷,equipment,0,1,0,0,0,breast avatar,,creator mage,否,,DNF文件知识库\参考资料\标准格式样板\equipment\character\swordman\at_avatar\neck\chn_equ_1st_awakening_avatar_at_swordman_neck_112520248.equ
剑魔紫色斗篷,equipment,0,1,0,0,0,breast avatar,,creator mage,否,,DNF文件知识库\参考资料\标准格式样板\equipment\character\swordman\at_avatar\neck\chn_equ_1st_awakening_avatar_at_swordman_neck_412520000.equ
剑宗金色颈圈,equipment,0,1,0,0,0,breast avatar,,creator mage,否,,DNF文件知识库\参考资料\标准格式样板\equipment\character\swordman\at_avatar\neck\chn_equ_1st_awakening_avatar_at_swordman_neck_412520001.equ
剑宗褐色颈圈,equipment,0,1,0,0,0,breast avatar,,creator mage,否,,DNF文件知识库\参考资料\标准格式样板\equipment\character\swordman\at_avatar\neck\chn_equ_1st_awakening_avatar_at_swordman_neck_412520002.equ
剑宗紫色颈圈,equipment,0,1,0,0,0,breast avatar,,creator mage,否,,DNF文件知识库\参考资料\标准格式样板\equipment\character\swordman\at_avatar\neck\chn_equ_1st_awakening_avatar_at_swordman_neck_412520003.equ
剑宗银灰颈圈,equipment,0,1,0,0,0,breast avatar,,creator mage,否,,DNF文件知识库\参考资料\标准格式样板\equipment\character\swordman\at_avatar\neck\chn_equ_1st_awakening_avatar_at_swordman_neck_412520004.equ
剑豪黑色围脖,equipment,0,1,0,0,0,breast avatar,,creator mage,否,,DNF文件知识库\参考资料\标准格式样板\equipment\character\swordman\at_avatar\neck\chn_equ_1st_awakening_avatar_at_swordman_neck_412520005.equ
剑豪红色围脖,equipment,0,1,0,0,0,breast avatar,,creator mage,否,,DNF文件知识库\参考资料\标准格式样板\equipment\character\swordman\at_avatar\neck\chn_equ_1st_awakening_avatar_at_swordman_neck_412520006.equ
剑豪白色围脖,equipment,0,1,0,0,0,breast avatar,,creator mage,否,,DNF文件知识库\参考资料\标准格式样板\equipment\character\swordman\at_avatar\neck\chn_equ_1st_awakening_avatar_at_swordman_neck_412520007.equ
剑豪紫色围脖,equipment,0,1,0,0,0,breast avatar,,creator mage,否,,DNF文件知识库\参考资料\标准格式样板\equipment\character\swordman\at_avatar\neck\chn_equ_1st_awakening_avatar_at_swordman_neck_412520008.equ
黑色灵梦剑影双剑,equipment,0,1,0,0,0,breast avatar,,creator mage,否,,DNF文件知识库\参考资料\标准格式样板\equipment\character\swordman\at_avatar\neck\chn_equ_special_avatar_at_swordman_neck_112520118.equ
粉色灵梦剑影双剑,equipment,0,1,0,0,0,breast avatar,,creator mage,否,,DNF文件知识库\参考资料\标准格式样板\equipment\character\swordman\at_avatar\neck\chn_equ_special_avatar_at_swordman_neck_112520119.equ
蓝色灵梦剑影双剑,equipment,0,1,0,0,0,breast avatar,,creator mage,否,,DNF文件知识库\参考资料\标准格式样板\equipment\character\swordman\at_avatar\neck\chn_equ_special_avatar_at_swordman_neck_112520120.equ
紫色灵梦剑影双剑,equipment,0,1,0,0,0,breast avatar,,creator mage,否,,DNF文件知识库\参考资料\标准格式样板\equipment\character\swordman\at_avatar\neck\chn_equ_special_avatar_at_swordman_neck_112520121.equ
鹊上肩头[女鬼剑],equipment,0,1,0,0,0,breast avatar,,creator mage,否,,DNF文件知识库\参考资料\标准格式样板\equipment\character\swordman\at_avatar\neck\chn_equ_special_avatar_at_swordman_neck_112520234.equ
巧克力下装(a)女鬼剑,equipment,0,1,0,0,0,pants avatar,,creator mage,否,,DNF文件知识库\参考资料\标准格式样板\equipment\character\swordman\at_avatar\pants\199704992.equ
巧克力下装(b)女鬼剑,equipment,0,1,0,0,0,pants avatar,,creator mage,否,,DNF文件知识库\参考资料\标准格式样板\equipment\character\swordman\at_avatar\pants\199704993.equ
巧克力下装(c)女鬼剑,equipment,0,1,0,0,0,pants avatar,,creator mage,否,,DNF文件知识库\参考资料\标准格式样板\equipment\character\swordman\at_avatar\pants\199704994.equ
剑皇虞美人短裤[A款],equipment,0,1,0,0,0,pants avatar,,creator mage,否,,DNF文件知识库\参考资料\标准格式样板\equipment\character\swordman\at_avatar\pants\412510086.equ
剑皇虞美人短裤[B款],equipment,0,1,0,0,0,pants avatar,,creator mage,否,,DNF文件知识库\参考资料\标准格式样板\equipment\character\swordman\at_avatar\pants\412510087.equ
剑皇虞美人短裤[C款],equipment,0,1,0,0,0,pants avatar,,creator mage,否,,DNF文件知识库\参考资料\标准格式样板\equipment\character\swordman\at_avatar\pants\412510088.equ
剑皇虞美人短裤[D款],equipment,0,1,0,0,0,pants avatar,,creator mage,否,,DNF文件知识库\参考资料\标准格式样板\equipment\character\swordman\at_avatar\pants\412510089.equ
剑帝恋香衾短裤[A款],equipment,0,1,0,0,0,pants avatar,,creator mage,否,,DNF文件知识库\参考资料\标准格式样板\equipment\character\swordman\at_avatar\pants\412510090.equ
剑帝恋香衾短裤[B款],equipment,0,1,0,0,0,pants avatar,,creator mage,否,,DNF文件知识库\参考资料\标准格式样板\equipment\character\swordman\at_avatar\pants\412510091.equ
剑帝恋香衾短裤[C款],equipment,0,1,0,0,0,pants avatar,,creator mage,否,,DNF文件知识库\参考资料\标准格式样板\equipment\character\swordman\at_avatar\pants\412510092.equ
剑帝恋香衾短裤[D款],equipment,0,1,0,0,0,pants avatar,,creator mage,否,,DNF文件知识库\参考资料\标准格式样板\equipment\character\swordman\at_avatar\pants\412510093.equ
光明剑舞天鸣裙子,equipment,2,1,0,0,0,pants avatar,,creator mage,否,,DNF文件知识库\参考资料\标准格式样板\equipment\character\swordman\at_avatar\pants\apants_201020857.equ
混沌剑舞天鸣裙子,equipment,2,1,0,0,0,pants avatar,,creator mage,否,,DNF文件知识库\参考资料\标准格式样板\equipment\character\swordman\at_avatar\pants\apants_201020865.equ
稀有克隆装扮下装 (女鬼剑士),equipment,2,1,0,0,0,pants avatar,,creator mage,否,,DNF文件知识库\参考资料\标准格式样板\equipment\character\swordman\at_avatar\pants\apants_rareclonemg.equ
神器克隆装扮下装 (女鬼剑士),equipment,3,1,0,0,0,pants avatar,,creator mage,否,,DNF文件知识库\参考资料\标准格式样板\equipment\character\swordman\at_avatar\pants\apants_rareclonemg_holy.equ
黄金克隆装扮下装 (女鬼剑士),equipment,4,1,0,0,0,pants avatar,,creator mage,否,,DNF文件知识库\参考资料\标准格式样板\equipment\character\swordman\at_avatar\pants\apants_rareclonemg_new.equ
极诣·流浪武士剑星下装[银色款],equipment,0,1,0,0,0,pants avatar,,creator mage,否,,DNF文件知识库\参考资料\标准格式样板\equipment\character\swordman\at_avatar\pants\chn_2023_202310082.equ
极诣·驭剑士剑语裤子[款式1],equipment,0,1,0,0,0,pants avatar,,creator mage,否,,DNF文件知识库\参考资料\标准格式样板\equipment\character\swordman\at_avatar\pants\chn_2023_202610078.equ
极诣·驭剑士剑缘裤子[款式2],equipment,0,1,0,0,0,pants avatar,,creator mage,否,,DNF文件知识库\参考资料\标准格式样板\equipment\character\swordman\at_avatar\pants\chn_2023_202610079.equ
极诣·驭剑士剑心裤子[款式3],equipment,0,1,0,0,0,pants avatar,,creator mage,否,,DNF文件知识库\参考资料\标准格式样板\equipment\character\swordman\at_avatar\pants\chn_2023_202610080.equ
极诣·驭剑士剑思裤子[款式4],equipment,0,1,0,0,0,pants avatar,,creator mage,否,,DNF文件知识库\参考资料\标准格式样板\equipment\character\swordman\at_avatar\pants\chn_2023_202610081.equ
极诣·驭剑士剑星裤子[银色款],equipment,0,1,0,0,0,pants avatar,,creator mage,否,,DNF文件知识库\参考资料\标准格式样板\equipment\character\swordman\at_avatar\pants\chn_2023_202610082.equ
极诣·驭剑士剑光裤子[金色款],equipment,0,1,0,0,0,pants avatar,,creator mage,否,,DNF文件知识库\参考资料\标准格式样板\equipment\character\swordman\at_avatar\pants\chn_2023_202610083.equ
剑魔黑色热裤,equipment,0,1,0,0,0,pants avatar,,creator mage,否,,DNF文件知识库\参考资料\标准格式样板\equipment\character\swordman\at_avatar\pants\chn_equ_1st_awakening_avatar_at_swordman_pants_412510006.equ
剑魔红色热裤,equipment,0,1,0,0,0,pants avatar,,creator mage,否,,DNF文件知识库\参考资料\标准格式样板\equipment\character\swordman\at_avatar\pants\chn_equ_1st_awakening_avatar_at_swordman_pants_412510007.equ
剑魔白色热裤,equipment,0,1,0,0,0,pants avatar,,creator mage,否,,DNF文件知识库\参考资料\标准格式样板\equipment\character\swordman\at_avatar\pants\chn_equ_1st_awakening_avatar_at_swordman_pants_412510008.equ
剑魔紫色热裤,equipment,0,1,0,0,0,pants avatar,,creator mage,否,,DNF文件知识库\参考资料\标准格式样板\equipment\character\swordman\at_avatar\pants\chn_equ_1st_awakening_avatar_at_swordman_pants_412510009.equ
剑宗黑色短裙,equipment,0,1,0,0,0,pants avatar,,creator mage,否,,DNF文件知识库\参考资料\标准格式样板\equipment\character\swordman\at_avatar\pants\chn_equ_1st_awakening_avatar_at_swordman_pants_412510010.equ
剑宗墨黑短裙,equipment,0,1,0,0,0,pants avatar,,creator mage,否,,DNF文件知识库\参考资料\标准格式样板\equipment\character\swordman\at_avatar\pants\chn_equ_1st_awakening_avatar_at_swordman_pants_412510011.equ
剑宗白色短裙,equipment,0,1,0,0,0,pants avatar,,creator mage,否,,DNF文件知识库\参考资料\标准格式样板\equipment\character\swordman\at_avatar\pants\chn_equ_1st_awakening_avatar_at_swordman_pants_412510012.equ
剑宗粉色短裙,equipment,0,1,0,0,0,pants avatar,,creator mage,否,,DNF文件知识库\参考资料\标准格式样板\equipment\character\swordman\at_avatar\pants\chn_equ_1st_awakening_avatar_at_swordman_pants_412510013.equ
剑豪黑色热裤,equipment,0,1,0,0,0,pants avatar,,creator mage,否,,DNF文件知识库\参考资料\标准格式样板\equipment\character\swordman\at_avatar\pants\chn_equ_1st_awakening_avatar_at_swordman_pants_412510014.equ
剑豪红色热裤,equipment,0,1,0,0,0,pants avatar,,creator mage,否,,DNF文件知识库\参考资料\标准格式样板\equipment\character\swordman\at_avatar\pants\chn_equ_1st_awakening_avatar_at_swordman_pants_412510015.equ
剑豪白色热裤,equipment,0,1,0,0,0,pants avatar,,creator mage,否,,DNF文件知识库\参考资料\标准格式样板\equipment\character\swordman\at_avatar\pants\chn_equ_1st_awakening_avatar_at_swordman_pants_412510016.equ
剑豪紫色热裤,equipment,0,1,0,0,0,pants avatar,,creator mage,否,,DNF文件知识库\参考资料\标准格式样板\equipment\character\swordman\at_avatar\pants\chn_equ_1st_awakening_avatar_at_swordman_pants_412510017.equ
黑色剑舞蹁跹裤子 (省赛),equipment,0,1,0,0,0,pants avatar,,creator mage,否,,DNF文件知识库\参考资料\标准格式样板\equipment\character\swordman\at_avatar\pants\chn_equ_pvp_avatar_at_swordman_pants_112510181.equ
红色剑舞蹁跹裤子 (省赛),equipment,0,1,0,0,0,pants avatar,,creator mage,否,,DNF文件知识库\参考资料\标准格式样板\equipment\character\swordman\at_avatar\pants\chn_equ_pvp_avatar_at_swordman_pants_112510182.equ
白色剑舞蹁跹裤子 (省赛),equipment,0,1,0,0,0,pants avatar,,creator mage,否,,DNF文件知识库\参考资料\标准格式样板\equipment\character\swordman\at_avatar\pants\chn_equ_pvp_avatar_at_swordman_pants_112510183.equ
黑色剑舞蹁跹裤子 (周赛),equipment,0,1,0,0,0,pants avatar,,creator mage,否,,DNF文件知识库\参考资料\标准格式样板\equipment\character\swordman\at_avatar\pants\chn_equ_pvp_avatar_at_swordman_pants_112510184.equ
红色剑舞蹁跹裤子 (周赛),equipment,0,1,0,0,0,pants avatar,,creator mage,否,,DNF文件知识库\参考资料\标准格式样板\equipment\character\swordman\at_avatar\pants\chn_equ_pvp_avatar_at_swordman_pants_112510185.equ
白色剑舞蹁跹裤子 (周赛),equipment,0,1,0,0,0,pants avatar,,creator mage,否,,DNF文件知识库\参考资料\标准格式样板\equipment\character\swordman\at_avatar\pants\chn_equ_pvp_avatar_at_swordman_pants_112510186.equ
黑色灵梦剑影短裤,equipment,0,1,0,0,0,pants avatar,,creator mage,否,,DNF文件知识库\参考资料\标准格式样板\equipment\character\swordman\at_avatar\pants\chn_equ_special_avatar_at_swordman_pants_112510121.equ
粉色灵梦剑影短裤,equipment,0,1,0,0,0,pants avatar,,creator mage,否,,DNF文件知识库\参考资料\标准格式样板\equipment\character\swordman\at_avatar\pants\chn_equ_special_avatar_at_swordman_pants_112510122.equ
蓝色灵梦剑影短裤,equipment,0,1,0,0,0,pants avatar,,creator mage,否,,DNF文件知识库\参考资料\标准格式样板\equipment\character\swordman\at_avatar\pants\chn_equ_special_avatar_at_swordman_pants_112510123.equ
紫色灵梦剑影短裤,equipment,0,1,0,0,0,pants avatar,,creator mage,否,,DNF文件知识库\参考资料\标准格式样板\equipment\character\swordman\at_avatar\pants\chn_equ_special_avatar_at_swordman_pants_112510124.equ
巧克力鞋子(a)女鬼剑,equipment,0,1,0,0,0,shoes avatar,,creator mage,否,,DNF文件知识库\参考资料\标准格式样板\equipment\character\swordman\at_avatar\shoes\199704989.equ
巧克力鞋子(b)女鬼剑,equipment,0,1,0,0,0,shoes avatar,,creator mage,否,,DNF文件知识库\参考资料\标准格式样板\equipment\character\swordman\at_avatar\shoes\199704990.equ
巧克力鞋子(c)女鬼剑,equipment,0,1,0,0,0,shoes avatar,,creator mage,否,,DNF文件知识库\参考资料\标准格式样板\equipment\character\swordman\at_avatar\shoes\199704991.equ
剑皇虞美人皮鞋[A款],equipment,0,1,0,0,0,shoes avatar,,creator mage,否,,DNF文件知识库\参考资料\标准格式样板\equipment\character\swordman\at_avatar\shoes\412540086.equ
剑皇虞美人皮鞋[B款],equipment,0,1,0,0,0,shoes avatar,,creator mage,否,,DNF文件知识库\参考资料\标准格式样板\equipment\character\swordman\at_avatar\shoes\412540087.equ
剑皇虞美人皮鞋[C款],equipment,0,1,0,0,0,shoes avatar,,creator mage,否,,DNF文件知识库\参考资料\标准格式样板\equipment\character\swordman\at_avatar\shoes\412540088.equ
剑皇虞美人皮鞋[D款],equipment,0,1,0,0,0,shoes avatar,,creator mage,否,,DNF文件知识库\参考资料\标准格式样板\equipment\character\swordman\at_avatar\shoes\412540089.equ
剑帝恋香衾鞋子[A款],equipment,0,1,0,0,0,shoes avatar,,creator mage,否,,DNF文件知识库\参考资料\标准格式样板\equipment\character\swordman\at_avatar\shoes\412540090.equ
剑帝恋香衾鞋子[B款],equipment,0,1,0,0,0,shoes avatar,,creator mage,否,,DNF文件知识库\参考资料\标准格式样板\equipment\character\swordman\at_avatar\shoes\412540091.equ
剑帝恋香衾鞋子[C款],equipment,0,1,0,0,0,shoes avatar,,creator mage,否,,DNF文件知识库\参考资料\标准格式样板\equipment\character\swordman\at_avatar\shoes\412540092.equ
剑帝恋香衾鞋子[D款],equipment,0,1,0,0,0,shoes avatar,,creator mage,否,,DNF文件知识库\参考资料\标准格式样板\equipment\character\swordman\at_avatar\shoes\412540093.equ
光明剑舞天鸣长靴,equipment,2,1,0,0,0,shoes avatar,,creator mage,否,,DNF文件知识库\参考资料\标准格式样板\equipment\character\swordman\at_avatar\shoes\ashoes_201020859.equ
混沌剑舞天鸣长靴,equipment,2,1,0,0,0,shoes avatar,,creator mage,否,,DNF文件知识库\参考资料\标准格式样板\equipment\character\swordman\at_avatar\shoes\ashoes_201020867.equ
稀有克隆装扮鞋 (女鬼剑士),equipment,2,1,0,0,0,shoes avatar,,creator mage,否,,DNF文件知识库\参考资料\标准格式样板\equipment\character\swordman\at_avatar\shoes\ashoes_rareclonemg.equ
神器克隆装扮鞋 (女鬼剑士),equipment,3,1,0,0,0,shoes avatar,,creator mage,否,,DNF文件知识库\参考资料\标准格式样板\equipment\character\swordman\at_avatar\shoes\ashoes_rareclonemg_holy.equ
黄金克隆装扮鞋 (女鬼剑士),equipment,4,1,0,0,0,shoes avatar,,creator mage,否,,DNF文件知识库\参考资料\标准格式样板\equipment\character\swordman\at_avatar\shoes\ashoes_rareclonemg_new.equ
极诣·流浪武士剑星鞋子[银色款],equipment,0,1,0,0,0,shoes avatar,,creator mage,否,,DNF文件知识库\参考资料\标准格式样板\equipment\character\swordman\at_avatar\shoes\chn_2023_202340082.equ
极诣·驭剑士剑语战靴[款式1],equipment,0,1,0,0,0,shoes avatar,,creator mage,否,,DNF文件知识库\参考资料\标准格式样板\equipment\character\swordman\at_avatar\shoes\chn_2023_202640078.equ
极诣·驭剑士剑缘战靴[款式2],equipment,0,1,0,0,0,shoes avatar,,creator mage,否,,DNF文件知识库\参考资料\标准格式样板\equipment\character\swordman\at_avatar\shoes\chn_2023_202640079.equ
极诣·驭剑士剑心战靴[款式3],equipment,0,1,0,0,0,shoes avatar,,creator mage,否,,DNF文件知识库\参考资料\标准格式样板\equipment\character\swordman\at_avatar\shoes\chn_2023_202640080.equ
极诣·驭剑士剑思战靴[款式4],equipment,0,1,0,0,0,shoes avatar,,creator mage,否,,DNF文件知识库\参考资料\标准格式样板\equipment\character\swordman\at_avatar\shoes\chn_2023_202640081.equ
极诣·驭剑士剑星战靴[银色款],equipment,0,1,0,0,0,shoes avatar,,creator mage,否,,DNF文件知识库\参考资料\标准格式样板\equipment\character\swordman\at_avatar\shoes\chn_2023_202640082.equ
极诣·驭剑士剑光战靴[金色款],equipment,0,1,0,0,0,shoes avatar,,creator mage,否,,DNF文件知识库\参考资料\标准格式样板\equipment\character\swordman\at_avatar\shoes\chn_2023_202640083.equ
剑魔黑色长靴,equipment,0,1,0,0,0,shoes avatar,,creator mage,否,,DNF文件知识库\参考资料\标准格式样板\equipment\character\swordman\at_avatar\shoes\chn_equ_1st_awakening_avatar_at_swordman_shoes_412540006.equ
剑魔红色长靴,equipment,0,1,0,0,0,shoes avatar,,creator mage,否,,DNF文件知识库\参考资料\标准格式样板\equipment\character\swordman\at_avatar\shoes\chn_equ_1st_awakening_avatar_at_swordman_shoes_412540007.equ
剑魔藏蓝长靴,equipment,0,1,0,0,0,shoes avatar,,creator mage,否,,DNF文件知识库\参考资料\标准格式样板\equipment\character\swordman\at_avatar\shoes\chn_equ_1st_awakening_avatar_at_swordman_shoes_412540008.equ
剑魔紫色长靴,equipment,0,1,0,0,0,shoes avatar,,creator mage,否,,DNF文件知识库\参考资料\标准格式样板\equipment\character\swordman\at_avatar\shoes\chn_equ_1st_awakening_avatar_at_swordman_shoes_412540009.equ
剑宗黑色短靴,equipment,0,1,0,0,0,shoes avatar,,creator mage,否,,DNF文件知识库\参考资料\标准格式样板\equipment\character\swordman\at_avatar\shoes\chn_equ_1st_awakening_avatar_at_swordman_shoes_412540010.equ
剑宗红色短靴,equipment,0,1,0,0,0,shoes avatar,,creator mage,否,,DNF文件知识库\参考资料\标准格式样板\equipment\character\swordman\at_avatar\shoes\chn_equ_1st_awakening_avatar_at_swordman_shoes_412540011.equ
剑宗白色短靴,equipment,0,1,0,0,0,shoes avatar,,creator mage,否,,DNF文件知识库\参考资料\标准格式样板\equipment\character\swordman\at_avatar\shoes\chn_equ_1st_awakening_avatar_at_swordman_shoes_412540012.equ
剑宗粉红短靴,equipment,0,1,0,0,0,shoes avatar,,creator mage,否,,DNF文件知识库\参考资料\标准格式样板\equipment\character\swordman\at_avatar\shoes\chn_equ_1st_awakening_avatar_at_swordman_shoes_412540013.equ
剑豪黄色鞋子,equipment,0,1,0,0,0,shoes avatar,,creator mage,否,,DNF文件知识库\参考资料\标准格式样板\equipment\character\swordman\at_avatar\shoes\chn_equ_1st_awakening_avatar_at_swordman_shoes_412540014.equ
剑豪红色鞋子,equipment,0,1,0,0,0,shoes avatar,,creator mage,否,,DNF文件知识库\参考资料\标准格式样板\equipment\character\swordman\at_avatar\shoes\chn_equ_1st_awakening_avatar_at_swordman_shoes_412540015.equ
剑豪蓝色鞋子,equipment,0,1,0,0,0,shoes avatar,,creator mage,否,,DNF文件知识库\参考资料\标准格式样板\equipment\character\swordman\at_avatar\shoes\chn_equ_1st_awakening_avatar_at_swordman_shoes_412540016.equ
剑豪粉色鞋子,equipment,0,1,0,0,0,shoes avatar,,creator mage,否,,DNF文件知识库\参考资料\标准格式样板\equipment\character\swordman\at_avatar\shoes\chn_equ_1st_awakening_avatar_at_swordman_shoes_412540017.equ
黑色剑舞蹁跹木屐 (省赛),equipment,0,1,0,0,0,shoes avatar,,creator mage,否,,DNF文件知识库\参考资料\标准格式样板\equipment\character\swordman\at_avatar\shoes\chn_equ_pvp_avatar_at_swordman_shoes_112540195.equ
蓝色剑舞蹁跹木屐 (省赛),equipment,0,1,0,0,0,shoes avatar,,creator mage,否,,DNF文件知识库\参考资料\标准格式样板\equipment\character\swordman\at_avatar\shoes\chn_equ_pvp_avatar_at_swordman_shoes_112540196.equ
棕色剑舞蹁跹木屐 (省赛),equipment,0,1,0,0,0,shoes avatar,,creator mage,否,,DNF文件知识库\参考资料\标准格式样板\equipment\character\swordman\at_avatar\shoes\chn_equ_pvp_avatar_at_swordman_shoes_112540197.equ
黑色剑舞蹁跹木屐 (周赛),equipment,0,1,0,0,0,shoes avatar,,creator mage,否,,DNF文件知识库\参考资料\标准格式样板\equipment\character\swordman\at_avatar\shoes\chn_equ_pvp_avatar_at_swordman_shoes_112540198.equ
蓝色剑舞蹁跹木屐 (周赛),equipment,0,1,0,0,0,shoes avatar,,creator mage,否,,DNF文件知识库\参考资料\标准格式样板\equipment\character\swordman\at_avatar\shoes\chn_equ_pvp_avatar_at_swordman_shoes_112540199.equ
棕色剑舞蹁跹木屐 (周赛),equipment,0,1,0,0,0,shoes avatar,,creator mage,否,,DNF文件知识库\参考资料\标准格式样板\equipment\character\swordman\at_avatar\shoes\chn_equ_pvp_avatar_at_swordman_shoes_112540200.equ
红色灵梦剑影长靴,equipment,0,1,0,0,0,shoes avatar,,creator mage,否,,DNF文件知识库\参考资料\标准格式样板\equipment\character\swordman\at_avatar\shoes\chn_equ_special_avatar_at_swordman_shoes_112540135.equ
粉色灵梦剑影长靴,equipment,0,1,0,0,0,shoes avatar,,creator mage,否,,DNF文件知识库\参考资料\标准格式样板\equipment\character\swordman\at_avatar\shoes\chn_equ_special_avatar_at_swordman_shoes_112540136.equ
蓝色灵梦剑影长靴,equipment,0,1,0,0,0,shoes avatar,,creator mage,否,,DNF文件知识库\参考资料\标准格式样板\equipment\character\swordman\at_avatar\shoes\chn_equ_special_avatar_at_swordman_shoes_112540137.equ
紫色灵梦剑影长靴,equipment,0,1,0,0,0,shoes avatar,,creator mage,否,,DNF文件知识库\参考资料\标准格式样板\equipment\character\swordman\at_avatar\shoes\chn_equ_special_avatar_at_swordman_shoes_112540138.equ
冬季雪人套 - 女鬼剑,equipment,0,1,0,1500,1500,skin avatar,,creator mage,否,,DNF文件知识库\参考资料\标准格式样板\equipment\character\swordman\at_avatar\skin\121800010.equ
机甲龙袍-女鬼剑士(皮肤版),equipment,0,1,0,0,0,skin avatar,,creator mage,否,,DNF文件知识库\参考资料\标准格式样板\equipment\character\swordman\at_avatar\skin\202207080.equ
紫炎燃武[女鬼剑],equipment,2,1,0,520,520,skin avatar,,creator mage,是,,DNF文件知识库\参考资料\标准格式样板\equipment\character\swordman\at_avatar\skin\222800010.equ
太初昆仑[女鬼剑],equipment,0,1,0,333,333,skin avatar,,creator mage,是,,DNF文件知识库\参考资料\标准格式样板\equipment\character\swordman\at_avatar\skin\23280020.equ
能源机甲皮肤[女鬼剑],equipment,0,1,0,0,0,skin avatar,,creator mage,否,,DNF文件知识库\参考资料\标准格式样板\equipment\character\swordman\at_avatar\skin\4000051.equ
武侠系列-女鬼剑女侠客,equipment,0,1,0,60,60,skin avatar,,creator mage,否,,DNF文件知识库\参考资料\标准格式样板\equipment\character\swordman\at_avatar\skin\4000053.equ
剑皇虞美人健康皮肤,equipment,0,1,0,0,0,skin avatar,,creator mage,否,,DNF文件知识库\参考资料\标准格式样板\equipment\character\swordman\at_avatar\skin\412580013.equ
剑皇虞美人杏色皮肤,equipment,0,1,0,0,0,skin avatar,,creator mage,否,,DNF文件知识库\参考资料\标准格式样板\equipment\character\swordman\at_avatar\skin\412580014.equ
剑皇虞美人乳白皮肤,equipment,0,1,0,0,0,skin avatar,,creator mage,否,,DNF文件知识库\参考资料\标准格式样板\equipment\character\swordman\at_avatar\skin\412580015.equ
剑帝恋香衾健康皮肤,equipment,0,1,0,0,0,skin avatar,,creator mage,否,,DNF文件知识库\参考资料\标准格式样板\equipment\character\swordman\at_avatar\skin\412580016.equ
剑帝恋香衾杏色皮肤,equipment,0,1,0,0,0,skin avatar,,creator mage,否,,DNF文件知识库\参考资料\标准格式样板\equipment\character\swordman\at_avatar\skin\412580017.equ
剑帝恋香衾乳白皮肤,equipment,0,1,0,0,0,skin avatar,,creator mage,否,,DNF文件知识库\参考资料\标准格式样板\equipment\character\swordman\at_avatar\skin\412580018.equ
倾城曼舞太刀 (女鬼剑士),equipment,0,1,0,30,30,skin avatar,,creator mage,否,,DNF文件知识库\参考资料\标准格式样板\equipment\character\swordman\at_avatar\skin\8.equ
神器克隆装扮皮肤 (女鬼剑士),equipment,3,1,0,188,188,skin avatar,,creator mage,否,,DNF文件知识库\参考资料\标准格式样板\equipment\character\swordman\at_avatar\skin\askin_rareclonemg_holy.equ
黄金克隆装扮皮肤 (女鬼剑士),equipment,4,1,0,30,30,skin avatar,,creator mage,否,,DNF文件知识库\参考资料\标准格式样板\equipment\character\swordman\at_avatar\skin\askin_rareclonemg_new.equ
极诣·鬼剑士通用清澈皮肤,equipment,0,1,0,0,0,skin avatar,,creator mage,否,,DNF文件知识库\参考资料\标准格式样板\equipment\character\swordman\at_avatar\skin\chn_2023_202380009.equ
骑士王的装扮（女鬼剑）,equipment,0,1,0,0,0,skin avatar,,creator mage,否,,DNF文件知识库\参考资料\标准格式样板\equipment\character\swordman\at_avatar\skin\chn_carton_202007102.equ
尼禄的装扮（女鬼剑）,equipment,0,1,0,0,0,skin avatar,,creator mage,否,,DNF文件知识库\参考资料\标准格式样板\equipment\character\swordman\at_avatar\skin\chn_carton_202007103.equ
Saber Alter（女鬼剑）,equipment,0,1,0,0,0,skin avatar,,creator mage,否,,DNF文件知识库\参考资料\标准格式样板\equipment\character\swordman\at_avatar\skin\chn_carton_202007104.equ
Saber（女鬼剑）,equipment,0,1,0,0,0,skin avatar,,creator mage,否,,DNF文件知识库\参考资料\标准格式样板\equipment\character\swordman\at_avatar\skin\chn_carton_202007105.equ
初音未来COS装扮（女鬼剑）,equipment,0,1,0,0,0,skin avatar,,creator mage,否,,DNF文件知识库\参考资料\标准格式样板\equipment\character\swordman\at_avatar\skin\chn_carton_202007106.equ
冲田总司 （女鬼剑）,equipment,0,1,0,0,0,skin avatar,,creator mage,否,,DNF文件知识库\参考资料\标准格式样板\equipment\character\swordman\at_avatar\skin\chn_carton_202007107.equ
八重樱 （女鬼剑）,equipment,0,1,0,0,0,skin avatar,,creator mage,否,,DNF文件知识库\参考资料\标准格式样板\equipment\character\swordman\at_avatar\skin\chn_carton_202007108.equ
兔女郎 （女鬼剑）,equipment,0,1,0,0,0,skin avatar,,creator mage,否,,DNF文件知识库\参考资料\标准格式样板\equipment\character\swordman\at_avatar\skin\chn_carton_202007109.equ
天蓝色鬼剑皮肤,equipment,0,1,0,0,0,skin avatar,,creator mage,否,,DNF文件知识库\参考资料\标准格式样板\equipment\character\swordman\at_avatar\skin\chn_equ_avatar_at_swordman_skin_112580057.equ
雷米狄奥斯的巨剑,equipment,0,1,0,15,15,face avatar,,creator mage,否,,DNF文件知识库\参考资料\标准格式样板\equipment\character\swordman\at_avatar\weapon\202200232.equ
晴空之岚巨剑,equipment,0,1,0,20,20,face avatar,,creator mage,否,,DNF文件知识库\参考资料\标准格式样板\equipment\character\swordman\at_avatar\weapon\2023101435.equ
能源机甲武器装扮[女鬼剑士],equipment,0,1,0,30,30,face avatar,,creator mage,否,,DNF文件知识库\参考资料\标准格式样板\equipment\character\swordman\at_avatar\weapon\4000052.equ
太初昆仑武器[女鬼剑士],equipment,0,1,0,88,88,face avatar,,creator mage,否,,DNF文件知识库\参考资料\标准格式样板\equipment\character\swordman\at_avatar\weapon\4061059.equ
誓约之剑 : 雷沃汀,equipment,0,1,0,5,5,waist avatar,,creator mage,否,,DNF文件知识库\参考资料\标准格式样板\equipment\character\swordman\at_avatar\weapon\412600204.equ
魔剑普诺,equipment,0,1,0,5,5,waist avatar,,creator mage,否,,DNF文件知识库\参考资料\标准格式样板\equipment\character\swordman\at_avatar\weapon\412600205.equ
千花剑,equipment,0,1,0,5,5,waist avatar,,creator mage,否,,DNF文件知识库\参考资料\标准格式样板\equipment\character\swordman\at_avatar\weapon\412600206.equ
蓝色妖姬之剑,equipment,0,1,0,5,5,waist avatar,,creator mage,否,,DNF文件知识库\参考资料\标准格式样板\equipment\character\swordman\at_avatar\weapon\412600217.equ
昔日时光光束剑,equipment,0,1,0,5,5,waist avatar,,creator mage,否,,DNF文件知识库\参考资料\标准格式样板\equipment\character\swordman\at_avatar\weapon\412600218.equ
瓦尔基里 : 天裁之剑,equipment,0,1,0,20,20,face avatar,,creator mage,否,,DNF文件知识库\参考资料\标准格式样板\equipment\character\swordman\at_avatar\weapon\412600224.equ
狮身鹰首兽双刃剑,equipment,0,1,0,20,20,face avatar,,creator mage,否,,DNF文件知识库\参考资料\标准格式样板\equipment\character\swordman\at_avatar\weapon\412600226.equ
幽兰之魂 : 狮身鹰首兽双刃剑,equipment,0,1,0,20,20,face avatar,,creator mage,否,,DNF文件知识库\参考资料\标准格式样板\equipment\character\swordman\at_avatar\weapon\412600227.equ
炽红之魂 : 狮身鹰首兽双刃剑,equipment,0,1,0,20,20,face avatar,,creator mage,否,,DNF文件知识库\参考资料\标准格式样板\equipment\character\swordman\at_avatar\weapon\412600228.equ
欧格里的光明之剑,equipment,0,1,0,20,20,face avatar,,creator mage,否,,DNF文件知识库\参考资料\标准格式样板\equipment\character\swordman\at_avatar\weapon\412600229.equ
达达尼昂的双刃剑,equipment,0,1,0,20,20,face avatar,,creator mage,否,,DNF文件知识库\参考资料\标准格式样板\equipment\character\swordman\at_avatar\weapon\412600231.equ
凯德拉赫的欲望之剑,equipment,0,1,0,20,20,face avatar,,creator mage,否,,DNF文件知识库\参考资料\标准格式样板\equipment\character\swordman\at_avatar\weapon\412600232.equ
黑龙·凯德拉赫的欲望之剑,equipment,0,1,0,20,20,face avatar,,creator mage,否,,DNF文件知识库\参考资料\标准格式样板\equipment\character\swordman\at_avatar\weapon\412600233.equ
火神·艾尼克斯的燃烧巨剑,equipment,0,1,0,15,15,face avatar,,creator mage,否,,DNF文件知识库\参考资料\标准格式样板\equipment\character\swordman\at_avatar\weapon\412600234.equ
辉光骄阳骑士巨剑,equipment,0,1,0,20,20,face avatar,,creator mage,否,,DNF文件知识库\参考资料\标准格式样板\equipment\character\swordman\at_avatar\weapon\412600236.equ
静谧银月骑士巨剑,equipment,0,1,0,20,20,face avatar,,creator mage,否,,DNF文件知识库\参考资料\标准格式样板\equipment\character\swordman\at_avatar\weapon\412600237.equ
炫芒之九霄烈阳巨剑,equipment,0,1,0,20,20,face avatar,,creator mage,否,,DNF文件知识库\参考资料\标准格式样板\equipment\character\swordman\at_avatar\weapon\412600238.equ
玉轮之九霄朗月巨剑,equipment,0,1,0,20,20,face avatar,,creator mage,否,,DNF文件知识库\参考资料\标准格式样板\equipment\character\swordman\at_avatar\weapon\412600239.equ
魔幻星座武器装扮[女鬼剑士],equipment,0,1,0,0,0,face avatar,,creator mage,否,,DNF文件知识库\参考资料\标准格式样板\equipment\character\swordman\at_avatar\weapon\415554098.equ
时空幻梦之星云剑 (女鬼剑士),equipment,3,1,0,20,20,face avatar,,creator mage,否,,DNF文件知识库\参考资料\标准格式样板\equipment\character\swordman\at_avatar\weapon\8898003.equ
猫咪王国白猫咪猫爪 鬼剑士(女),equipment,0,1,0,0,0,skin avatar,,creator mage,否,,DNF文件知识库\参考资料\标准格式样板\equipment\character\swordman\at_avatar\weapon\a_weapen_catkingdom_sg.equ
极魔剑雷沃汀,equipment,4,1,0,0,0,face avatar,,creator mage,否,,DNF文件知识库\参考资料\标准格式样板\equipment\character\swordman\at_avatar\weapon\chn_2023_weapon_202311191.equ
弑神剑戴莫斯,equipment,4,1,0,0,0,face avatar,,creator mage,否,,DNF文件知识库\参考资料\标准格式样板\equipment\character\swordman\at_avatar\weapon\chn_2023_weapon_202311291.equ
露西尔的讯问之剑,equipment,0,1,0,0,0,face avatar,,creator mage,否,,DNF文件知识库\参考资料\标准格式样板\equipment\character\swordman\at_avatar\weapon\chn_412600246.equ
纳特拉的怨恨长剑,equipment,0,1,0,5,5,waist avatar,,creator mage,否,,DNF文件知识库\参考资料\标准格式样板\equipment\character\swordman\at_avatar\weapon\chn_equ_dragon_avatar_at_swordman_weapon_112600025.equ
融合之念气光剑,equipment,0,1,0,5,5,waist avatar,,creator mage,否,,DNF文件知识库\参考资料\标准格式样板\equipment\character\swordman\at_avatar\weapon\chn_equ_dragon_avatar_at_swordman_weapon_112600026.equ
被腐蚀的龙鸣短剑,equipment,0,1,0,5,5,waist avatar,,creator mage,否,,DNF文件知识库\参考资料\标准格式样板\equipment\character\swordman\at_avatar\weapon\chn_equ_dragon_avatar_at_swordman_weapon_112600028.equ
DPL普通武器装扮 - 女鬼剑,equipment,0,1,0,5,5,waist avatar,,creator mage,否,,DNF文件知识库\参考资料\标准格式样板\equipment\character\swordman\at_avatar\weapon\chn_equ_pvp_avatar_at_swordman_weapon_112600038.equ
DPL高等武器装扮 - 女鬼剑,equipment,0,1,0,5,5,waist avatar,,creator mage,否,,DNF文件知识库\参考资料\标准格式样板\equipment\character\swordman\at_avatar\weapon\chn_equ_pvp_avatar_at_swordman_weapon_112600039.equ
DPL特等武器装扮 - 女鬼剑,equipment,0,1,0,5,5,waist avatar,,creator mage,否,,DNF文件知识库\参考资料\标准格式样板\equipment\character\swordman\at_avatar\weapon\chn_equ_pvp_avatar_at_swordman_weapon_112600040.equ
复古长剑,equipment,0,1,0,5,5,waist avatar,,creator mage,否,,DNF文件知识库\参考资料\标准格式样板\equipment\character\swordman\at_avatar\weapon\chn_equ_special_avatar_at_swordman_weapon_112600009.equ
黄金极光女神长剑,equipment,0,1,0,5,5,waist avatar,,creator mage,否,,DNF文件知识库\参考资料\标准格式样板\equipment\character\swordman\at_avatar\weapon\chn_equ_special_avatar_at_swordman_weapon_112600010.equ
白银雷霆女王长剑,equipment,0,1,0,5,5,waist avatar,,creator mage,否,,DNF文件知识库\参考资料\标准格式样板\equipment\character\swordman\at_avatar\weapon\chn_equ_special_avatar_at_swordman_weapon_112600011.equ
赤炎鬼梦舞姬长剑,equipment,0,1,0,5,5,waist avatar,,creator mage,否,,DNF文件知识库\参考资料\标准格式样板\equipment\character\swordman\at_avatar\weapon\chn_equ_special_avatar_at_swordman_weapon_112600012.equ
邪恶魔女短剑,equipment,0,1,0,5,5,waist avatar,,creator mage,否,,DNF文件知识库\参考资料\标准格式样板\equipment\character\swordman\at_avatar\weapon\chn_equ_special_avatar_at_swordman_weapon_112600020.equ
细剑 · 闪烁之光,equipment,0,1,0,5,5,waist avatar,,creator mage,否,,DNF文件知识库\参考资料\标准格式样板\equipment\character\swordman\at_avatar\weapon\chn_equ_special_avatar_at_swordman_weapon_112600021.equ
复古魔剑阿波菲斯,equipment,0,1,0,5,5,waist avatar,,creator mage,否,,DNF文件知识库\参考资料\标准格式样板\equipment\character\swordman\at_avatar\weapon\chn_equ_special_avatar_at_swordman_weapon_112600022.equ
智慧女神的黄金巨剑,equipment,0,1,0,5,5,waist avatar,,creator mage,否,,DNF文件知识库\参考资料\标准格式样板\equipment\character\swordman\at_avatar\weapon\chn_equ_special_avatar_at_swordman_weapon_112600024.equ
爱心玫瑰之剑,equipment,0,1,0,5,5,waist avatar,,creator mage,否,,DNF文件知识库\参考资料\标准格式样板\equipment\character\swordman\at_avatar\weapon\chn_equ_special_avatar_at_swordman_weapon_112600032.equ
海军指挥的佩剑,equipment,0,1,0,5,5,waist avatar,,creator mage,否,,DNF文件知识库\参考资料\标准格式样板\equipment\character\swordman\at_avatar\weapon\chn_equ_special_avatar_at_swordman_weapon_112600041.equ
兽人英雄金狮巨剑,equipment,0,1,0,5,5,waist avatar,,creator mage,否,,DNF文件知识库\参考资料\标准格式样板\equipment\character\swordman\at_avatar\weapon\chn_equ_special_avatar_at_swordman_weapon_112600043.equ
黄金战甲的荣耀巨剑,equipment,0,1,0,5,5,waist avatar,,creator mage,否,,DNF文件知识库\参考资料\标准格式样板\equipment\character\swordman\at_avatar\weapon\chn_equ_special_avatar_at_swordman_weapon_112600045.equ
世界树诸神之时空剑,equipment,0,1,0,5,5,waist avatar,,creator mage,否,,DNF文件知识库\参考资料\标准格式样板\equipment\character\swordman\at_avatar\weapon\chn_equ_special_avatar_at_swordman_weapon_112600050.equ
美味炖肉武器装扮 (女鬼剑),equipment,0,1,0,5,5,waist avatar,,creator mage,否,,DNF文件知识库\参考资料\标准格式样板\equipment\character\swordman\at_avatar\weapon\chn_equ_special_avatar_at_swordman_weapon_112600052.equ
美味竹子太刀 [女鬼剑],equipment,0,1,0,5,5,waist avatar,,creator mage,否,,DNF文件知识库\参考资料\标准格式样板\equipment\character\swordman\at_avatar\weapon\chn_equ_special_avatar_at_swordman_weapon_412600201.equ
,equipment,0,0,0,0,0,,,,是,,DNF文件知识库\参考资料\收集的nut项目\拔刀斩\equipment\character\partset\3choroset2.equ
龙鳞碎片,stackable,3,30,100000,0,0,,,,否,"<基础强化> | 	可用于制作史诗级武器和防具 | 	提供火属性抗性 +20 | 	制作成功率 +10% | 	 | 	<特殊效果> | 	制作装备时有15%几率附加""龙之庇护"" | 	- 火属性伤害减免 25% | 	- 龙族怪物伤害减免 30% | 	- 持续时间：永久 | 	 | 	<被动能力> | 	背包中每有10个龙鳞碎片，火属性强化 +1 | 	与其他龙族材料合成时，成功率 +20% | 	可用于强化龙族系列装备 | 	 | 	<制作配方> | 	龙鳞战甲：龙鳞碎片 x50 + 精钢锭 x20 + 火焰精华 x10 | 	龙息法杖：龙鳞碎片 x30 + 魔法水晶 x15 + 龙之心 x1 | 	龙鳞护符：龙鳞碎片 x20 + 秘银丝 x10 + 龙血 x5 | 	 | 	<特殊属性> | 	对龙族怪物制作的装备效果翻倍 | 	可用于附魔火属性强化",装备测试文件夹\dragon_scale_fragment.stk
神圣强化石,stackable,2,1,50000,0,0,,,,否,"<基础强化> | 	装备强化成功率 +15% | 	强化失败时装备不会损坏 | 	强化成功时额外获得 +2 强化等级 | 	 | 	<特殊效果> | 	使用时有10%几率触发""神圣祝福"" | 	- 下次强化必定成功 | 	- 强化等级额外 +1 | 	- 持续时间：30分钟 | 	 | 	<被动能力> | 	背包中存在时，所有强化操作成功率 +5% | 	每次强化成功后，有3%几率不消耗此材料 | 	 | 	<特殊属性> | 	对史诗级以上装备强化效果翻倍 | 	可用于强化 +15 以上的装备",装备测试文件夹\holy_enhance_stone.stk
高级魔力药剂,stackable,1,20,5000,0,0,,,,否,"<基础强化> | 	瞬间恢复 50% MP | 	在30秒内持续恢复MP（每秒恢复 2% 最大MP） | 	使用后无冷却时间 | 	 | 	<特殊效果> | 	使用时有25%几率触发""魔力涌动"" | 	- 魔法攻击力 +30% | 	- 施法速度 +25% | 	- MP消耗减少 20% | 	- 持续时间：60秒 | 	 | 	<被动能力> | 	背包中每有10瓶药剂，最大MP +5% | 	与其他药剂叠加使用时，效果增强 20% | 	死亡时自动使用（如果背包中有） | 	 | 	<炼金配方> | 	可用于制作更高级的药剂： | 	- 大师级魔力药剂：高级魔力药剂 x3 + 魔法精华 x5 | 	- 永恒魔力药剂：高级魔力药剂 x10 + 永恒之水 x1 | 	- 魔力爆发药剂：高级魔力药剂 x5 + 爆裂粉末 x3 | 	 | 	<特殊属性> | 	对法师职业效果翻倍 | 	可用于激活某些魔法装备的隐藏属性 | 	在魔法阵中使用时，效果持续时间翻倍",装备测试文件夹\mana_potion.stk
时空结晶,stackable,4,60,1000000,0,0,,,,否,"<基础强化> | 	可用于制作传说级时空系装备 | 	提供时空抗性 +50 | 	所有属性强化 +5 | 	 | 	<特殊效果> | 	使用时有20%几率触发""时空扭曲"" | 	- 技能冷却时间减少 50% | 	- 移动速度 +100% | 	- 攻击速度 +50% | 	- 持续时间：10秒 | 	 | 	<被动能力> | 	背包中存在时，每5分钟自动恢复 10% HP/MP | 	死亡时有30%几率原地复活（每天限1次） | 	进入副本时，队伍获得""时空加速""状态 30秒 | 	 | 	<时空魔法> | 	可用于学习时空系技能 | 	- 时间停止：冻结所有敌人 3秒 | 	- 空间跳跃：瞬移到指定位置 | 	- 时光倒流：恢复到 5秒前的状态 | 	- 未来预知：显示敌人下次攻击轨迹 | 	 | 	<传说制作> | 	时空法杖：时空结晶 x1 + 永恒之石 x10 + 虚空精华 x20 | 	时空护甲：时空结晶 x2 + 星辰碎片 x50 + 时间沙砾 x100 | 	时空戒指：时空结晶 x1 + 命运之线 x5 + 因果之珠 x3 | 	 | 	<特殊属性> | 	对时空系怪物伤害 +200% | 	免疫时间停止、减速等时空类负面效果 | 	可穿越时空裂缝进入隐藏区域",装备测试文件夹\spacetime_crystal.stk
特级生命秘药,stackable,2,60,0,0,0,,,all,否,,DNF文件知识库\格式规范工具\test_nostrum_greatvital.stk
渴望之魔石,stackable,3,1,0,0,0,,,,否,,DNF文件知识库\参考资料\标准格式样板\PVF文件样板\消耗品文件样板\材料_渴望之魔石.stk
食人魔的灵魂,stackable,2,1,0,0,0,,,,否,,DNF文件知识库\参考资料\标准格式样板\PVF文件样板\消耗品文件样板\材料_食人魔的灵魂.stk
特级生命秘药,stackable,2,50,0,0,0,,,,否,,DNF文件知识库\参考资料\标准格式样板\PVF文件样板\消耗品文件样板\药剂_特级生命秘药.stk
